[2026-09-12 10:53:37] local.ERROR: The C:\Users\Admin\thalaivaa_api\bootstrap\cache directory must be present and writable. {"exception":"[object] (Exception(code: 0): The C:\\Users\\Admin\\thalaivaa_api\\bootstrap\\cache directory must be present and writable. at C:/Users/Admin/thalaivaa_api/vendor/laravel/framework/src/Illuminate/Foundation/PackageManifest.php:179)
[stacktrace]
#0 C:/Users/Admin/thalaivaa_api/vendor/laravel/framework/src/Illuminate/Foundation/PackageManifest.php(132): Illuminate/Foundation/PackageManifest->write()
#1 C:/Users/Admin/thalaivaa_api/vendor/laravel/framework/src/Illuminate/Foundation/PackageManifest.php(108): Illuminate/Foundation/PackageManifest->build()
#2 C:/Users/Admin/thalaivaa_api/vendor/laravel/framework/src/Illuminate/Foundation/PackageManifest.php(91): Illuminate/Foundation/PackageManifest->getManifest()
#3 C:/Users/Admin/thalaivaa_api/vendor/laravel/framework/src/Illuminate/Foundation/PackageManifest.php(80): Illuminate/Foundation/PackageManifest->config()
#4 C:/Users/Admin/thalaivaa_api/vendor/laravel/framework/src/Illuminate/Foundation/Bootstrap/RegisterFacades.php(26): Illuminate/Foundation/PackageManifest->aliases()
#5 C:/Users/Admin/thalaivaa_api/vendor/laravel/framework/src/Illuminate/Foundation/Application.php(342): Illuminate/Foundation/Bootstrap/RegisterFacades->bootstrap()
#6 C:/Users/Admin/thalaivaa_api/vendor/laravel/framework/src/Illuminate/Foundation/Console/Kernel.php(474): Illuminate/Foundation/Application->bootstrapWith()
#7 C:/Users/Admin/thalaivaa_api/vendor/laravel/framework/src/Illuminate/Foundation/Console/Kernel.php(196): Illuminate/Foundation/Console/Kernel->bootstrap()
#8 C:/Users/Admin/thalaivaa_api/vendor/laravel/framework/src/Illuminate/Foundation/Application.php(1235): Illuminate/Foundation/Console/Kernel->handle()
#9 C:/Users/Admin/thalaivaa_api/artisan(18): Illuminate/Foundation/Application->handleCommand()
#10 {main}
"} 
[2026-09-12 10:53:44] local.ERROR: Class "App\Filament\Resources\AdminResource\Pages\ListAdmins" not found {"exception":"[object] (Error(code: 0): Class \"App\\Filament\\Resources\\AdminResource\\Pages\\ListAdmins\" not found at C:/Users/Admin/thalaivaa_api/app/Filament/Resources/AdminResource.php:42)
[stacktrace]
#0 C:/Users/Admin/thalaivaa_api/vendor/filament/filament/src/Panel/Concerns/HasComponents.php(525): App/Filament/Resources/AdminResource::getPages()
#1 C:/Users/Admin/thalaivaa_api/vendor/filament/filament/src/Panel.php(69): Filament/Panel->registerLivewireComponents()
#2 C:/Users/Admin/thalaivaa_api/vendor/filament/filament/src/PanelRegistry.php(19): Filament/Panel->register()
#3 C:/Users/Admin/thalaivaa_api/vendor/filament/filament/src/Facades/Filament.php(140): Filament/PanelRegistry->register()
#4 C:/Users/Admin/thalaivaa_api/vendor/laravel/framework/src/Illuminate/Container/Container.php(1432): Filament/Facades/Filament::{closure:Filament/Facades/Filament::registerPanel():140}()
#5 C:/Users/Admin/thalaivaa_api/vendor/laravel/framework/src/Illuminate/Container/Container.php(1350): Illuminate/Container/Container->fireCallbackArray()
#6 C:/Users/Admin/thalaivaa_api/vendor/laravel/framework/src/Illuminate/Container/Container.php(850): Illuminate/Container/Container->fireResolvingCallbacks()
#7 C:/Users/Admin/thalaivaa_api/vendor/laravel/framework/src/Illuminate/Foundation/Application.php(1078): Illuminate/Container/Container->resolve()
#8 C:/Users/Admin/thalaivaa_api/vendor/laravel/framework/src/Illuminate/Container/Container.php(763): Illuminate/Foundation/Application->resolve()
#9 C:/Users/Admin/thalaivaa_api/vendor/laravel/framework/src/Illuminate/Foundation/Application.php(1058): Illuminate/Container/Container->make()
#10 C:/Users/Admin/thalaivaa_api/vendor/laravel/framework/src/Illuminate/Foundation/helpers.php(124): Illuminate/Foundation/Application->make()
#11 C:/Users/Admin/thalaivaa_api/vendor/filament/filament/src/FilamentManager.php(51): app()
#12 C:/Users/Admin/thalaivaa_api/vendor/filament/filament/src/FilamentServiceProvider.php(48): Filament/FilamentManager->__construct()
#13 C:/Users/Admin/thalaivaa_api/vendor/laravel/framework/src/Illuminate/Container/Container.php(952): Filament/FilamentServiceProvider->{closure:Filament/FilamentServiceProvider::packageRegistered():47}()
#14 C:/Users/Admin/thalaivaa_api/vendor/laravel/framework/src/Illuminate/Container/Container.php(832): Illuminate/Container/Container->build()
#15 C:/Users/Admin/thalaivaa_api/vendor/laravel/framework/src/Illuminate/Foundation/Application.php(1078): Illuminate/Container/Container->resolve()
#16 C:/Users/Admin/thalaivaa_api/vendor/laravel/framework/src/Illuminate/Container/Container.php(763): Illuminate/Foundation/Application->resolve()
#17 C:/Users/Admin/thalaivaa_api/vendor/laravel/framework/src/Illuminate/Foundation/Application.php(1058): Illuminate/Container/Container->make()
#18 C:/Users/Admin/thalaivaa_api/vendor/laravel/framework/src/Illuminate/Container/Container.php(1580): Illuminate/Foundation/Application->make()
#19 C:/Users/Admin/thalaivaa_api/vendor/laravel/framework/src/Illuminate/Support/Facades/Facade.php(239): Illuminate/Container/Container->offsetGet()
#20 C:/Users/Admin/thalaivaa_api/vendor/laravel/framework/src/Illuminate/Support/Facades/Facade.php(210): Illuminate/Support/Facades/Facade::resolveFacadeInstance()
#21 C:/Users/Admin/thalaivaa_api/vendor/laravel/framework/src/Illuminate/Support/Facades/Facade.php(355): Illuminate/Support/Facades/Facade::getFacadeRoot()
#22 C:/Users/Admin/thalaivaa_api/vendor/filament/filament/routes/web.php(15): Illuminate/Support/Facades/Facade::__callStatic()
#23 C:/Users/Admin/thalaivaa_api/vendor/laravel/framework/src/Illuminate/Routing/Router.php(511): Illuminate/Support/ServiceProvider->{closure:C:/Users/Admin/thalaivaa_api/vendor/filament/filament/routes/web.php:14}()
#24 C:/Users/Admin/thalaivaa_api/vendor/laravel/framework/src/Illuminate/Routing/Router.php(467): Illuminate/Routing/Router->loadRoutes()
#25 C:/Users/Admin/thalaivaa_api/vendor/laravel/framework/src/Illuminate/Routing/RouteRegistrar.php(207): Illuminate/Routing/Router->group()
#26 C:/Users/Admin/thalaivaa_api/vendor/filament/filament/routes/web.php(14): Illuminate/Routing/RouteRegistrar->group()
#27 C:/Users/Admin/thalaivaa_api/vendor/laravel/framework/src/Illuminate/Support/ServiceProvider.php(195): require('...')
#28 C:/Users/Admin/thalaivaa_api/vendor/spatie/laravel-package-tools/src/Concerns/PackageServiceProvider/ProcessRoutes.php(14): Illuminate/Support/ServiceProvider->loadRoutesFrom()
#29 C:/Users/Admin/thalaivaa_api/vendor/spatie/laravel-package-tools/src/PackageServiceProvider.php(85): Spatie/LaravelPackageTools/PackageServiceProvider->bootPackageRoutes()
#30 C:/Users/Admin/thalaivaa_api/vendor/laravel/framework/src/Illuminate/Container/BoundMethod.php(36): Spatie/LaravelPackageTools/PackageServiceProvider->boot()
#31 C:/Users/Admin/thalaivaa_api/vendor/laravel/framework/src/Illuminate/Container/Util.php(43): Illuminate/Container/BoundMethod::{closure:Illuminate/Container/BoundMethod::call():35}()
#32 C:/Users/Admin/thalaivaa_api/vendor/laravel/framework/src/Illuminate/Container/BoundMethod.php(95): Illuminate/Container/Util::unwrapIfClosure()
#33 C:/Users/Admin/thalaivaa_api/vendor/laravel/framework/src/Illuminate/Container/BoundMethod.php(35): Illuminate/Container/BoundMethod::callBoundMethod()
#34 C:/Users/Admin/thalaivaa_api/vendor/laravel/framework/src/Illuminate/Container/Container.php(696): Illuminate/Container/BoundMethod::call()
#35 C:/Users/Admin/thalaivaa_api/vendor/laravel/framework/src/Illuminate/Foundation/Application.php(1151): Illuminate/Container/Container->call()
#36 C:/Users/Admin/thalaivaa_api/vendor/laravel/framework/src/Illuminate/Foundation/Application.php(1132): Illuminate/Foundation/Application->bootProvider()
#37 [internal function]: Illuminate/Foundation/Application->{closure:Illuminate/Foundation/Application::boot():1131}()
#38 C:/Users/Admin/thalaivaa_api/vendor/laravel/framework/src/Illuminate/Foundation/Application.php(1131): array_walk()
#39 C:/Users/Admin/thalaivaa_api/vendor/laravel/framework/src/Illuminate/Foundation/Bootstrap/BootProviders.php(17): Illuminate/Foundation/Application->boot()
#40 C:/Users/Admin/thalaivaa_api/vendor/laravel/framework/src/Illuminate/Foundation/Application.php(342): Illuminate/Foundation/Bootstrap/BootProviders->bootstrap()
#41 C:/Users/Admin/thalaivaa_api/vendor/laravel/framework/src/Illuminate/Foundation/Console/Kernel.php(474): Illuminate/Foundation/Application->bootstrapWith()
#42 C:/Users/Admin/thalaivaa_api/vendor/laravel/framework/src/Illuminate/Foundation/Console/Kernel.php(196): Illuminate/Foundation/Console/Kernel->bootstrap()
#43 C:/Users/Admin/thalaivaa_api/vendor/laravel/framework/src/Illuminate/Foundation/Application.php(1235): Illuminate/Foundation/Console/Kernel->handle()
#44 C:/Users/Admin/thalaivaa_api/artisan(18): Illuminate/Foundation/Application->handleCommand()
#45 {main}
"} 
[2026-09-12 10:53:45] local.ERROR: Class "App\Filament\Resources\AdminResource\Pages\ListAdmins" not found {"exception":"[object] (Error(code: 0): Class \"App\\Filament\\Resources\\AdminResource\\Pages\\ListAdmins\" not found at C:/Users/Admin/thalaivaa_api/app/Filament/Resources/AdminResource.php:42)
[stacktrace]
#0 C:/Users/Admin/thalaivaa_api/vendor/filament/filament/src/Panel/Concerns/HasComponents.php(525): App/Filament/Resources/AdminResource::getPages()
#1 C:/Users/Admin/thalaivaa_api/vendor/filament/filament/src/Panel.php(69): Filament/Panel->registerLivewireComponents()
#2 C:/Users/Admin/thalaivaa_api/vendor/filament/filament/src/PanelRegistry.php(19): Filament/Panel->register()
#3 C:/Users/Admin/thalaivaa_api/vendor/filament/filament/src/Facades/Filament.php(140): Filament/PanelRegistry->register()
#4 C:/Users/Admin/thalaivaa_api/vendor/laravel/framework/src/Illuminate/Container/Container.php(1432): Filament/Facades/Filament::{closure:Filament/Facades/Filament::registerPanel():140}()
#5 C:/Users/Admin/thalaivaa_api/vendor/laravel/framework/src/Illuminate/Container/Container.php(1350): Illuminate/Container/Container->fireCallbackArray()
#6 C:/Users/Admin/thalaivaa_api/vendor/laravel/framework/src/Illuminate/Container/Container.php(850): Illuminate/Container/Container->fireResolvingCallbacks()
#7 C:/Users/Admin/thalaivaa_api/vendor/laravel/framework/src/Illuminate/Foundation/Application.php(1078): Illuminate/Container/Container->resolve()
#8 C:/Users/Admin/thalaivaa_api/vendor/laravel/framework/src/Illuminate/Container/Container.php(763): Illuminate/Foundation/Application->resolve()
#9 C:/Users/Admin/thalaivaa_api/vendor/laravel/framework/src/Illuminate/Foundation/Application.php(1058): Illuminate/Container/Container->make()
#10 C:/Users/Admin/thalaivaa_api/vendor/laravel/framework/src/Illuminate/Foundation/helpers.php(124): Illuminate/Foundation/Application->make()
#11 C:/Users/Admin/thalaivaa_api/vendor/filament/filament/src/FilamentManager.php(51): app()
#12 C:/Users/Admin/thalaivaa_api/vendor/filament/filament/src/FilamentServiceProvider.php(48): Filament/FilamentManager->__construct()
#13 C:/Users/Admin/thalaivaa_api/vendor/laravel/framework/src/Illuminate/Container/Container.php(952): Filament/FilamentServiceProvider->{closure:Filament/FilamentServiceProvider::packageRegistered():47}()
#14 C:/Users/Admin/thalaivaa_api/vendor/laravel/framework/src/Illuminate/Container/Container.php(832): Illuminate/Container/Container->build()
#15 C:/Users/Admin/thalaivaa_api/vendor/laravel/framework/src/Illuminate/Foundation/Application.php(1078): Illuminate/Container/Container->resolve()
#16 C:/Users/Admin/thalaivaa_api/vendor/laravel/framework/src/Illuminate/Container/Container.php(763): Illuminate/Foundation/Application->resolve()
#17 C:/Users/Admin/thalaivaa_api/vendor/laravel/framework/src/Illuminate/Foundation/Application.php(1058): Illuminate/Container/Container->make()
#18 C:/Users/Admin/thalaivaa_api/vendor/laravel/framework/src/Illuminate/Container/Container.php(1580): Illuminate/Foundation/Application->make()
#19 C:/Users/Admin/thalaivaa_api/vendor/laravel/framework/src/Illuminate/Support/Facades/Facade.php(239): Illuminate/Container/Container->offsetGet()
#20 C:/Users/Admin/thalaivaa_api/vendor/laravel/framework/src/Illuminate/Support/Facades/Facade.php(210): Illuminate/Support/Facades/Facade::resolveFacadeInstance()
#21 C:/Users/Admin/thalaivaa_api/vendor/laravel/framework/src/Illuminate/Support/Facades/Facade.php(355): Illuminate/Support/Facades/Facade::getFacadeRoot()
#22 C:/Users/Admin/thalaivaa_api/vendor/filament/filament/routes/web.php(15): Illuminate/Support/Facades/Facade::__callStatic()
#23 C:/Users/Admin/thalaivaa_api/vendor/laravel/framework/src/Illuminate/Routing/Router.php(511): Illuminate/Support/ServiceProvider->{closure:C:/Users/Admin/thalaivaa_api/vendor/filament/filament/routes/web.php:14}()
#24 C:/Users/Admin/thalaivaa_api/vendor/laravel/framework/src/Illuminate/Routing/Router.php(467): Illuminate/Routing/Router->loadRoutes()
#25 C:/Users/Admin/thalaivaa_api/vendor/laravel/framework/src/Illuminate/Routing/RouteRegistrar.php(207): Illuminate/Routing/Router->group()
#26 C:/Users/Admin/thalaivaa_api/vendor/filament/filament/routes/web.php(14): Illuminate/Routing/RouteRegistrar->group()
#27 C:/Users/Admin/thalaivaa_api/vendor/laravel/framework/src/Illuminate/Support/ServiceProvider.php(195): require('...')
#28 C:/Users/Admin/thalaivaa_api/vendor/spatie/laravel-package-tools/src/Concerns/PackageServiceProvider/ProcessRoutes.php(14): Illuminate/Support/ServiceProvider->loadRoutesFrom()
#29 C:/Users/Admin/thalaivaa_api/vendor/spatie/laravel-package-tools/src/PackageServiceProvider.php(85): Spatie/LaravelPackageTools/PackageServiceProvider->bootPackageRoutes()
#30 C:/Users/Admin/thalaivaa_api/vendor/laravel/framework/src/Illuminate/Container/BoundMethod.php(36): Spatie/LaravelPackageTools/PackageServiceProvider->boot()
#31 C:/Users/Admin/thalaivaa_api/vendor/laravel/framework/src/Illuminate/Container/Util.php(43): Illuminate/Container/BoundMethod::{closure:Illuminate/Container/BoundMethod::call():35}()
#32 C:/Users/Admin/thalaivaa_api/vendor/laravel/framework/src/Illuminate/Container/BoundMethod.php(95): Illuminate/Container/Util::unwrapIfClosure()
#33 C:/Users/Admin/thalaivaa_api/vendor/laravel/framework/src/Illuminate/Container/BoundMethod.php(35): Illuminate/Container/BoundMethod::callBoundMethod()
#34 C:/Users/Admin/thalaivaa_api/vendor/laravel/framework/src/Illuminate/Container/Container.php(696): Illuminate/Container/BoundMethod::call()
#35 C:/Users/Admin/thalaivaa_api/vendor/laravel/framework/src/Illuminate/Foundation/Application.php(1151): Illuminate/Container/Container->call()
#36 C:/Users/Admin/thalaivaa_api/vendor/laravel/framework/src/Illuminate/Foundation/Application.php(1132): Illuminate/Foundation/Application->bootProvider()
#37 [internal function]: Illuminate/Foundation/Application->{closure:Illuminate/Foundation/Application::boot():1131}()
#38 C:/Users/Admin/thalaivaa_api/vendor/laravel/framework/src/Illuminate/Foundation/Application.php(1131): array_walk()
#39 C:/Users/Admin/thalaivaa_api/vendor/laravel/framework/src/Illuminate/Foundation/Bootstrap/BootProviders.php(17): Illuminate/Foundation/Application->boot()
#40 C:/Users/Admin/thalaivaa_api/vendor/laravel/framework/src/Illuminate/Foundation/Application.php(342): Illuminate/Foundation/Bootstrap/BootProviders->bootstrap()
#41 C:/Users/Admin/thalaivaa_api/vendor/laravel/framework/src/Illuminate/Foundation/Console/Kernel.php(474): Illuminate/Foundation/Application->bootstrapWith()
#42 C:/Users/Admin/thalaivaa_api/vendor/laravel/framework/src/Illuminate/Foundation/Console/Kernel.php(196): Illuminate/Foundation/Console/Kernel->bootstrap()
#43 C:/Users/Admin/thalaivaa_api/vendor/laravel/framework/src/Illuminate/Foundation/Application.php(1235): Illuminate/Foundation/Console/Kernel->handle()
#44 C:/Users/Admin/thalaivaa_api/artisan(18): Illuminate/Foundation/Application->handleCommand()
#45 {main}
"} 
[2026-09-12 10:54:07] local.ERROR: Unable to find component: [App\Filament\Resources\OrderItemRelation] {"exception":"[object] (Livewire\\Exceptions\\ComponentNotFoundException(code: 0): Unable to find component: [App\\Filament\\Resources\\OrderItemRelation] at C:/Users/Admin/thalaivaa_api/vendor/livewire/livewire/src/Mechanisms/ComponentRegistry.php:116)
[stacktrace]
#0 C:/Users/Admin/thalaivaa_api/vendor/livewire/livewire/src/Mechanisms/ComponentRegistry.php(67): Livewire/Mechanisms/ComponentRegistry->getNameAndClass()
#1 C:/Users/Admin/thalaivaa_api/vendor/filament/filament/src/Panel/Concerns/HasComponents.php(586): Livewire/Mechanisms/ComponentRegistry->getName()
#2 C:/Users/Admin/thalaivaa_api/vendor/filament/filament/src/Panel/Concerns/HasComponents.php(538): Filament/Panel->queueLivewireComponentForRegistration()
#3 C:/Users/Admin/thalaivaa_api/vendor/filament/filament/src/Panel.php(69): Filament/Panel->registerLivewireComponents()
#4 C:/Users/Admin/thalaivaa_api/vendor/filament/filament/src/PanelRegistry.php(19): Filament/Panel->register()
#5 C:/Users/Admin/thalaivaa_api/vendor/filament/filament/src/Facades/Filament.php(140): Filament/PanelRegistry->register()
#6 C:/Users/Admin/thalaivaa_api/vendor/laravel/framework/src/Illuminate/Container/Container.php(1432): Filament/Facades/Filament::{closure:Filament/Facades/Filament::registerPanel():140}()
#7 C:/Users/Admin/thalaivaa_api/vendor/laravel/framework/src/Illuminate/Container/Container.php(1350): Illuminate/Container/Container->fireCallbackArray()
#8 C:/Users/Admin/thalaivaa_api/vendor/laravel/framework/src/Illuminate/Container/Container.php(850): Illuminate/Container/Container->fireResolvingCallbacks()
#9 C:/Users/Admin/thalaivaa_api/vendor/laravel/framework/src/Illuminate/Foundation/Application.php(1078): Illuminate/Container/Container->resolve()
#10 C:/Users/Admin/thalaivaa_api/vendor/laravel/framework/src/Illuminate/Container/Container.php(763): Illuminate/Foundation/Application->resolve()
#11 C:/Users/Admin/thalaivaa_api/vendor/laravel/framework/src/Illuminate/Foundation/Application.php(1058): Illuminate/Container/Container->make()
#12 C:/Users/Admin/thalaivaa_api/vendor/laravel/framework/src/Illuminate/Foundation/helpers.php(124): Illuminate/Foundation/Application->make()
#13 C:/Users/Admin/thalaivaa_api/vendor/filament/filament/src/FilamentManager.php(51): app()
#14 C:/Users/Admin/thalaivaa_api/vendor/filament/filament/src/FilamentServiceProvider.php(48): Filament/FilamentManager->__construct()
#15 C:/Users/Admin/thalaivaa_api/vendor/laravel/framework/src/Illuminate/Container/Container.php(952): Filament/FilamentServiceProvider->{closure:Filament/FilamentServiceProvider::packageRegistered():47}()
#16 C:/Users/Admin/thalaivaa_api/vendor/laravel/framework/src/Illuminate/Container/Container.php(832): Illuminate/Container/Container->build()
#17 C:/Users/Admin/thalaivaa_api/vendor/laravel/framework/src/Illuminate/Foundation/Application.php(1078): Illuminate/Container/Container->resolve()
#18 C:/Users/Admin/thalaivaa_api/vendor/laravel/framework/src/Illuminate/Container/Container.php(763): Illuminate/Foundation/Application->resolve()
#19 C:/Users/Admin/thalaivaa_api/vendor/laravel/framework/src/Illuminate/Foundation/Application.php(1058): Illuminate/Container/Container->make()
#20 C:/Users/Admin/thalaivaa_api/vendor/laravel/framework/src/Illuminate/Container/Container.php(1580): Illuminate/Foundation/Application->make()
#21 C:/Users/Admin/thalaivaa_api/vendor/laravel/framework/src/Illuminate/Support/Facades/Facade.php(239): Illuminate/Container/Container->offsetGet()
#22 C:/Users/Admin/thalaivaa_api/vendor/laravel/framework/src/Illuminate/Support/Facades/Facade.php(210): Illuminate/Support/Facades/Facade::resolveFacadeInstance()
#23 C:/Users/Admin/thalaivaa_api/vendor/laravel/framework/src/Illuminate/Support/Facades/Facade.php(355): Illuminate/Support/Facades/Facade::getFacadeRoot()
#24 C:/Users/Admin/thalaivaa_api/vendor/filament/filament/routes/web.php(15): Illuminate/Support/Facades/Facade::__callStatic()
#25 C:/Users/Admin/thalaivaa_api/vendor/laravel/framework/src/Illuminate/Routing/Router.php(511): Illuminate/Support/ServiceProvider->{closure:C:/Users/Admin/thalaivaa_api/vendor/filament/filament/routes/web.php:14}()
#26 C:/Users/Admin/thalaivaa_api/vendor/laravel/framework/src/Illuminate/Routing/Router.php(467): Illuminate/Routing/Router->loadRoutes()
#27 C:/Users/Admin/thalaivaa_api/vendor/laravel/framework/src/Illuminate/Routing/RouteRegistrar.php(207): Illuminate/Routing/Router->group()
#28 C:/Users/Admin/thalaivaa_api/vendor/filament/filament/routes/web.php(14): Illuminate/Routing/RouteRegistrar->group()
#29 C:/Users/Admin/thalaivaa_api/vendor/laravel/framework/src/Illuminate/Support/ServiceProvider.php(195): require('...')
#30 C:/Users/Admin/thalaivaa_api/vendor/spatie/laravel-package-tools/src/Concerns/PackageServiceProvider/ProcessRoutes.php(14): Illuminate/Support/ServiceProvider->loadRoutesFrom()
#31 C:/Users/Admin/thalaivaa_api/vendor/spatie/laravel-package-tools/src/PackageServiceProvider.php(85): Spatie/LaravelPackageTools/PackageServiceProvider->bootPackageRoutes()
#32 C:/Users/Admin/thalaivaa_api/vendor/laravel/framework/src/Illuminate/Container/BoundMethod.php(36): Spatie/LaravelPackageTools/PackageServiceProvider->boot()
#33 C:/Users/Admin/thalaivaa_api/vendor/laravel/framework/src/Illuminate/Container/Util.php(43): Illuminate/Container/BoundMethod::{closure:Illuminate/Container/BoundMethod::call():35}()
#34 C:/Users/Admin/thalaivaa_api/vendor/laravel/framework/src/Illuminate/Container/BoundMethod.php(95): Illuminate/Container/Util::unwrapIfClosure()
#35 C:/Users/Admin/thalaivaa_api/vendor/laravel/framework/src/Illuminate/Container/BoundMethod.php(35): Illuminate/Container/BoundMethod::callBoundMethod()
#36 C:/Users/Admin/thalaivaa_api/vendor/laravel/framework/src/Illuminate/Container/Container.php(696): Illuminate/Container/BoundMethod::call()
#37 C:/Users/Admin/thalaivaa_api/vendor/laravel/framework/src/Illuminate/Foundation/Application.php(1151): Illuminate/Container/Container->call()
#38 C:/Users/Admin/thalaivaa_api/vendor/laravel/framework/src/Illuminate/Foundation/Application.php(1132): Illuminate/Foundation/Application->bootProvider()
#39 [internal function]: Illuminate/Foundation/Application->{closure:Illuminate/Foundation/Application::boot():1131}()
#40 C:/Users/Admin/thalaivaa_api/vendor/laravel/framework/src/Illuminate/Foundation/Application.php(1131): array_walk()
#41 C:/Users/Admin/thalaivaa_api/vendor/laravel/framework/src/Illuminate/Foundation/Bootstrap/BootProviders.php(17): Illuminate/Foundation/Application->boot()
#42 C:/Users/Admin/thalaivaa_api/vendor/laravel/framework/src/Illuminate/Foundation/Application.php(342): Illuminate/Foundation/Bootstrap/BootProviders->bootstrap()
#43 C:/Users/Admin/thalaivaa_api/vendor/laravel/framework/src/Illuminate/Foundation/Console/Kernel.php(474): Illuminate/Foundation/Application->bootstrapWith()
#44 C:/Users/Admin/thalaivaa_api/vendor/laravel/framework/src/Illuminate/Foundation/Console/Kernel.php(196): Illuminate/Foundation/Console/Kernel->bootstrap()
#45 C:/Users/Admin/thalaivaa_api/vendor/laravel/framework/src/Illuminate/Foundation/Application.php(1235): Illuminate/Foundation/Console/Kernel->handle()
#46 C:/Users/Admin/thalaivaa_api/artisan(18): Illuminate/Foundation/Application->handleCommand()
#47 {main}
"} 
[2026-09-12 10:54:08] local.ERROR: Unable to find component: [App\Filament\Resources\OrderItemRelation] {"exception":"[object] (Livewire\\Exceptions\\ComponentNotFoundException(code: 0): Unable to find component: [App\\Filament\\Resources\\OrderItemRelation] at C:/Users/Admin/thalaivaa_api/vendor/livewire/livewire/src/Mechanisms/ComponentRegistry.php:116)
[stacktrace]
#0 C:/Users/Admin/thalaivaa_api/vendor/livewire/livewire/src/Mechanisms/ComponentRegistry.php(67): Livewire/Mechanisms/ComponentRegistry->getNameAndClass()
#1 C:/Users/Admin/thalaivaa_api/vendor/filament/filament/src/Panel/Concerns/HasComponents.php(586): Livewire/Mechanisms/ComponentRegistry->getName()
#2 C:/Users/Admin/thalaivaa_api/vendor/filament/filament/src/Panel/Concerns/HasComponents.php(538): Filament/Panel->queueLivewireComponentForRegistration()
#3 C:/Users/Admin/thalaivaa_api/vendor/filament/filament/src/Panel.php(69): Filament/Panel->registerLivewireComponents()
#4 C:/Users/Admin/thalaivaa_api/vendor/filament/filament/src/PanelRegistry.php(19): Filament/Panel->register()
#5 C:/Users/Admin/thalaivaa_api/vendor/filament/filament/src/Facades/Filament.php(140): Filament/PanelRegistry->register()
#6 C:/Users/Admin/thalaivaa_api/vendor/laravel/framework/src/Illuminate/Container/Container.php(1432): Filament/Facades/Filament::{closure:Filament/Facades/Filament::registerPanel():140}()
#7 C:/Users/Admin/thalaivaa_api/vendor/laravel/framework/src/Illuminate/Container/Container.php(1350): Illuminate/Container/Container->fireCallbackArray()
#8 C:/Users/Admin/thalaivaa_api/vendor/laravel/framework/src/Illuminate/Container/Container.php(850): Illuminate/Container/Container->fireResolvingCallbacks()
#9 C:/Users/Admin/thalaivaa_api/vendor/laravel/framework/src/Illuminate/Foundation/Application.php(1078): Illuminate/Container/Container->resolve()
#10 C:/Users/Admin/thalaivaa_api/vendor/laravel/framework/src/Illuminate/Container/Container.php(763): Illuminate/Foundation/Application->resolve()
#11 C:/Users/Admin/thalaivaa_api/vendor/laravel/framework/src/Illuminate/Foundation/Application.php(1058): Illuminate/Container/Container->make()
#12 C:/Users/Admin/thalaivaa_api/vendor/laravel/framework/src/Illuminate/Foundation/helpers.php(124): Illuminate/Foundation/Application->make()
#13 C:/Users/Admin/thalaivaa_api/vendor/filament/filament/src/FilamentManager.php(51): app()
#14 C:/Users/Admin/thalaivaa_api/vendor/filament/filament/src/FilamentServiceProvider.php(48): Filament/FilamentManager->__construct()
#15 C:/Users/Admin/thalaivaa_api/vendor/laravel/framework/src/Illuminate/Container/Container.php(952): Filament/FilamentServiceProvider->{closure:Filament/FilamentServiceProvider::packageRegistered():47}()
#16 C:/Users/Admin/thalaivaa_api/vendor/laravel/framework/src/Illuminate/Container/Container.php(832): Illuminate/Container/Container->build()
#17 C:/Users/Admin/thalaivaa_api/vendor/laravel/framework/src/Illuminate/Foundation/Application.php(1078): Illuminate/Container/Container->resolve()
#18 C:/Users/Admin/thalaivaa_api/vendor/laravel/framework/src/Illuminate/Container/Container.php(763): Illuminate/Foundation/Application->resolve()
#19 C:/Users/Admin/thalaivaa_api/vendor/laravel/framework/src/Illuminate/Foundation/Application.php(1058): Illuminate/Container/Container->make()
#20 C:/Users/Admin/thalaivaa_api/vendor/laravel/framework/src/Illuminate/Container/Container.php(1580): Illuminate/Foundation/Application->make()
#21 C:/Users/Admin/thalaivaa_api/vendor/laravel/framework/src/Illuminate/Support/Facades/Facade.php(239): Illuminate/Container/Container->offsetGet()
#22 C:/Users/Admin/thalaivaa_api/vendor/laravel/framework/src/Illuminate/Support/Facades/Facade.php(210): Illuminate/Support/Facades/Facade::resolveFacadeInstance()
#23 C:/Users/Admin/thalaivaa_api/vendor/laravel/framework/src/Illuminate/Support/Facades/Facade.php(355): Illuminate/Support/Facades/Facade::getFacadeRoot()
#24 C:/Users/Admin/thalaivaa_api/vendor/filament/filament/routes/web.php(15): Illuminate/Support/Facades/Facade::__callStatic()
#25 C:/Users/Admin/thalaivaa_api/vendor/laravel/framework/src/Illuminate/Routing/Router.php(511): Illuminate/Support/ServiceProvider->{closure:C:/Users/Admin/thalaivaa_api/vendor/filament/filament/routes/web.php:14}()
#26 C:/Users/Admin/thalaivaa_api/vendor/laravel/framework/src/Illuminate/Routing/Router.php(467): Illuminate/Routing/Router->loadRoutes()
#27 C:/Users/Admin/thalaivaa_api/vendor/laravel/framework/src/Illuminate/Routing/RouteRegistrar.php(207): Illuminate/Routing/Router->group()
#28 C:/Users/Admin/thalaivaa_api/vendor/filament/filament/routes/web.php(14): Illuminate/Routing/RouteRegistrar->group()
#29 C:/Users/Admin/thalaivaa_api/vendor/laravel/framework/src/Illuminate/Support/ServiceProvider.php(195): require('...')
#30 C:/Users/Admin/thalaivaa_api/vendor/spatie/laravel-package-tools/src/Concerns/PackageServiceProvider/ProcessRoutes.php(14): Illuminate/Support/ServiceProvider->loadRoutesFrom()
#31 C:/Users/Admin/thalaivaa_api/vendor/spatie/laravel-package-tools/src/PackageServiceProvider.php(85): Spatie/LaravelPackageTools/PackageServiceProvider->bootPackageRoutes()
#32 C:/Users/Admin/thalaivaa_api/vendor/laravel/framework/src/Illuminate/Container/BoundMethod.php(36): Spatie/LaravelPackageTools/PackageServiceProvider->boot()
#33 C:/Users/Admin/thalaivaa_api/vendor/laravel/framework/src/Illuminate/Container/Util.php(43): Illuminate/Container/BoundMethod::{closure:Illuminate/Container/BoundMethod::call():35}()
#34 C:/Users/Admin/thalaivaa_api/vendor/laravel/framework/src/Illuminate/Container/BoundMethod.php(95): Illuminate/Container/Util::unwrapIfClosure()
#35 C:/Users/Admin/thalaivaa_api/vendor/laravel/framework/src/Illuminate/Container/BoundMethod.php(35): Illuminate/Container/BoundMethod::callBoundMethod()
#36 C:/Users/Admin/thalaivaa_api/vendor/laravel/framework/src/Illuminate/Container/Container.php(696): Illuminate/Container/BoundMethod::call()
#37 C:/Users/Admin/thalaivaa_api/vendor/laravel/framework/src/Illuminate/Foundation/Application.php(1151): Illuminate/Container/Container->call()
#38 C:/Users/Admin/thalaivaa_api/vendor/laravel/framework/src/Illuminate/Foundation/Application.php(1132): Illuminate/Foundation/Application->bootProvider()
#39 [internal function]: Illuminate/Foundation/Application->{closure:Illuminate/Foundation/Application::boot():1131}()
#40 C:/Users/Admin/thalaivaa_api/vendor/laravel/framework/src/Illuminate/Foundation/Application.php(1131): array_walk()
#41 C:/Users/Admin/thalaivaa_api/vendor/laravel/framework/src/Illuminate/Foundation/Bootstrap/BootProviders.php(17): Illuminate/Foundation/Application->boot()
#42 C:/Users/Admin/thalaivaa_api/vendor/laravel/framework/src/Illuminate/Foundation/Application.php(342): Illuminate/Foundation/Bootstrap/BootProviders->bootstrap()
#43 C:/Users/Admin/thalaivaa_api/vendor/laravel/framework/src/Illuminate/Foundation/Console/Kernel.php(474): Illuminate/Foundation/Application->bootstrapWith()
#44 C:/Users/Admin/thalaivaa_api/vendor/laravel/framework/src/Illuminate/Foundation/Console/Kernel.php(196): Illuminate/Foundation/Console/Kernel->bootstrap()
#45 C:/Users/Admin/thalaivaa_api/vendor/laravel/framework/src/Illuminate/Foundation/Application.php(1235): Illuminate/Foundation/Console/Kernel->handle()
#46 C:/Users/Admin/thalaivaa_api/artisan(18): Illuminate/Foundation/Application->handleCommand()
#47 {main}
"} 
[2026-09-12 11:11:16] local.ERROR: SQLSTATE[08006] [7] connection to server at "127.0.0.1", port 5432 failed: FATAL:  password authentication failed for user "postgres" (Connection: pgsql, SQL: select exists (select 1 from pg_class c, pg_namespace n where n.nspname = 'public' and c.relname = 'migrations' and c.relkind in ('r', 'p') and n.oid = c.relnamespace)) {"exception":"[object] (Illuminate\\Database\\QueryException(code: 7): SQLSTATE[08006] [7] connection to server at \"127.0.0.1\", port 5432 failed: FATAL:  password authentication failed for user \"postgres\" (Connection: pgsql, SQL: select exists (select 1 from pg_class c, pg_namespace n where n.nspname = 'public' and c.relname = 'migrations' and c.relkind in ('r', 'p') and n.oid = c.relnamespace)) at C:/Users/Admin/thalaivaa_api/vendor/laravel/framework/src/Illuminate/Database/Connection.php:825)
[stacktrace]
#0 C:/Users/Admin/thalaivaa_api/vendor/laravel/framework/src/Illuminate/Database/Connection.php(779): Illuminate/Database/Connection->runQueryCallback()
#1 C:/Users/Admin/thalaivaa_api/vendor/laravel/framework/src/Illuminate/Database/Connection.php(398): Illuminate/Database/Connection->run()
#2 C:/Users/Admin/thalaivaa_api/vendor/laravel/framework/src/Illuminate/Database/Connection.php(344): Illuminate/Database/Connection->select()
#3 C:/Users/Admin/thalaivaa_api/vendor/laravel/framework/src/Illuminate/Database/Connection.php(361): Illuminate/Database/Connection->selectOne()
#4 C:/Users/Admin/thalaivaa_api/vendor/laravel/framework/src/Illuminate/Database/Schema/PostgresBuilder.php(52): Illuminate/Database/Connection->scalar()
#5 C:/Users/Admin/thalaivaa_api/vendor/laravel/framework/src/Illuminate/Database/Migrations/DatabaseMigrationRepository.php(184): Illuminate/Database/Schema/PostgresBuilder->hasTable()
#6 C:/Users/Admin/thalaivaa_api/vendor/laravel/framework/src/Illuminate/Database/Migrations/Migrator.php(742): Illuminate/Database/Migrations/DatabaseMigrationRepository->repositoryExists()
#7 C:/Users/Admin/thalaivaa_api/vendor/laravel/framework/src/Illuminate/Database/Console/Migrations/StatusCommand.php(56): Illuminate/Database/Migrations/Migrator->repositoryExists()
#8 C:/Users/Admin/thalaivaa_api/vendor/laravel/framework/src/Illuminate/Database/Migrations/Migrator.php(658): Illuminate/Database/Console/Migrations/StatusCommand->{closure:Illuminate/Database/Console/Migrations/StatusCommand::handle():55}()
#9 C:/Users/Admin/thalaivaa_api/vendor/laravel/framework/src/Illuminate/Database/Console/Migrations/StatusCommand.php(55): Illuminate/Database/Migrations/Migrator->usingConnection()
#10 C:/Users/Admin/thalaivaa_api/vendor/laravel/framework/src/Illuminate/Container/BoundMethod.php(36): Illuminate/Database/Console/Migrations/StatusCommand->handle()
#11 C:/Users/Admin/thalaivaa_api/vendor/laravel/framework/src/Illuminate/Container/Util.php(43): Illuminate/Container/BoundMethod::{closure:Illuminate/Container/BoundMethod::call():35}()
#12 C:/Users/Admin/thalaivaa_api/vendor/laravel/framework/src/Illuminate/Container/BoundMethod.php(95): Illuminate/Container/Util::unwrapIfClosure()
#13 C:/Users/Admin/thalaivaa_api/vendor/laravel/framework/src/Illuminate/Container/BoundMethod.php(35): Illuminate/Container/BoundMethod::callBoundMethod()
#14 C:/Users/Admin/thalaivaa_api/vendor/laravel/framework/src/Illuminate/Container/Container.php(696): Illuminate/Container/BoundMethod::call()
#15 C:/Users/Admin/thalaivaa_api/vendor/laravel/framework/src/Illuminate/Console/Command.php(213): Illuminate/Container/Container->call()
#16 C:/Users/Admin/thalaivaa_api/vendor/symfony/console/Command/Command.php(341): Illuminate/Console/Command->execute()
#17 C:/Users/Admin/thalaivaa_api/vendor/laravel/framework/src/Illuminate/Console/Command.php(182): Symfony/Component/Console/Command/Command->run()
#18 C:/Users/Admin/thalaivaa_api/vendor/symfony/console/Application.php(1117): Illuminate/Console/Command->run()
#19 C:/Users/Admin/thalaivaa_api/vendor/symfony/console/Application.php(356): Symfony/Component/Console/Application->doRunCommand()
#20 C:/Users/Admin/thalaivaa_api/vendor/symfony/console/Application.php(195): Symfony/Component/Console/Application->doRun()
#21 C:/Users/Admin/thalaivaa_api/vendor/laravel/framework/src/Illuminate/Foundation/Console/Kernel.php(198): Symfony/Component/Console/Application->run()
#22 C:/Users/Admin/thalaivaa_api/vendor/laravel/framework/src/Illuminate/Foundation/Application.php(1235): Illuminate/Foundation/Console/Kernel->handle()
#23 C:/Users/Admin/thalaivaa_api/artisan(18): Illuminate/Foundation/Application->handleCommand()
#24 {main}

[previous exception] [object] (PDOException(code: 7): SQLSTATE[08006] [7] connection to server at \"127.0.0.1\", port 5432 failed: FATAL:  password authentication failed for user \"postgres\" at C:/Users/Admin/thalaivaa_api/vendor/laravel/framework/src/Illuminate/Database/Connectors/Connector.php:67)
[stacktrace]
#0 C:/Users/Admin/thalaivaa_api/vendor/laravel/framework/src/Illuminate/Database/Connectors/Connector.php(67): PDO::connect()
#1 C:/Users/Admin/thalaivaa_api/vendor/laravel/framework/src/Illuminate/Database/Connectors/Connector.php(44): Illuminate/Database/Connectors/Connector->createPdoConnection()
#2 C:/Users/Admin/thalaivaa_api/vendor/laravel/framework/src/Illuminate/Database/Connectors/PostgresConnector.php(35): Illuminate/Database/Connectors/Connector->createConnection()
#3 C:/Users/Admin/thalaivaa_api/vendor/laravel/framework/src/Illuminate/Database/Connectors/ConnectionFactory.php(185): Illuminate/Database/Connectors/PostgresConnector->connect()
#4 [internal function]: Illuminate/Database/Connectors/ConnectionFactory->{closure:Illuminate/Database/Connectors/ConnectionFactory::createPdoResolverWithHosts():180}()
#5 C:/Users/Admin/thalaivaa_api/vendor/laravel/framework/src/Illuminate/Database/Connection.php(1231): call_user_func()
#6 C:/Users/Admin/thalaivaa_api/vendor/laravel/framework/src/Illuminate/Database/Connection.php(1267): Illuminate/Database/Connection->getPdo()
#7 C:/Users/Admin/thalaivaa_api/vendor/laravel/framework/src/Illuminate/Database/Connection.php(512): Illuminate/Database/Connection->getReadPdo()
#8 C:/Users/Admin/thalaivaa_api/vendor/laravel/framework/src/Illuminate/Database/Connection.php(407): Illuminate/Database/Connection->getPdoForSelect()
#9 C:/Users/Admin/thalaivaa_api/vendor/laravel/framework/src/Illuminate/Database/Connection.php(812): Illuminate/Database/Connection->{closure:Illuminate/Database/Connection::select():398}()
#10 C:/Users/Admin/thalaivaa_api/vendor/laravel/framework/src/Illuminate/Database/Connection.php(779): Illuminate/Database/Connection->runQueryCallback()
#11 C:/Users/Admin/thalaivaa_api/vendor/laravel/framework/src/Illuminate/Database/Connection.php(398): Illuminate/Database/Connection->run()
#12 C:/Users/Admin/thalaivaa_api/vendor/laravel/framework/src/Illuminate/Database/Connection.php(344): Illuminate/Database/Connection->select()
#13 C:/Users/Admin/thalaivaa_api/vendor/laravel/framework/src/Illuminate/Database/Connection.php(361): Illuminate/Database/Connection->selectOne()
#14 C:/Users/Admin/thalaivaa_api/vendor/laravel/framework/src/Illuminate/Database/Schema/PostgresBuilder.php(52): Illuminate/Database/Connection->scalar()
#15 C:/Users/Admin/thalaivaa_api/vendor/laravel/framework/src/Illuminate/Database/Migrations/DatabaseMigrationRepository.php(184): Illuminate/Database/Schema/PostgresBuilder->hasTable()
#16 C:/Users/Admin/thalaivaa_api/vendor/laravel/framework/src/Illuminate/Database/Migrations/Migrator.php(742): Illuminate/Database/Migrations/DatabaseMigrationRepository->repositoryExists()
#17 C:/Users/Admin/thalaivaa_api/vendor/laravel/framework/src/Illuminate/Database/Console/Migrations/StatusCommand.php(56): Illuminate/Database/Migrations/Migrator->repositoryExists()
#18 C:/Users/Admin/thalaivaa_api/vendor/laravel/framework/src/Illuminate/Database/Migrations/Migrator.php(658): Illuminate/Database/Console/Migrations/StatusCommand->{closure:Illuminate/Database/Console/Migrations/StatusCommand::handle():55}()
#19 C:/Users/Admin/thalaivaa_api/vendor/laravel/framework/src/Illuminate/Database/Console/Migrations/StatusCommand.php(55): Illuminate/Database/Migrations/Migrator->usingConnection()
#20 C:/Users/Admin/thalaivaa_api/vendor/laravel/framework/src/Illuminate/Container/BoundMethod.php(36): Illuminate/Database/Console/Migrations/StatusCommand->handle()
#21 C:/Users/Admin/thalaivaa_api/vendor/laravel/framework/src/Illuminate/Container/Util.php(43): Illuminate/Container/BoundMethod::{closure:Illuminate/Container/BoundMethod::call():35}()
#22 C:/Users/Admin/thalaivaa_api/vendor/laravel/framework/src/Illuminate/Container/BoundMethod.php(95): Illuminate/Container/Util::unwrapIfClosure()
#23 C:/Users/Admin/thalaivaa_api/vendor/laravel/framework/src/Illuminate/Container/BoundMethod.php(35): Illuminate/Container/BoundMethod::callBoundMethod()
#24 C:/Users/Admin/thalaivaa_api/vendor/laravel/framework/src/Illuminate/Container/Container.php(696): Illuminate/Container/BoundMethod::call()
#25 C:/Users/Admin/thalaivaa_api/vendor/laravel/framework/src/Illuminate/Console/Command.php(213): Illuminate/Container/Container->call()
#26 C:/Users/Admin/thalaivaa_api/vendor/symfony/console/Command/Command.php(341): Illuminate/Console/Command->execute()
#27 C:/Users/Admin/thalaivaa_api/vendor/laravel/framework/src/Illuminate/Console/Command.php(182): Symfony/Component/Console/Command/Command->run()
#28 C:/Users/Admin/thalaivaa_api/vendor/symfony/console/Application.php(1117): Illuminate/Console/Command->run()
#29 C:/Users/Admin/thalaivaa_api/vendor/symfony/console/Application.php(356): Symfony/Component/Console/Application->doRunCommand()
#30 C:/Users/Admin/thalaivaa_api/vendor/symfony/console/Application.php(195): Symfony/Component/Console/Application->doRun()
#31 C:/Users/Admin/thalaivaa_api/vendor/laravel/framework/src/Illuminate/Foundation/Console/Kernel.php(198): Symfony/Component/Console/Application->run()
#32 C:/Users/Admin/thalaivaa_api/vendor/laravel/framework/src/Illuminate/Foundation/Application.php(1235): Illuminate/Foundation/Console/Kernel->handle()
#33 C:/Users/Admin/thalaivaa_api/artisan(18): Illuminate/Foundation/Application->handleCommand()
#34 {main}
"} 
[2026-09-12 11:55:55] local.ERROR: SQLSTATE[08006] [7] connection to server at "127.0.0.1", port 5432 failed: FATAL:  password authentication failed for user "postgres" (Connection: pgsql, SQL: select * from "sessions" where "id" = XgNodNS52ipHjbZs7VrdYIWyYwmZY4AWGxNJM5qL limit 1) {"exception":"[object] (Illuminate\\Database\\QueryException(code: 7): SQLSTATE[08006] [7] connection to server at \"127.0.0.1\", port 5432 failed: FATAL:  password authentication failed for user \"postgres\" (Connection: pgsql, SQL: select * from \"sessions\" where \"id\" = XgNodNS52ipHjbZs7VrdYIWyYwmZY4AWGxNJM5qL limit 1) at C:/Users/Admin/thalaivaa_api/vendor/laravel/framework/src/Illuminate/Database/Connection.php:825)
[stacktrace]
#0 C:/Users/Admin/thalaivaa_api/vendor/laravel/framework/src/Illuminate/Database/Connection.php(779): Illuminate/Database/Connection->runQueryCallback()
#1 C:/Users/Admin/thalaivaa_api/vendor/laravel/framework/src/Illuminate/Database/Connection.php(398): Illuminate/Database/Connection->run()
#2 C:/Users/Admin/thalaivaa_api/vendor/laravel/framework/src/Illuminate/Database/Query/Builder.php(3106): Illuminate/Database/Connection->select()
#3 C:/Users/Admin/thalaivaa_api/vendor/laravel/framework/src/Illuminate/Database/Query/Builder.php(3091): Illuminate/Database/Query/Builder->runSelect()
#4 C:/Users/Admin/thalaivaa_api/vendor/laravel/framework/src/Illuminate/Database/Query/Builder.php(3676): Illuminate/Database/Query/Builder->{closure:Illuminate/Database/Query/Builder::get():3090}()
#5 C:/Users/Admin/thalaivaa_api/vendor/laravel/framework/src/Illuminate/Database/Query/Builder.php(3090): Illuminate/Database/Query/Builder->onceWithColumns()
#6 C:/Users/Admin/thalaivaa_api/vendor/laravel/framework/src/Illuminate/Database/Concerns/BuildsQueries.php(343): Illuminate/Database/Query/Builder->get()
#7 C:/Users/Admin/thalaivaa_api/vendor/laravel/framework/src/Illuminate/Database/Query/Builder.php(3013): Illuminate/Database/Query/Builder->first()
#8 C:/Users/Admin/thalaivaa_api/vendor/laravel/framework/src/Illuminate/Session/DatabaseSessionHandler.php(97): Illuminate/Database/Query/Builder->find()
#9 C:/Users/Admin/thalaivaa_api/vendor/laravel/framework/src/Illuminate/Session/Store.php(117): Illuminate/Session/DatabaseSessionHandler->read()
#10 C:/Users/Admin/thalaivaa_api/vendor/laravel/framework/src/Illuminate/Session/Store.php(105): Illuminate/Session/Store->readFromHandler()
#11 C:/Users/Admin/thalaivaa_api/vendor/laravel/framework/src/Illuminate/Session/Store.php(89): Illuminate/Session/Store->loadSession()
#12 C:/Users/Admin/thalaivaa_api/vendor/laravel/framework/src/Illuminate/Session/Middleware/StartSession.php(147): Illuminate/Session/Store->start()
#13 C:/Users/Admin/thalaivaa_api/vendor/laravel/framework/src/Illuminate/Support/helpers.php(399): Illuminate/Session/Middleware/StartSession->{closure:Illuminate/Session/Middleware/StartSession::startSession():144}()
#14 C:/Users/Admin/thalaivaa_api/vendor/laravel/framework/src/Illuminate/Session/Middleware/StartSession.php(144): tap()
#15 C:/Users/Admin/thalaivaa_api/vendor/laravel/framework/src/Illuminate/Session/Middleware/StartSession.php(116): Illuminate/Session/Middleware/StartSession->startSession()
#16 C:/Users/Admin/thalaivaa_api/vendor/laravel/framework/src/Illuminate/Session/Middleware/StartSession.php(64): Illuminate/Session/Middleware/StartSession->handleStatefulRequest()
#17 C:/Users/Admin/thalaivaa_api/vendor/laravel/framework/src/Illuminate/Pipeline/Pipeline.php(209): Illuminate/Session/Middleware/StartSession->handle()
#18 C:/Users/Admin/thalaivaa_api/vendor/laravel/framework/src/Illuminate/Cookie/Middleware/AddQueuedCookiesToResponse.php(37): Illuminate/Pipeline/Pipeline->{closure:{closure:Illuminate/Pipeline/Pipeline::carry():184}:185}()
#19 C:/Users/Admin/thalaivaa_api/vendor/laravel/framework/src/Illuminate/Pipeline/Pipeline.php(209): Illuminate/Cookie/Middleware/AddQueuedCookiesToResponse->handle()
#20 C:/Users/Admin/thalaivaa_api/vendor/laravel/framework/src/Illuminate/Cookie/Middleware/EncryptCookies.php(75): Illuminate/Pipeline/Pipeline->{closure:{closure:Illuminate/Pipeline/Pipeline::carry():184}:185}()
#21 C:/Users/Admin/thalaivaa_api/vendor/laravel/framework/src/Illuminate/Pipeline/Pipeline.php(209): Illuminate/Cookie/Middleware/EncryptCookies->handle()
#22 C:/Users/Admin/thalaivaa_api/vendor/filament/filament/src/Http/Middleware/SetUpPanel.php(19): Illuminate/Pipeline/Pipeline->{closure:{closure:Illuminate/Pipeline/Pipeline::carry():184}:185}()
#23 C:/Users/Admin/thalaivaa_api/vendor/laravel/framework/src/Illuminate/Pipeline/Pipeline.php(209): Filament/Http/Middleware/SetUpPanel->handle()
#24 C:/Users/Admin/thalaivaa_api/vendor/laravel/framework/src/Illuminate/Pipeline/Pipeline.php(127): Illuminate/Pipeline/Pipeline->{closure:{closure:Illuminate/Pipeline/Pipeline::carry():184}:185}()
#25 C:/Users/Admin/thalaivaa_api/vendor/laravel/framework/src/Illuminate/Routing/Router.php(807): Illuminate/Pipeline/Pipeline->then()
#26 C:/Users/Admin/thalaivaa_api/vendor/laravel/framework/src/Illuminate/Routing/Router.php(786): Illuminate/Routing/Router->runRouteWithinStack()
#27 C:/Users/Admin/thalaivaa_api/vendor/laravel/framework/src/Illuminate/Routing/Router.php(750): Illuminate/Routing/Router->runRoute()
#28 C:/Users/Admin/thalaivaa_api/vendor/laravel/framework/src/Illuminate/Routing/Router.php(739): Illuminate/Routing/Router->dispatchToRoute()
#29 C:/Users/Admin/thalaivaa_api/vendor/laravel/framework/src/Illuminate/Foundation/Http/Kernel.php(201): Illuminate/Routing/Router->dispatch()
#30 C:/Users/Admin/thalaivaa_api/vendor/laravel/framework/src/Illuminate/Pipeline/Pipeline.php(170): Illuminate/Foundation/Http/Kernel->{closure:Illuminate/Foundation/Http/Kernel::dispatchToRouter():198}()
#31 C:/Users/Admin/thalaivaa_api/vendor/livewire/livewire/src/Features/SupportDisablingBackButtonCache/DisableBackButtonCacheMiddleware.php(19): Illuminate/Pipeline/Pipeline->{closure:Illuminate/Pipeline/Pipeline::prepareDestination():168}()
#32 C:/Users/Admin/thalaivaa_api/vendor/laravel/framework/src/Illuminate/Pipeline/Pipeline.php(209): Livewire/Features/SupportDisablingBackButtonCache/DisableBackButtonCacheMiddleware->handle()
#33 C:/Users/Admin/thalaivaa_api/vendor/laravel/framework/src/Illuminate/Foundation/Http/Middleware/TransformsRequest.php(21): Illuminate/Pipeline/Pipeline->{closure:{closure:Illuminate/Pipeline/Pipeline::carry():184}:185}()
#34 C:/Users/Admin/thalaivaa_api/vendor/laravel/framework/src/Illuminate/Foundation/Http/Middleware/ConvertEmptyStringsToNull.php(31): Illuminate/Foundation/Http/Middleware/TransformsRequest->handle()
#35 C:/Users/Admin/thalaivaa_api/vendor/laravel/framework/src/Illuminate/Pipeline/Pipeline.php(209): Illuminate/Foundation/Http/Middleware/ConvertEmptyStringsToNull->handle()
#36 C:/Users/Admin/thalaivaa_api/vendor/laravel/framework/src/Illuminate/Foundation/Http/Middleware/TransformsRequest.php(21): Illuminate/Pipeline/Pipeline->{closure:{closure:Illuminate/Pipeline/Pipeline::carry():184}:185}()
#37 C:/Users/Admin/thalaivaa_api/vendor/laravel/framework/src/Illuminate/Foundation/Http/Middleware/TrimStrings.php(51): Illuminate/Foundation/Http/Middleware/TransformsRequest->handle()
#38 C:/Users/Admin/thalaivaa_api/vendor/laravel/framework/src/Illuminate/Pipeline/Pipeline.php(209): Illuminate/Foundation/Http/Middleware/TrimStrings->handle()
#39 C:/Users/Admin/thalaivaa_api/vendor/laravel/framework/src/Illuminate/Http/Middleware/ValidatePostSize.php(27): Illuminate/Pipeline/Pipeline->{closure:{closure:Illuminate/Pipeline/Pipeline::carry():184}:185}()
#40 C:/Users/Admin/thalaivaa_api/vendor/laravel/framework/src/Illuminate/Pipeline/Pipeline.php(209): Illuminate/Http/Middleware/ValidatePostSize->handle()
#41 C:/Users/Admin/thalaivaa_api/vendor/laravel/framework/src/Illuminate/Foundation/Http/Middleware/PreventRequestsDuringMaintenance.php(110): Illuminate/Pipeline/Pipeline->{closure:{closure:Illuminate/Pipeline/Pipeline::carry():184}:185}()
#42 C:/Users/Admin/thalaivaa_api/vendor/laravel/framework/src/Illuminate/Pipeline/Pipeline.php(209): Illuminate/Foundation/Http/Middleware/PreventRequestsDuringMaintenance->handle()
#43 C:/Users/Admin/thalaivaa_api/vendor/laravel/framework/src/Illuminate/Http/Middleware/HandleCors.php(49): Illuminate/Pipeline/Pipeline->{closure:{closure:Illuminate/Pipeline/Pipeline::carry():184}:185}()
#44 C:/Users/Admin/thalaivaa_api/vendor/laravel/framework/src/Illuminate/Pipeline/Pipeline.php(209): Illuminate/Http/Middleware/HandleCors->handle()
#45 C:/Users/Admin/thalaivaa_api/vendor/laravel/framework/src/Illuminate/Http/Middleware/TrustProxies.php(58): Illuminate/Pipeline/Pipeline->{closure:{closure:Illuminate/Pipeline/Pipeline::carry():184}:185}()
#46 C:/Users/Admin/thalaivaa_api/vendor/laravel/framework/src/Illuminate/Pipeline/Pipeline.php(209): Illuminate/Http/Middleware/TrustProxies->handle()
#47 C:/Users/Admin/thalaivaa_api/vendor/laravel/framework/src/Illuminate/Foundation/Http/Middleware/InvokeDeferredCallbacks.php(22): Illuminate/Pipeline/Pipeline->{closure:{closure:Illuminate/Pipeline/Pipeline::carry():184}:185}()
#48 C:/Users/Admin/thalaivaa_api/vendor/laravel/framework/src/Illuminate/Pipeline/Pipeline.php(209): Illuminate/Foundation/Http/Middleware/InvokeDeferredCallbacks->handle()
#49 C:/Users/Admin/thalaivaa_api/vendor/laravel/framework/src/Illuminate/Pipeline/Pipeline.php(127): Illuminate/Pipeline/Pipeline->{closure:{closure:Illuminate/Pipeline/Pipeline::carry():184}:185}()
#50 C:/Users/Admin/thalaivaa_api/vendor/laravel/framework/src/Illuminate/Foundation/Http/Kernel.php(176): Illuminate/Pipeline/Pipeline->then()
#51 C:/Users/Admin/thalaivaa_api/vendor/laravel/framework/src/Illuminate/Foundation/Http/Kernel.php(145): Illuminate/Foundation/Http/Kernel->sendRequestThroughRouter()
#52 C:/Users/Admin/thalaivaa_api/vendor/laravel/framework/src/Illuminate/Foundation/Application.php(1220): Illuminate/Foundation/Http/Kernel->handle()
#53 C:/Users/Admin/thalaivaa_api/public/index.php(17): Illuminate/Foundation/Application->handleRequest()
#54 C:/Users/Admin/thalaivaa_api/vendor/laravel/framework/src/Illuminate/Foundation/resources/server.php(23): require_once('...')
#55 {main}

[previous exception] [object] (PDOException(code: 7): SQLSTATE[08006] [7] connection to server at \"127.0.0.1\", port 5432 failed: FATAL:  password authentication failed for user \"postgres\" at C:/Users/Admin/thalaivaa_api/vendor/laravel/framework/src/Illuminate/Database/Connectors/Connector.php:67)
[stacktrace]
#0 C:/Users/Admin/thalaivaa_api/vendor/laravel/framework/src/Illuminate/Database/Connectors/Connector.php(67): PDO::connect()
#1 C:/Users/Admin/thalaivaa_api/vendor/laravel/framework/src/Illuminate/Database/Connectors/Connector.php(44): Illuminate/Database/Connectors/Connector->createPdoConnection()
#2 C:/Users/Admin/thalaivaa_api/vendor/laravel/framework/src/Illuminate/Database/Connectors/PostgresConnector.php(35): Illuminate/Database/Connectors/Connector->createConnection()
#3 C:/Users/Admin/thalaivaa_api/vendor/laravel/framework/src/Illuminate/Database/Connectors/ConnectionFactory.php(185): Illuminate/Database/Connectors/PostgresConnector->connect()
#4 [internal function]: Illuminate/Database/Connectors/ConnectionFactory->{closure:Illuminate/Database/Connectors/ConnectionFactory::createPdoResolverWithHosts():180}()
#5 C:/Users/Admin/thalaivaa_api/vendor/laravel/framework/src/Illuminate/Database/Connection.php(1231): call_user_func()
#6 C:/Users/Admin/thalaivaa_api/vendor/laravel/framework/src/Illuminate/Database/Connection.php(512): Illuminate/Database/Connection->getPdo()
#7 C:/Users/Admin/thalaivaa_api/vendor/laravel/framework/src/Illuminate/Database/Connection.php(407): Illuminate/Database/Connection->getPdoForSelect()
#8 C:/Users/Admin/thalaivaa_api/vendor/laravel/framework/src/Illuminate/Database/Connection.php(812): Illuminate/Database/Connection->{closure:Illuminate/Database/Connection::select():398}()
#9 C:/Users/Admin/thalaivaa_api/vendor/laravel/framework/src/Illuminate/Database/Connection.php(779): Illuminate/Database/Connection->runQueryCallback()
#10 C:/Users/Admin/thalaivaa_api/vendor/laravel/framework/src/Illuminate/Database/Connection.php(398): Illuminate/Database/Connection->run()
#11 C:/Users/Admin/thalaivaa_api/vendor/laravel/framework/src/Illuminate/Database/Query/Builder.php(3106): Illuminate/Database/Connection->select()
#12 C:/Users/Admin/thalaivaa_api/vendor/laravel/framework/src/Illuminate/Database/Query/Builder.php(3091): Illuminate/Database/Query/Builder->runSelect()
#13 C:/Users/Admin/thalaivaa_api/vendor/laravel/framework/src/Illuminate/Database/Query/Builder.php(3676): Illuminate/Database/Query/Builder->{closure:Illuminate/Database/Query/Builder::get():3090}()
#14 C:/Users/Admin/thalaivaa_api/vendor/laravel/framework/src/Illuminate/Database/Query/Builder.php(3090): Illuminate/Database/Query/Builder->onceWithColumns()
#15 C:/Users/Admin/thalaivaa_api/vendor/laravel/framework/src/Illuminate/Database/Concerns/BuildsQueries.php(343): Illuminate/Database/Query/Builder->get()
#16 C:/Users/Admin/thalaivaa_api/vendor/laravel/framework/src/Illuminate/Database/Query/Builder.php(3013): Illuminate/Database/Query/Builder->first()
#17 C:/Users/Admin/thalaivaa_api/vendor/laravel/framework/src/Illuminate/Session/DatabaseSessionHandler.php(97): Illuminate/Database/Query/Builder->find()
#18 C:/Users/Admin/thalaivaa_api/vendor/laravel/framework/src/Illuminate/Session/Store.php(117): Illuminate/Session/DatabaseSessionHandler->read()
#19 C:/Users/Admin/thalaivaa_api/vendor/laravel/framework/src/Illuminate/Session/Store.php(105): Illuminate/Session/Store->readFromHandler()
#20 C:/Users/Admin/thalaivaa_api/vendor/laravel/framework/src/Illuminate/Session/Store.php(89): Illuminate/Session/Store->loadSession()
#21 C:/Users/Admin/thalaivaa_api/vendor/laravel/framework/src/Illuminate/Session/Middleware/StartSession.php(147): Illuminate/Session/Store->start()
#22 C:/Users/Admin/thalaivaa_api/vendor/laravel/framework/src/Illuminate/Support/helpers.php(399): Illuminate/Session/Middleware/StartSession->{closure:Illuminate/Session/Middleware/StartSession::startSession():144}()
#23 C:/Users/Admin/thalaivaa_api/vendor/laravel/framework/src/Illuminate/Session/Middleware/StartSession.php(144): tap()
#24 C:/Users/Admin/thalaivaa_api/vendor/laravel/framework/src/Illuminate/Session/Middleware/StartSession.php(116): Illuminate/Session/Middleware/StartSession->startSession()
#25 C:/Users/Admin/thalaivaa_api/vendor/laravel/framework/src/Illuminate/Session/Middleware/StartSession.php(64): Illuminate/Session/Middleware/StartSession->handleStatefulRequest()
#26 C:/Users/Admin/thalaivaa_api/vendor/laravel/framework/src/Illuminate/Pipeline/Pipeline.php(209): Illuminate/Session/Middleware/StartSession->handle()
#27 C:/Users/Admin/thalaivaa_api/vendor/laravel/framework/src/Illuminate/Cookie/Middleware/AddQueuedCookiesToResponse.php(37): Illuminate/Pipeline/Pipeline->{closure:{closure:Illuminate/Pipeline/Pipeline::carry():184}:185}()
#28 C:/Users/Admin/thalaivaa_api/vendor/laravel/framework/src/Illuminate/Pipeline/Pipeline.php(209): Illuminate/Cookie/Middleware/AddQueuedCookiesToResponse->handle()
#29 C:/Users/Admin/thalaivaa_api/vendor/laravel/framework/src/Illuminate/Cookie/Middleware/EncryptCookies.php(75): Illuminate/Pipeline/Pipeline->{closure:{closure:Illuminate/Pipeline/Pipeline::carry():184}:185}()
#30 C:/Users/Admin/thalaivaa_api/vendor/laravel/framework/src/Illuminate/Pipeline/Pipeline.php(209): Illuminate/Cookie/Middleware/EncryptCookies->handle()
#31 C:/Users/Admin/thalaivaa_api/vendor/filament/filament/src/Http/Middleware/SetUpPanel.php(19): Illuminate/Pipeline/Pipeline->{closure:{closure:Illuminate/Pipeline/Pipeline::carry():184}:185}()
#32 C:/Users/Admin/thalaivaa_api/vendor/laravel/framework/src/Illuminate/Pipeline/Pipeline.php(209): Filament/Http/Middleware/SetUpPanel->handle()
#33 C:/Users/Admin/thalaivaa_api/vendor/laravel/framework/src/Illuminate/Pipeline/Pipeline.php(127): Illuminate/Pipeline/Pipeline->{closure:{closure:Illuminate/Pipeline/Pipeline::carry():184}:185}()
#34 C:/Users/Admin/thalaivaa_api/vendor/laravel/framework/src/Illuminate/Routing/Router.php(807): Illuminate/Pipeline/Pipeline->then()
#35 C:/Users/Admin/thalaivaa_api/vendor/laravel/framework/src/Illuminate/Routing/Router.php(786): Illuminate/Routing/Router->runRouteWithinStack()
#36 C:/Users/Admin/thalaivaa_api/vendor/laravel/framework/src/Illuminate/Routing/Router.php(750): Illuminate/Routing/Router->runRoute()
#37 C:/Users/Admin/thalaivaa_api/vendor/laravel/framework/src/Illuminate/Routing/Router.php(739): Illuminate/Routing/Router->dispatchToRoute()
#38 C:/Users/Admin/thalaivaa_api/vendor/laravel/framework/src/Illuminate/Foundation/Http/Kernel.php(201): Illuminate/Routing/Router->dispatch()
#39 C:/Users/Admin/thalaivaa_api/vendor/laravel/framework/src/Illuminate/Pipeline/Pipeline.php(170): Illuminate/Foundation/Http/Kernel->{closure:Illuminate/Foundation/Http/Kernel::dispatchToRouter():198}()
#40 C:/Users/Admin/thalaivaa_api/vendor/livewire/livewire/src/Features/SupportDisablingBackButtonCache/DisableBackButtonCacheMiddleware.php(19): Illuminate/Pipeline/Pipeline->{closure:Illuminate/Pipeline/Pipeline::prepareDestination():168}()
#41 C:/Users/Admin/thalaivaa_api/vendor/laravel/framework/src/Illuminate/Pipeline/Pipeline.php(209): Livewire/Features/SupportDisablingBackButtonCache/DisableBackButtonCacheMiddleware->handle()
#42 C:/Users/Admin/thalaivaa_api/vendor/laravel/framework/src/Illuminate/Foundation/Http/Middleware/TransformsRequest.php(21): Illuminate/Pipeline/Pipeline->{closure:{closure:Illuminate/Pipeline/Pipeline::carry():184}:185}()
#43 C:/Users/Admin/thalaivaa_api/vendor/laravel/framework/src/Illuminate/Foundation/Http/Middleware/ConvertEmptyStringsToNull.php(31): Illuminate/Foundation/Http/Middleware/TransformsRequest->handle()
#44 C:/Users/Admin/thalaivaa_api/vendor/laravel/framework/src/Illuminate/Pipeline/Pipeline.php(209): Illuminate/Foundation/Http/Middleware/ConvertEmptyStringsToNull->handle()
#45 C:/Users/Admin/thalaivaa_api/vendor/laravel/framework/src/Illuminate/Foundation/Http/Middleware/TransformsRequest.php(21): Illuminate/Pipeline/Pipeline->{closure:{closure:Illuminate/Pipeline/Pipeline::carry():184}:185}()
#46 C:/Users/Admin/thalaivaa_api/vendor/laravel/framework/src/Illuminate/Foundation/Http/Middleware/TrimStrings.php(51): Illuminate/Foundation/Http/Middleware/TransformsRequest->handle()
#47 C:/Users/Admin/thalaivaa_api/vendor/laravel/framework/src/Illuminate/Pipeline/Pipeline.php(209): Illuminate/Foundation/Http/Middleware/TrimStrings->handle()
#48 C:/Users/Admin/thalaivaa_api/vendor/laravel/framework/src/Illuminate/Http/Middleware/ValidatePostSize.php(27): Illuminate/Pipeline/Pipeline->{closure:{closure:Illuminate/Pipeline/Pipeline::carry():184}:185}()
#49 C:/Users/Admin/thalaivaa_api/vendor/laravel/framework/src/Illuminate/Pipeline/Pipeline.php(209): Illuminate/Http/Middleware/ValidatePostSize->handle()
#50 C:/Users/Admin/thalaivaa_api/vendor/laravel/framework/src/Illuminate/Foundation/Http/Middleware/PreventRequestsDuringMaintenance.php(110): Illuminate/Pipeline/Pipeline->{closure:{closure:Illuminate/Pipeline/Pipeline::carry():184}:185}()
#51 C:/Users/Admin/thalaivaa_api/vendor/laravel/framework/src/Illuminate/Pipeline/Pipeline.php(209): Illuminate/Foundation/Http/Middleware/PreventRequestsDuringMaintenance->handle()
#52 C:/Users/Admin/thalaivaa_api/vendor/laravel/framework/src/Illuminate/Http/Middleware/HandleCors.php(49): Illuminate/Pipeline/Pipeline->{closure:{closure:Illuminate/Pipeline/Pipeline::carry():184}:185}()
#53 C:/Users/Admin/thalaivaa_api/vendor/laravel/framework/src/Illuminate/Pipeline/Pipeline.php(209): Illuminate/Http/Middleware/HandleCors->handle()
#54 C:/Users/Admin/thalaivaa_api/vendor/laravel/framework/src/Illuminate/Http/Middleware/TrustProxies.php(58): Illuminate/Pipeline/Pipeline->{closure:{closure:Illuminate/Pipeline/Pipeline::carry():184}:185}()
#55 C:/Users/Admin/thalaivaa_api/vendor/laravel/framework/src/Illuminate/Pipeline/Pipeline.php(209): Illuminate/Http/Middleware/TrustProxies->handle()
#56 C:/Users/Admin/thalaivaa_api/vendor/laravel/framework/src/Illuminate/Foundation/Http/Middleware/InvokeDeferredCallbacks.php(22): Illuminate/Pipeline/Pipeline->{closure:{closure:Illuminate/Pipeline/Pipeline::carry():184}:185}()
#57 C:/Users/Admin/thalaivaa_api/vendor/laravel/framework/src/Illuminate/Pipeline/Pipeline.php(209): Illuminate/Foundation/Http/Middleware/InvokeDeferredCallbacks->handle()
#58 C:/Users/Admin/thalaivaa_api/vendor/laravel/framework/src/Illuminate/Pipeline/Pipeline.php(127): Illuminate/Pipeline/Pipeline->{closure:{closure:Illuminate/Pipeline/Pipeline::carry():184}:185}()
#59 C:/Users/Admin/thalaivaa_api/vendor/laravel/framework/src/Illuminate/Foundation/Http/Kernel.php(176): Illuminate/Pipeline/Pipeline->then()
#60 C:/Users/Admin/thalaivaa_api/vendor/laravel/framework/src/Illuminate/Foundation/Http/Kernel.php(145): Illuminate/Foundation/Http/Kernel->sendRequestThroughRouter()
#61 C:/Users/Admin/thalaivaa_api/vendor/laravel/framework/src/Illuminate/Foundation/Application.php(1220): Illuminate/Foundation/Http/Kernel->handle()
#62 C:/Users/Admin/thalaivaa_api/public/index.php(17): Illuminate/Foundation/Application->handleRequest()
#63 C:/Users/Admin/thalaivaa_api/vendor/laravel/framework/src/Illuminate/Foundation/resources/server.php(23): require_once('...')
#64 {main}
"} 
[2026-09-12 12:35:18] local.ERROR: Database file at path [thalaivaa] does not exist. Ensure this is an absolute path to the database. (Connection: sqlite, SQL: select exists (select 1 from sqlite_master where name = 'migrations' and type = 'table') as "exists") {"exception":"[object] (Illuminate\\Database\\QueryException(code: 0): Database file at path [thalaivaa] does not exist. Ensure this is an absolute path to the database. (Connection: sqlite, SQL: select exists (select 1 from sqlite_master where name = 'migrations' and type = 'table') as \"exists\") at C:/Users/Admin/thalaivaa_api/vendor/laravel/framework/src/Illuminate/Database/Connection.php:825)
[stacktrace]
#0 C:/Users/Admin/thalaivaa_api/vendor/laravel/framework/src/Illuminate/Database/Connection.php(779): Illuminate/Database/Connection->runQueryCallback()
#1 C:/Users/Admin/thalaivaa_api/vendor/laravel/framework/src/Illuminate/Database/Connection.php(398): Illuminate/Database/Connection->run()
#2 C:/Users/Admin/thalaivaa_api/vendor/laravel/framework/src/Illuminate/Database/Connection.php(344): Illuminate/Database/Connection->select()
#3 C:/Users/Admin/thalaivaa_api/vendor/laravel/framework/src/Illuminate/Database/Connection.php(361): Illuminate/Database/Connection->selectOne()
#4 C:/Users/Admin/thalaivaa_api/vendor/laravel/framework/src/Illuminate/Database/Schema/SQLiteBuilder.php(44): Illuminate/Database/Connection->scalar()
#5 C:/Users/Admin/thalaivaa_api/vendor/laravel/framework/src/Illuminate/Database/Migrations/DatabaseMigrationRepository.php(184): Illuminate/Database/Schema/SQLiteBuilder->hasTable()
#6 C:/Users/Admin/thalaivaa_api/vendor/laravel/framework/src/Illuminate/Database/Migrations/Migrator.php(742): Illuminate/Database/Migrations/DatabaseMigrationRepository->repositoryExists()
#7 C:/Users/Admin/thalaivaa_api/vendor/laravel/framework/src/Illuminate/Database/Console/Migrations/FreshCommand.php(68): Illuminate/Database/Migrations/Migrator->repositoryExists()
#8 C:/Users/Admin/thalaivaa_api/vendor/laravel/framework/src/Illuminate/Database/Migrations/Migrator.php(658): Illuminate/Database/Console/Migrations/FreshCommand->{closure:Illuminate/Database/Console/Migrations/FreshCommand::handle():67}()
#9 C:/Users/Admin/thalaivaa_api/vendor/laravel/framework/src/Illuminate/Database/Console/Migrations/FreshCommand.php(67): Illuminate/Database/Migrations/Migrator->usingConnection()
#10 C:/Users/Admin/thalaivaa_api/vendor/laravel/framework/src/Illuminate/Container/BoundMethod.php(36): Illuminate/Database/Console/Migrations/FreshCommand->handle()
#11 C:/Users/Admin/thalaivaa_api/vendor/laravel/framework/src/Illuminate/Container/Util.php(43): Illuminate/Container/BoundMethod::{closure:Illuminate/Container/BoundMethod::call():35}()
#12 C:/Users/Admin/thalaivaa_api/vendor/laravel/framework/src/Illuminate/Container/BoundMethod.php(95): Illuminate/Container/Util::unwrapIfClosure()
#13 C:/Users/Admin/thalaivaa_api/vendor/laravel/framework/src/Illuminate/Container/BoundMethod.php(35): Illuminate/Container/BoundMethod::callBoundMethod()
#14 C:/Users/Admin/thalaivaa_api/vendor/laravel/framework/src/Illuminate/Container/Container.php(696): Illuminate/Container/BoundMethod::call()
#15 C:/Users/Admin/thalaivaa_api/vendor/laravel/framework/src/Illuminate/Console/Command.php(213): Illuminate/Container/Container->call()
#16 C:/Users/Admin/thalaivaa_api/vendor/symfony/console/Command/Command.php(341): Illuminate/Console/Command->execute()
#17 C:/Users/Admin/thalaivaa_api/vendor/laravel/framework/src/Illuminate/Console/Command.php(182): Symfony/Component/Console/Command/Command->run()
#18 C:/Users/Admin/thalaivaa_api/vendor/symfony/console/Application.php(1117): Illuminate/Console/Command->run()
#19 C:/Users/Admin/thalaivaa_api/vendor/symfony/console/Application.php(356): Symfony/Component/Console/Application->doRunCommand()
#20 C:/Users/Admin/thalaivaa_api/vendor/symfony/console/Application.php(195): Symfony/Component/Console/Application->doRun()
#21 C:/Users/Admin/thalaivaa_api/vendor/laravel/framework/src/Illuminate/Foundation/Console/Kernel.php(198): Symfony/Component/Console/Application->run()
#22 C:/Users/Admin/thalaivaa_api/vendor/laravel/framework/src/Illuminate/Foundation/Application.php(1235): Illuminate/Foundation/Console/Kernel->handle()
#23 C:/Users/Admin/thalaivaa_api/artisan(18): Illuminate/Foundation/Application->handleCommand()
#24 {main}

[previous exception] [object] (Illuminate\\Database\\SQLiteDatabaseDoesNotExistException(code: 0): Database file at path [thalaivaa] does not exist. Ensure this is an absolute path to the database. at C:/Users/Admin/thalaivaa_api/vendor/laravel/framework/src/Illuminate/Database/Connectors/SQLiteConnector.php:37)
[stacktrace]
#0 C:/Users/Admin/thalaivaa_api/vendor/laravel/framework/src/Illuminate/Database/Connectors/ConnectionFactory.php(224): Illuminate/Database/Connectors/SQLiteConnector->connect()
#1 [internal function]: Illuminate/Database/Connectors/ConnectionFactory->{closure:Illuminate/Database/Connectors/ConnectionFactory::createPdoResolverWithoutHosts():224}()
#2 C:/Users/Admin/thalaivaa_api/vendor/laravel/framework/src/Illuminate/Database/Connection.php(1231): call_user_func()
#3 C:/Users/Admin/thalaivaa_api/vendor/laravel/framework/src/Illuminate/Database/Connection.php(1267): Illuminate/Database/Connection->getPdo()
#4 C:/Users/Admin/thalaivaa_api/vendor/laravel/framework/src/Illuminate/Database/Connection.php(512): Illuminate/Database/Connection->getReadPdo()
#5 C:/Users/Admin/thalaivaa_api/vendor/laravel/framework/src/Illuminate/Database/Connection.php(407): Illuminate/Database/Connection->getPdoForSelect()
#6 C:/Users/Admin/thalaivaa_api/vendor/laravel/framework/src/Illuminate/Database/Connection.php(812): Illuminate/Database/Connection->{closure:Illuminate/Database/Connection::select():398}()
#7 C:/Users/Admin/thalaivaa_api/vendor/laravel/framework/src/Illuminate/Database/Connection.php(779): Illuminate/Database/Connection->runQueryCallback()
#8 C:/Users/Admin/thalaivaa_api/vendor/laravel/framework/src/Illuminate/Database/Connection.php(398): Illuminate/Database/Connection->run()
#9 C:/Users/Admin/thalaivaa_api/vendor/laravel/framework/src/Illuminate/Database/Connection.php(344): Illuminate/Database/Connection->select()
#10 C:/Users/Admin/thalaivaa_api/vendor/laravel/framework/src/Illuminate/Database/Connection.php(361): Illuminate/Database/Connection->selectOne()
#11 C:/Users/Admin/thalaivaa_api/vendor/laravel/framework/src/Illuminate/Database/Schema/SQLiteBuilder.php(44): Illuminate/Database/Connection->scalar()
#12 C:/Users/Admin/thalaivaa_api/vendor/laravel/framework/src/Illuminate/Database/Migrations/DatabaseMigrationRepository.php(184): Illuminate/Database/Schema/SQLiteBuilder->hasTable()
#13 C:/Users/Admin/thalaivaa_api/vendor/laravel/framework/src/Illuminate/Database/Migrations/Migrator.php(742): Illuminate/Database/Migrations/DatabaseMigrationRepository->repositoryExists()
#14 C:/Users/Admin/thalaivaa_api/vendor/laravel/framework/src/Illuminate/Database/Console/Migrations/FreshCommand.php(68): Illuminate/Database/Migrations/Migrator->repositoryExists()
#15 C:/Users/Admin/thalaivaa_api/vendor/laravel/framework/src/Illuminate/Database/Migrations/Migrator.php(658): Illuminate/Database/Console/Migrations/FreshCommand->{closure:Illuminate/Database/Console/Migrations/FreshCommand::handle():67}()
#16 C:/Users/Admin/thalaivaa_api/vendor/laravel/framework/src/Illuminate/Database/Console/Migrations/FreshCommand.php(67): Illuminate/Database/Migrations/Migrator->usingConnection()
#17 C:/Users/Admin/thalaivaa_api/vendor/laravel/framework/src/Illuminate/Container/BoundMethod.php(36): Illuminate/Database/Console/Migrations/FreshCommand->handle()
#18 C:/Users/Admin/thalaivaa_api/vendor/laravel/framework/src/Illuminate/Container/Util.php(43): Illuminate/Container/BoundMethod::{closure:Illuminate/Container/BoundMethod::call():35}()
#19 C:/Users/Admin/thalaivaa_api/vendor/laravel/framework/src/Illuminate/Container/BoundMethod.php(95): Illuminate/Container/Util::unwrapIfClosure()
#20 C:/Users/Admin/thalaivaa_api/vendor/laravel/framework/src/Illuminate/Container/BoundMethod.php(35): Illuminate/Container/BoundMethod::callBoundMethod()
#21 C:/Users/Admin/thalaivaa_api/vendor/laravel/framework/src/Illuminate/Container/Container.php(696): Illuminate/Container/BoundMethod::call()
#22 C:/Users/Admin/thalaivaa_api/vendor/laravel/framework/src/Illuminate/Console/Command.php(213): Illuminate/Container/Container->call()
#23 C:/Users/Admin/thalaivaa_api/vendor/symfony/console/Command/Command.php(341): Illuminate/Console/Command->execute()
#24 C:/Users/Admin/thalaivaa_api/vendor/laravel/framework/src/Illuminate/Console/Command.php(182): Symfony/Component/Console/Command/Command->run()
#25 C:/Users/Admin/thalaivaa_api/vendor/symfony/console/Application.php(1117): Illuminate/Console/Command->run()
#26 C:/Users/Admin/thalaivaa_api/vendor/symfony/console/Application.php(356): Symfony/Component/Console/Application->doRunCommand()
#27 C:/Users/Admin/thalaivaa_api/vendor/symfony/console/Application.php(195): Symfony/Component/Console/Application->doRun()
#28 C:/Users/Admin/thalaivaa_api/vendor/laravel/framework/src/Illuminate/Foundation/Console/Kernel.php(198): Symfony/Component/Console/Application->run()
#29 C:/Users/Admin/thalaivaa_api/vendor/laravel/framework/src/Illuminate/Foundation/Application.php(1235): Illuminate/Foundation/Console/Kernel->handle()
#30 C:/Users/Admin/thalaivaa_api/artisan(18): Illuminate/Foundation/Application->handleCommand()
#31 {main}
"} 
[2026-09-12 12:35:33] local.ERROR: could not find driver (Connection: sqlite, SQL: PRAGMA foreign_keys = ON;) {"exception":"[object] (Illuminate\\Database\\QueryException(code: 0): could not find driver (Connection: sqlite, SQL: PRAGMA foreign_keys = ON;) at C:/Users/Admin/thalaivaa_api/vendor/laravel/framework/src/Illuminate/Database/Connection.php:825)
[stacktrace]
#0 C:/Users/Admin/thalaivaa_api/vendor/laravel/framework/src/Illuminate/Database/Connection.php(779): Illuminate/Database/Connection->runQueryCallback()
#1 C:/Users/Admin/thalaivaa_api/vendor/laravel/framework/src/Illuminate/Database/Connection.php(560): Illuminate/Database/Connection->run()
#2 C:/Users/Admin/thalaivaa_api/vendor/laravel/framework/src/Illuminate/Database/Schema/Builder.php(522): Illuminate/Database/Connection->statement()
#3 C:/Users/Admin/thalaivaa_api/vendor/laravel/framework/src/Illuminate/Database/SQLiteConnection.php(59): Illuminate/Database/Schema/Builder->enableForeignKeyConstraints()
#4 C:/Users/Admin/thalaivaa_api/vendor/laravel/framework/src/Illuminate/Database/SQLiteConnection.php(28): Illuminate/Database/SQLiteConnection->configureForeignKeyConstraints()
#5 C:/Users/Admin/thalaivaa_api/vendor/laravel/framework/src/Illuminate/Database/Connectors/ConnectionFactory.php(277): Illuminate/Database/SQLiteConnection->__construct()
#6 C:/Users/Admin/thalaivaa_api/vendor/laravel/framework/src/Illuminate/Database/Connectors/ConnectionFactory.php(76): Illuminate/Database/Connectors/ConnectionFactory->createConnection()
#7 C:/Users/Admin/thalaivaa_api/vendor/laravel/framework/src/Illuminate/Database/Connectors/ConnectionFactory.php(51): Illuminate/Database/Connectors/ConnectionFactory->createSingleConnection()
#8 C:/Users/Admin/thalaivaa_api/vendor/laravel/framework/src/Illuminate/Database/DatabaseManager.php(207): Illuminate/Database/Connectors/ConnectionFactory->make()
#9 C:/Users/Admin/thalaivaa_api/vendor/laravel/framework/src/Illuminate/Database/DatabaseManager.php(103): Illuminate/Database/DatabaseManager->makeConnection()
#10 C:/Users/Admin/thalaivaa_api/vendor/laravel/framework/src/Illuminate/Database/Migrations/DatabaseMigrationRepository.php(226): Illuminate/Database/DatabaseManager->connection()
#11 C:/Users/Admin/thalaivaa_api/vendor/laravel/framework/src/Illuminate/Database/Migrations/DatabaseMigrationRepository.php(182): Illuminate/Database/Migrations/DatabaseMigrationRepository->getConnection()
#12 C:/Users/Admin/thalaivaa_api/vendor/laravel/framework/src/Illuminate/Database/Migrations/Migrator.php(742): Illuminate/Database/Migrations/DatabaseMigrationRepository->repositoryExists()
#13 C:/Users/Admin/thalaivaa_api/vendor/laravel/framework/src/Illuminate/Database/Console/Migrations/FreshCommand.php(68): Illuminate/Database/Migrations/Migrator->repositoryExists()
#14 C:/Users/Admin/thalaivaa_api/vendor/laravel/framework/src/Illuminate/Database/Migrations/Migrator.php(658): Illuminate/Database/Console/Migrations/FreshCommand->{closure:Illuminate/Database/Console/Migrations/FreshCommand::handle():67}()
#15 C:/Users/Admin/thalaivaa_api/vendor/laravel/framework/src/Illuminate/Database/Console/Migrations/FreshCommand.php(67): Illuminate/Database/Migrations/Migrator->usingConnection()
#16 C:/Users/Admin/thalaivaa_api/vendor/laravel/framework/src/Illuminate/Container/BoundMethod.php(36): Illuminate/Database/Console/Migrations/FreshCommand->handle()
#17 C:/Users/Admin/thalaivaa_api/vendor/laravel/framework/src/Illuminate/Container/Util.php(43): Illuminate/Container/BoundMethod::{closure:Illuminate/Container/BoundMethod::call():35}()
#18 C:/Users/Admin/thalaivaa_api/vendor/laravel/framework/src/Illuminate/Container/BoundMethod.php(95): Illuminate/Container/Util::unwrapIfClosure()
#19 C:/Users/Admin/thalaivaa_api/vendor/laravel/framework/src/Illuminate/Container/BoundMethod.php(35): Illuminate/Container/BoundMethod::callBoundMethod()
#20 C:/Users/Admin/thalaivaa_api/vendor/laravel/framework/src/Illuminate/Container/Container.php(696): Illuminate/Container/BoundMethod::call()
#21 C:/Users/Admin/thalaivaa_api/vendor/laravel/framework/src/Illuminate/Console/Command.php(213): Illuminate/Container/Container->call()
#22 C:/Users/Admin/thalaivaa_api/vendor/symfony/console/Command/Command.php(341): Illuminate/Console/Command->execute()
#23 C:/Users/Admin/thalaivaa_api/vendor/laravel/framework/src/Illuminate/Console/Command.php(182): Symfony/Component/Console/Command/Command->run()
#24 C:/Users/Admin/thalaivaa_api/vendor/symfony/console/Application.php(1117): Illuminate/Console/Command->run()
#25 C:/Users/Admin/thalaivaa_api/vendor/symfony/console/Application.php(356): Symfony/Component/Console/Application->doRunCommand()
#26 C:/Users/Admin/thalaivaa_api/vendor/symfony/console/Application.php(195): Symfony/Component/Console/Application->doRun()
#27 C:/Users/Admin/thalaivaa_api/vendor/laravel/framework/src/Illuminate/Foundation/Console/Kernel.php(198): Symfony/Component/Console/Application->run()
#28 C:/Users/Admin/thalaivaa_api/vendor/laravel/framework/src/Illuminate/Foundation/Application.php(1235): Illuminate/Foundation/Console/Kernel->handle()
#29 C:/Users/Admin/thalaivaa_api/artisan(18): Illuminate/Foundation/Application->handleCommand()
#30 {main}

[previous exception] [object] (PDOException(code: 0): could not find driver at C:/Users/Admin/thalaivaa_api/vendor/laravel/framework/src/Illuminate/Database/Connectors/Connector.php:67)
[stacktrace]
#0 C:/Users/Admin/thalaivaa_api/vendor/laravel/framework/src/Illuminate/Database/Connectors/Connector.php(67): PDO::connect()
#1 C:/Users/Admin/thalaivaa_api/vendor/laravel/framework/src/Illuminate/Database/Connectors/Connector.php(44): Illuminate/Database/Connectors/Connector->createPdoConnection()
#2 C:/Users/Admin/thalaivaa_api/vendor/laravel/framework/src/Illuminate/Database/Connectors/SQLiteConnector.php(40): Illuminate/Database/Connectors/Connector->createConnection()
#3 C:/Users/Admin/thalaivaa_api/vendor/laravel/framework/src/Illuminate/Database/Connectors/ConnectionFactory.php(224): Illuminate/Database/Connectors/SQLiteConnector->connect()
#4 [internal function]: Illuminate/Database/Connectors/ConnectionFactory->{closure:Illuminate/Database/Connectors/ConnectionFactory::createPdoResolverWithoutHosts():224}()
#5 C:/Users/Admin/thalaivaa_api/vendor/laravel/framework/src/Illuminate/Database/Connection.php(1231): call_user_func()
#6 C:/Users/Admin/thalaivaa_api/vendor/laravel/framework/src/Illuminate/Database/Connection.php(565): Illuminate/Database/Connection->getPdo()
#7 C:/Users/Admin/thalaivaa_api/vendor/laravel/framework/src/Illuminate/Database/Connection.php(812): Illuminate/Database/Connection->{closure:Illuminate/Database/Connection::statement():560}()
#8 C:/Users/Admin/thalaivaa_api/vendor/laravel/framework/src/Illuminate/Database/Connection.php(779): Illuminate/Database/Connection->runQueryCallback()
#9 C:/Users/Admin/thalaivaa_api/vendor/laravel/framework/src/Illuminate/Database/Connection.php(560): Illuminate/Database/Connection->run()
#10 C:/Users/Admin/thalaivaa_api/vendor/laravel/framework/src/Illuminate/Database/Schema/Builder.php(522): Illuminate/Database/Connection->statement()
#11 C:/Users/Admin/thalaivaa_api/vendor/laravel/framework/src/Illuminate/Database/SQLiteConnection.php(59): Illuminate/Database/Schema/Builder->enableForeignKeyConstraints()
#12 C:/Users/Admin/thalaivaa_api/vendor/laravel/framework/src/Illuminate/Database/SQLiteConnection.php(28): Illuminate/Database/SQLiteConnection->configureForeignKeyConstraints()
#13 C:/Users/Admin/thalaivaa_api/vendor/laravel/framework/src/Illuminate/Database/Connectors/ConnectionFactory.php(277): Illuminate/Database/SQLiteConnection->__construct()
#14 C:/Users/Admin/thalaivaa_api/vendor/laravel/framework/src/Illuminate/Database/Connectors/ConnectionFactory.php(76): Illuminate/Database/Connectors/ConnectionFactory->createConnection()
#15 C:/Users/Admin/thalaivaa_api/vendor/laravel/framework/src/Illuminate/Database/Connectors/ConnectionFactory.php(51): Illuminate/Database/Connectors/ConnectionFactory->createSingleConnection()
#16 C:/Users/Admin/thalaivaa_api/vendor/laravel/framework/src/Illuminate/Database/DatabaseManager.php(207): Illuminate/Database/Connectors/ConnectionFactory->make()
#17 C:/Users/Admin/thalaivaa_api/vendor/laravel/framework/src/Illuminate/Database/DatabaseManager.php(103): Illuminate/Database/DatabaseManager->makeConnection()
#18 C:/Users/Admin/thalaivaa_api/vendor/laravel/framework/src/Illuminate/Database/Migrations/DatabaseMigrationRepository.php(226): Illuminate/Database/DatabaseManager->connection()
#19 C:/Users/Admin/thalaivaa_api/vendor/laravel/framework/src/Illuminate/Database/Migrations/DatabaseMigrationRepository.php(182): Illuminate/Database/Migrations/DatabaseMigrationRepository->getConnection()
#20 C:/Users/Admin/thalaivaa_api/vendor/laravel/framework/src/Illuminate/Database/Migrations/Migrator.php(742): Illuminate/Database/Migrations/DatabaseMigrationRepository->repositoryExists()
#21 C:/Users/Admin/thalaivaa_api/vendor/laravel/framework/src/Illuminate/Database/Console/Migrations/FreshCommand.php(68): Illuminate/Database/Migrations/Migrator->repositoryExists()
#22 C:/Users/Admin/thalaivaa_api/vendor/laravel/framework/src/Illuminate/Database/Migrations/Migrator.php(658): Illuminate/Database/Console/Migrations/FreshCommand->{closure:Illuminate/Database/Console/Migrations/FreshCommand::handle():67}()
#23 C:/Users/Admin/thalaivaa_api/vendor/laravel/framework/src/Illuminate/Database/Console/Migrations/FreshCommand.php(67): Illuminate/Database/Migrations/Migrator->usingConnection()
#24 C:/Users/Admin/thalaivaa_api/vendor/laravel/framework/src/Illuminate/Container/BoundMethod.php(36): Illuminate/Database/Console/Migrations/FreshCommand->handle()
#25 C:/Users/Admin/thalaivaa_api/vendor/laravel/framework/src/Illuminate/Container/Util.php(43): Illuminate/Container/BoundMethod::{closure:Illuminate/Container/BoundMethod::call():35}()
#26 C:/Users/Admin/thalaivaa_api/vendor/laravel/framework/src/Illuminate/Container/BoundMethod.php(95): Illuminate/Container/Util::unwrapIfClosure()
#27 C:/Users/Admin/thalaivaa_api/vendor/laravel/framework/src/Illuminate/Container/BoundMethod.php(35): Illuminate/Container/BoundMethod::callBoundMethod()
#28 C:/Users/Admin/thalaivaa_api/vendor/laravel/framework/src/Illuminate/Container/Container.php(696): Illuminate/Container/BoundMethod::call()
#29 C:/Users/Admin/thalaivaa_api/vendor/laravel/framework/src/Illuminate/Console/Command.php(213): Illuminate/Container/Container->call()
#30 C:/Users/Admin/thalaivaa_api/vendor/symfony/console/Command/Command.php(341): Illuminate/Console/Command->execute()
#31 C:/Users/Admin/thalaivaa_api/vendor/laravel/framework/src/Illuminate/Console/Command.php(182): Symfony/Component/Console/Command/Command->run()
#32 C:/Users/Admin/thalaivaa_api/vendor/symfony/console/Application.php(1117): Illuminate/Console/Command->run()
#33 C:/Users/Admin/thalaivaa_api/vendor/symfony/console/Application.php(356): Symfony/Component/Console/Application->doRunCommand()
#34 C:/Users/Admin/thalaivaa_api/vendor/symfony/console/Application.php(195): Symfony/Component/Console/Application->doRun()
#35 C:/Users/Admin/thalaivaa_api/vendor/laravel/framework/src/Illuminate/Foundation/Console/Kernel.php(198): Symfony/Component/Console/Application->run()
#36 C:/Users/Admin/thalaivaa_api/vendor/laravel/framework/src/Illuminate/Foundation/Application.php(1235): Illuminate/Foundation/Console/Kernel->handle()
#37 C:/Users/Admin/thalaivaa_api/artisan(18): Illuminate/Foundation/Application->handleCommand()
#38 {main}
"} 
[2026-09-12 12:35:52] local.ERROR: Method Illuminate\Database\Schema\Blueprint::check does not exist. {"exception":"[object] (BadMethodCallException(code: 0): Method Illuminate\\Database\\Schema\\Blueprint::check does not exist. at C:/Users/Admin/thalaivaa_api/vendor/laravel/framework/src/Illuminate/Macroable/Traits/Macroable.php:115)
[stacktrace]
#0 C:/Users/Admin/thalaivaa_api/database/migrations/2026_09_10_171100_create_core_phase2_tables.php(17): Illuminate/Database/Schema/Blueprint->__call()
#1 C:/Users/Admin/thalaivaa_api/vendor/laravel/framework/src/Illuminate/Database/Schema/Builder.php(421): Illuminate/Database/Migrations/Migration@anonymous->{closure:Illuminate/Database/Migrations/Migration@anonymous()
#2 C:/Users/Admin/thalaivaa_api/vendor/laravel/framework/src/Illuminate/Support/helpers.php(399): Illuminate/Database/Schema/Builder->{closure:Illuminate/Database/Schema/Builder::create():418}()
#3 C:/Users/Admin/thalaivaa_api/vendor/laravel/framework/src/Illuminate/Database/Schema/Builder.php(418): tap()
#4 C:/Users/Admin/thalaivaa_api/vendor/laravel/framework/src/Illuminate/Support/Facades/Facade.php(361): Illuminate/Database/Schema/Builder->create()
#5 C:/Users/Admin/thalaivaa_api/database/migrations/2026_09_10_171100_create_core_phase2_tables.php(10): Illuminate/Support/Facades/Facade::__callStatic()
#6 C:/Users/Admin/thalaivaa_api/vendor/laravel/framework/src/Illuminate/Database/Migrations/Migrator.php(507): Illuminate/Database/Migrations/Migration@anonymous->up()
#7 C:/Users/Admin/thalaivaa_api/vendor/laravel/framework/src/Illuminate/Database/Migrations/Migrator.php(432): Illuminate/Database/Migrations/Migrator->runMethod()
#8 C:/Users/Admin/thalaivaa_api/vendor/laravel/framework/src/Illuminate/Database/Migrations/Migrator.php(441): Illuminate/Database/Migrations/Migrator->{closure:Illuminate/Database/Migrations/Migrator::runMigration():428}()
#9 C:/Users/Admin/thalaivaa_api/vendor/laravel/framework/src/Illuminate/Database/Migrations/Migrator.php(244): Illuminate/Database/Migrations/Migrator->runMigration()
#10 C:/Users/Admin/thalaivaa_api/vendor/laravel/framework/src/Illuminate/Console/View/Components/Task.php(40): Illuminate/Database/Migrations/Migrator->{closure:Illuminate/Database/Migrations/Migrator::runUp():244}()
#11 C:/Users/Admin/thalaivaa_api/vendor/laravel/framework/src/Illuminate/Database/Migrations/Migrator.php(798): Illuminate/Console/View/Components/Task->render()
#12 C:/Users/Admin/thalaivaa_api/vendor/laravel/framework/src/Illuminate/Database/Migrations/Migrator.php(244): Illuminate/Database/Migrations/Migrator->write()
#13 C:/Users/Admin/thalaivaa_api/vendor/laravel/framework/src/Illuminate/Database/Migrations/Migrator.php(211): Illuminate/Database/Migrations/Migrator->runUp()
#14 C:/Users/Admin/thalaivaa_api/vendor/laravel/framework/src/Illuminate/Database/Migrations/Migrator.php(138): Illuminate/Database/Migrations/Migrator->runPending()
#15 C:/Users/Admin/thalaivaa_api/vendor/laravel/framework/src/Illuminate/Database/Console/Migrations/MigrateCommand.php(117): Illuminate/Database/Migrations/Migrator->run()
#16 C:/Users/Admin/thalaivaa_api/vendor/laravel/framework/src/Illuminate/Database/Migrations/Migrator.php(658): Illuminate/Database/Console/Migrations/MigrateCommand->{closure:Illuminate/Database/Console/Migrations/MigrateCommand::runMigrations():110}()
#17 C:/Users/Admin/thalaivaa_api/vendor/laravel/framework/src/Illuminate/Database/Console/Migrations/MigrateCommand.php(110): Illuminate/Database/Migrations/Migrator->usingConnection()
#18 C:/Users/Admin/thalaivaa_api/vendor/laravel/framework/src/Illuminate/Database/Console/Migrations/MigrateCommand.php(89): Illuminate/Database/Console/Migrations/MigrateCommand->runMigrations()
#19 C:/Users/Admin/thalaivaa_api/vendor/laravel/framework/src/Illuminate/Container/BoundMethod.php(36): Illuminate/Database/Console/Migrations/MigrateCommand->handle()
#20 C:/Users/Admin/thalaivaa_api/vendor/laravel/framework/src/Illuminate/Container/Util.php(43): Illuminate/Container/BoundMethod::{closure:Illuminate/Container/BoundMethod::call():35}()
#21 C:/Users/Admin/thalaivaa_api/vendor/laravel/framework/src/Illuminate/Container/BoundMethod.php(95): Illuminate/Container/Util::unwrapIfClosure()
#22 C:/Users/Admin/thalaivaa_api/vendor/laravel/framework/src/Illuminate/Container/BoundMethod.php(35): Illuminate/Container/BoundMethod::callBoundMethod()
#23 C:/Users/Admin/thalaivaa_api/vendor/laravel/framework/src/Illuminate/Container/Container.php(696): Illuminate/Container/BoundMethod::call()
#24 C:/Users/Admin/thalaivaa_api/vendor/laravel/framework/src/Illuminate/Console/Command.php(213): Illuminate/Container/Container->call()
#25 C:/Users/Admin/thalaivaa_api/vendor/symfony/console/Command/Command.php(341): Illuminate/Console/Command->execute()
#26 C:/Users/Admin/thalaivaa_api/vendor/laravel/framework/src/Illuminate/Console/Command.php(182): Symfony/Component/Console/Command/Command->run()
#27 C:/Users/Admin/thalaivaa_api/vendor/laravel/framework/src/Illuminate/Console/Concerns/CallsCommands.php(68): Illuminate/Console/Command->run()
#28 C:/Users/Admin/thalaivaa_api/vendor/laravel/framework/src/Illuminate/Console/Concerns/CallsCommands.php(29): Illuminate/Console/Command->runCommand()
#29 C:/Users/Admin/thalaivaa_api/vendor/laravel/framework/src/Illuminate/Database/Console/Migrations/FreshCommand.php(82): Illuminate/Console/Command->call()
#30 C:/Users/Admin/thalaivaa_api/vendor/laravel/framework/src/Illuminate/Container/BoundMethod.php(36): Illuminate/Database/Console/Migrations/FreshCommand->handle()
#31 C:/Users/Admin/thalaivaa_api/vendor/laravel/framework/src/Illuminate/Container/Util.php(43): Illuminate/Container/BoundMethod::{closure:Illuminate/Container/BoundMethod::call():35}()
#32 C:/Users/Admin/thalaivaa_api/vendor/laravel/framework/src/Illuminate/Container/BoundMethod.php(95): Illuminate/Container/Util::unwrapIfClosure()
#33 C:/Users/Admin/thalaivaa_api/vendor/laravel/framework/src/Illuminate/Container/BoundMethod.php(35): Illuminate/Container/BoundMethod::callBoundMethod()
#34 C:/Users/Admin/thalaivaa_api/vendor/laravel/framework/src/Illuminate/Container/Container.php(696): Illuminate/Container/BoundMethod::call()
#35 C:/Users/Admin/thalaivaa_api/vendor/laravel/framework/src/Illuminate/Console/Command.php(213): Illuminate/Container/Container->call()
#36 C:/Users/Admin/thalaivaa_api/vendor/symfony/console/Command/Command.php(341): Illuminate/Console/Command->execute()
#37 C:/Users/Admin/thalaivaa_api/vendor/laravel/framework/src/Illuminate/Console/Command.php(182): Symfony/Component/Console/Command/Command->run()
#38 C:/Users/Admin/thalaivaa_api/vendor/symfony/console/Application.php(1117): Illuminate/Console/Command->run()
#39 C:/Users/Admin/thalaivaa_api/vendor/symfony/console/Application.php(356): Symfony/Component/Console/Application->doRunCommand()
#40 C:/Users/Admin/thalaivaa_api/vendor/symfony/console/Application.php(195): Symfony/Component/Console/Application->doRun()
#41 C:/Users/Admin/thalaivaa_api/vendor/laravel/framework/src/Illuminate/Foundation/Console/Kernel.php(198): Symfony/Component/Console/Application->run()
#42 C:/Users/Admin/thalaivaa_api/vendor/laravel/framework/src/Illuminate/Foundation/Application.php(1235): Illuminate/Foundation/Console/Kernel->handle()
#43 C:/Users/Admin/thalaivaa_api/artisan(18): Illuminate/Foundation/Application->handleCommand()
#44 {main}
"} 
[2026-09-12 12:36:04] local.ERROR: SQLSTATE[23000]: Integrity constraint violation: 19 FOREIGN KEY constraint failed (Connection: sqlite, SQL: insert into "coupons" ("id", "branch_id", "code", "type", "value", "valid_from", "valid_to", "max_uses", "used_count", "is_active", "updated_at", "created_at") values (d5cd1198-bb77-4f49-b397-33c2aa6ccb79, 1, THALAIVAA50, fixed, 50, 2026-09-11 12:36:04, 2026-12-12 12:36:04, 5000, 12, 1, 2026-09-12 12:36:04, 2026-09-12 12:36:04)) {"exception":"[object] (Illuminate\\Database\\QueryException(code: 23000): SQLSTATE[23000]: Integrity constraint violation: 19 FOREIGN KEY constraint failed (Connection: sqlite, SQL: insert into \"coupons\" (\"id\", \"branch_id\", \"code\", \"type\", \"value\", \"valid_from\", \"valid_to\", \"max_uses\", \"used_count\", \"is_active\", \"updated_at\", \"created_at\") values (d5cd1198-bb77-4f49-b397-33c2aa6ccb79, 1, THALAIVAA50, fixed, 50, 2026-09-11 12:36:04, 2026-12-12 12:36:04, 5000, 12, 1, 2026-09-12 12:36:04, 2026-09-12 12:36:04)) at C:/Users/Admin/thalaivaa_api/vendor/laravel/framework/src/Illuminate/Database/Connection.php:825)
[stacktrace]
#0 C:/Users/Admin/thalaivaa_api/vendor/laravel/framework/src/Illuminate/Database/Connection.php(779): Illuminate/Database/Connection->runQueryCallback()
#1 C:/Users/Admin/thalaivaa_api/vendor/laravel/framework/src/Illuminate/Database/Connection.php(560): Illuminate/Database/Connection->run()
#2 C:/Users/Admin/thalaivaa_api/vendor/laravel/framework/src/Illuminate/Database/Connection.php(524): Illuminate/Database/Connection->statement()
#3 C:/Users/Admin/thalaivaa_api/vendor/laravel/framework/src/Illuminate/Database/Query/Processors/Processor.php(32): Illuminate/Database/Connection->insert()
#4 C:/Users/Admin/thalaivaa_api/vendor/laravel/framework/src/Illuminate/Database/Query/Builder.php(3766): Illuminate/Database/Query/Processors/Processor->processInsertGetId()
#5 C:/Users/Admin/thalaivaa_api/vendor/laravel/framework/src/Illuminate/Database/Eloquent/Builder.php(2120): Illuminate/Database/Query/Builder->insertGetId()
#6 C:/Users/Admin/thalaivaa_api/vendor/laravel/framework/src/Illuminate/Database/Eloquent/Model.php(1359): Illuminate/Database/Eloquent/Builder->__call()
#7 C:/Users/Admin/thalaivaa_api/vendor/laravel/framework/src/Illuminate/Database/Eloquent/Model.php(1324): Illuminate/Database/Eloquent/Model->insertAndSetId()
#8 C:/Users/Admin/thalaivaa_api/vendor/laravel/framework/src/Illuminate/Database/Eloquent/Model.php(1163): Illuminate/Database/Eloquent/Model->performInsert()
#9 C:/Users/Admin/thalaivaa_api/vendor/laravel/framework/src/Illuminate/Database/Eloquent/Builder.php(1128): Illuminate/Database/Eloquent/Model->save()
#10 C:/Users/Admin/thalaivaa_api/vendor/laravel/framework/src/Illuminate/Support/helpers.php(399): Illuminate/Database/Eloquent/Builder->{closure:Illuminate/Database/Eloquent/Builder::create():1127}()
#11 C:/Users/Admin/thalaivaa_api/vendor/laravel/framework/src/Illuminate/Database/Eloquent/Builder.php(1127): tap()
#12 C:/Users/Admin/thalaivaa_api/vendor/laravel/framework/src/Illuminate/Support/Traits/ForwardsCalls.php(23): Illuminate/Database/Eloquent/Builder->create()
#13 C:/Users/Admin/thalaivaa_api/vendor/laravel/framework/src/Illuminate/Database/Eloquent/Model.php(2372): Illuminate/Database/Eloquent/Model->forwardCallTo()
#14 C:/Users/Admin/thalaivaa_api/vendor/laravel/framework/src/Illuminate/Database/Eloquent/Model.php(2384): Illuminate/Database/Eloquent/Model->__call()
#15 C:/Users/Admin/thalaivaa_api/database/seeders/DatabaseSeeder.php(70): Illuminate/Database/Eloquent/Model::__callStatic()
#16 C:/Users/Admin/thalaivaa_api/vendor/laravel/framework/src/Illuminate/Container/BoundMethod.php(36): Database/Seeders/DatabaseSeeder->run()
#17 C:/Users/Admin/thalaivaa_api/vendor/laravel/framework/src/Illuminate/Container/Util.php(43): Illuminate/Container/BoundMethod::{closure:Illuminate/Container/BoundMethod::call():35}()
#18 C:/Users/Admin/thalaivaa_api/vendor/laravel/framework/src/Illuminate/Container/BoundMethod.php(95): Illuminate/Container/Util::unwrapIfClosure()
#19 C:/Users/Admin/thalaivaa_api/vendor/laravel/framework/src/Illuminate/Container/BoundMethod.php(35): Illuminate/Container/BoundMethod::callBoundMethod()
#20 C:/Users/Admin/thalaivaa_api/vendor/laravel/framework/src/Illuminate/Container/Container.php(696): Illuminate/Container/BoundMethod::call()
#21 C:/Users/Admin/thalaivaa_api/vendor/laravel/framework/src/Illuminate/Database/Seeder.php(188): Illuminate/Container/Container->call()
#22 C:/Users/Admin/thalaivaa_api/vendor/laravel/framework/src/Illuminate/Database/Seeder.php(197): Illuminate/Database/Seeder->{closure:Illuminate/Database/Seeder::__invoke():187}()
#23 C:/Users/Admin/thalaivaa_api/vendor/laravel/framework/src/Illuminate/Database/Console/Seeds/SeedCommand.php(70): Illuminate/Database/Seeder->__invoke()
#24 C:/Users/Admin/thalaivaa_api/vendor/laravel/framework/src/Illuminate/Database/Eloquent/Concerns/GuardsAttributes.php(155): Illuminate/Database/Console/Seeds/SeedCommand->{closure:Illuminate/Database/Console/Seeds/SeedCommand::handle():69}()
#25 C:/Users/Admin/thalaivaa_api/vendor/laravel/framework/src/Illuminate/Database/Console/Seeds/SeedCommand.php(69): Illuminate/Database/Eloquent/Model::unguarded()
#26 C:/Users/Admin/thalaivaa_api/vendor/laravel/framework/src/Illuminate/Container/BoundMethod.php(36): Illuminate/Database/Console/Seeds/SeedCommand->handle()
#27 C:/Users/Admin/thalaivaa_api/vendor/laravel/framework/src/Illuminate/Container/Util.php(43): Illuminate/Container/BoundMethod::{closure:Illuminate/Container/BoundMethod::call():35}()
#28 C:/Users/Admin/thalaivaa_api/vendor/laravel/framework/src/Illuminate/Container/BoundMethod.php(95): Illuminate/Container/Util::unwrapIfClosure()
#29 C:/Users/Admin/thalaivaa_api/vendor/laravel/framework/src/Illuminate/Container/BoundMethod.php(35): Illuminate/Container/BoundMethod::callBoundMethod()
#30 C:/Users/Admin/thalaivaa_api/vendor/laravel/framework/src/Illuminate/Container/Container.php(696): Illuminate/Container/BoundMethod::call()
#31 C:/Users/Admin/thalaivaa_api/vendor/laravel/framework/src/Illuminate/Console/Command.php(213): Illuminate/Container/Container->call()
#32 C:/Users/Admin/thalaivaa_api/vendor/symfony/console/Command/Command.php(341): Illuminate/Console/Command->execute()
#33 C:/Users/Admin/thalaivaa_api/vendor/laravel/framework/src/Illuminate/Console/Command.php(182): Symfony/Component/Console/Command/Command->run()
#34 C:/Users/Admin/thalaivaa_api/vendor/laravel/framework/src/Illuminate/Console/Concerns/CallsCommands.php(68): Illuminate/Console/Command->run()
#35 C:/Users/Admin/thalaivaa_api/vendor/laravel/framework/src/Illuminate/Console/Concerns/CallsCommands.php(29): Illuminate/Console/Command->runCommand()
#36 C:/Users/Admin/thalaivaa_api/vendor/laravel/framework/src/Illuminate/Database/Console/Migrations/FreshCommand.php(122): Illuminate/Console/Command->call()
#37 C:/Users/Admin/thalaivaa_api/vendor/laravel/framework/src/Illuminate/Database/Console/Migrations/FreshCommand.php(98): Illuminate/Database/Console/Migrations/FreshCommand->runSeeder()
#38 C:/Users/Admin/thalaivaa_api/vendor/laravel/framework/src/Illuminate/Container/BoundMethod.php(36): Illuminate/Database/Console/Migrations/FreshCommand->handle()
#39 C:/Users/Admin/thalaivaa_api/vendor/laravel/framework/src/Illuminate/Container/Util.php(43): Illuminate/Container/BoundMethod::{closure:Illuminate/Container/BoundMethod::call():35}()
#40 C:/Users/Admin/thalaivaa_api/vendor/laravel/framework/src/Illuminate/Container/BoundMethod.php(95): Illuminate/Container/Util::unwrapIfClosure()
#41 C:/Users/Admin/thalaivaa_api/vendor/laravel/framework/src/Illuminate/Container/BoundMethod.php(35): Illuminate/Container/BoundMethod::callBoundMethod()
#42 C:/Users/Admin/thalaivaa_api/vendor/laravel/framework/src/Illuminate/Container/Container.php(696): Illuminate/Container/BoundMethod::call()
#43 C:/Users/Admin/thalaivaa_api/vendor/laravel/framework/src/Illuminate/Console/Command.php(213): Illuminate/Container/Container->call()
#44 C:/Users/Admin/thalaivaa_api/vendor/symfony/console/Command/Command.php(341): Illuminate/Console/Command->execute()
#45 C:/Users/Admin/thalaivaa_api/vendor/laravel/framework/src/Illuminate/Console/Command.php(182): Symfony/Component/Console/Command/Command->run()
#46 C:/Users/Admin/thalaivaa_api/vendor/symfony/console/Application.php(1117): Illuminate/Console/Command->run()
#47 C:/Users/Admin/thalaivaa_api/vendor/symfony/console/Application.php(356): Symfony/Component/Console/Application->doRunCommand()
#48 C:/Users/Admin/thalaivaa_api/vendor/symfony/console/Application.php(195): Symfony/Component/Console/Application->doRun()
#49 C:/Users/Admin/thalaivaa_api/vendor/laravel/framework/src/Illuminate/Foundation/Console/Kernel.php(198): Symfony/Component/Console/Application->run()
#50 C:/Users/Admin/thalaivaa_api/vendor/laravel/framework/src/Illuminate/Foundation/Application.php(1235): Illuminate/Foundation/Console/Kernel->handle()
#51 C:/Users/Admin/thalaivaa_api/artisan(18): Illuminate/Foundation/Application->handleCommand()
#52 {main}

[previous exception] [object] (PDOException(code: 23000): SQLSTATE[23000]: Integrity constraint violation: 19 FOREIGN KEY constraint failed at C:/Users/Admin/thalaivaa_api/vendor/laravel/framework/src/Illuminate/Database/Connection.php:571)
[stacktrace]
#0 C:/Users/Admin/thalaivaa_api/vendor/laravel/framework/src/Illuminate/Database/Connection.php(571): PDOStatement->execute()
#1 C:/Users/Admin/thalaivaa_api/vendor/laravel/framework/src/Illuminate/Database/Connection.php(812): Illuminate/Database/Connection->{closure:Illuminate/Database/Connection::statement():560}()
#2 C:/Users/Admin/thalaivaa_api/vendor/laravel/framework/src/Illuminate/Database/Connection.php(779): Illuminate/Database/Connection->runQueryCallback()
#3 C:/Users/Admin/thalaivaa_api/vendor/laravel/framework/src/Illuminate/Database/Connection.php(560): Illuminate/Database/Connection->run()
#4 C:/Users/Admin/thalaivaa_api/vendor/laravel/framework/src/Illuminate/Database/Connection.php(524): Illuminate/Database/Connection->statement()
#5 C:/Users/Admin/thalaivaa_api/vendor/laravel/framework/src/Illuminate/Database/Query/Processors/Processor.php(32): Illuminate/Database/Connection->insert()
#6 C:/Users/Admin/thalaivaa_api/vendor/laravel/framework/src/Illuminate/Database/Query/Builder.php(3766): Illuminate/Database/Query/Processors/Processor->processInsertGetId()
#7 C:/Users/Admin/thalaivaa_api/vendor/laravel/framework/src/Illuminate/Database/Eloquent/Builder.php(2120): Illuminate/Database/Query/Builder->insertGetId()
#8 C:/Users/Admin/thalaivaa_api/vendor/laravel/framework/src/Illuminate/Database/Eloquent/Model.php(1359): Illuminate/Database/Eloquent/Builder->__call()
#9 C:/Users/Admin/thalaivaa_api/vendor/laravel/framework/src/Illuminate/Database/Eloquent/Model.php(1324): Illuminate/Database/Eloquent/Model->insertAndSetId()
#10 C:/Users/Admin/thalaivaa_api/vendor/laravel/framework/src/Illuminate/Database/Eloquent/Model.php(1163): Illuminate/Database/Eloquent/Model->performInsert()
#11 C:/Users/Admin/thalaivaa_api/vendor/laravel/framework/src/Illuminate/Database/Eloquent/Builder.php(1128): Illuminate/Database/Eloquent/Model->save()
#12 C:/Users/Admin/thalaivaa_api/vendor/laravel/framework/src/Illuminate/Support/helpers.php(399): Illuminate/Database/Eloquent/Builder->{closure:Illuminate/Database/Eloquent/Builder::create():1127}()
#13 C:/Users/Admin/thalaivaa_api/vendor/laravel/framework/src/Illuminate/Database/Eloquent/Builder.php(1127): tap()
#14 C:/Users/Admin/thalaivaa_api/vendor/laravel/framework/src/Illuminate/Support/Traits/ForwardsCalls.php(23): Illuminate/Database/Eloquent/Builder->create()
#15 C:/Users/Admin/thalaivaa_api/vendor/laravel/framework/src/Illuminate/Database/Eloquent/Model.php(2372): Illuminate/Database/Eloquent/Model->forwardCallTo()
#16 C:/Users/Admin/thalaivaa_api/vendor/laravel/framework/src/Illuminate/Database/Eloquent/Model.php(2384): Illuminate/Database/Eloquent/Model->__call()
#17 C:/Users/Admin/thalaivaa_api/database/seeders/DatabaseSeeder.php(70): Illuminate/Database/Eloquent/Model::__callStatic()
#18 C:/Users/Admin/thalaivaa_api/vendor/laravel/framework/src/Illuminate/Container/BoundMethod.php(36): Database/Seeders/DatabaseSeeder->run()
#19 C:/Users/Admin/thalaivaa_api/vendor/laravel/framework/src/Illuminate/Container/Util.php(43): Illuminate/Container/BoundMethod::{closure:Illuminate/Container/BoundMethod::call():35}()
#20 C:/Users/Admin/thalaivaa_api/vendor/laravel/framework/src/Illuminate/Container/BoundMethod.php(95): Illuminate/Container/Util::unwrapIfClosure()
#21 C:/Users/Admin/thalaivaa_api/vendor/laravel/framework/src/Illuminate/Container/BoundMethod.php(35): Illuminate/Container/BoundMethod::callBoundMethod()
#22 C:/Users/Admin/thalaivaa_api/vendor/laravel/framework/src/Illuminate/Container/Container.php(696): Illuminate/Container/BoundMethod::call()
#23 C:/Users/Admin/thalaivaa_api/vendor/laravel/framework/src/Illuminate/Database/Seeder.php(188): Illuminate/Container/Container->call()
#24 C:/Users/Admin/thalaivaa_api/vendor/laravel/framework/src/Illuminate/Database/Seeder.php(197): Illuminate/Database/Seeder->{closure:Illuminate/Database/Seeder::__invoke():187}()
#25 C:/Users/Admin/thalaivaa_api/vendor/laravel/framework/src/Illuminate/Database/Console/Seeds/SeedCommand.php(70): Illuminate/Database/Seeder->__invoke()
#26 C:/Users/Admin/thalaivaa_api/vendor/laravel/framework/src/Illuminate/Database/Eloquent/Concerns/GuardsAttributes.php(155): Illuminate/Database/Console/Seeds/SeedCommand->{closure:Illuminate/Database/Console/Seeds/SeedCommand::handle():69}()
#27 C:/Users/Admin/thalaivaa_api/vendor/laravel/framework/src/Illuminate/Database/Console/Seeds/SeedCommand.php(69): Illuminate/Database/Eloquent/Model::unguarded()
#28 C:/Users/Admin/thalaivaa_api/vendor/laravel/framework/src/Illuminate/Container/BoundMethod.php(36): Illuminate/Database/Console/Seeds/SeedCommand->handle()
#29 C:/Users/Admin/thalaivaa_api/vendor/laravel/framework/src/Illuminate/Container/Util.php(43): Illuminate/Container/BoundMethod::{closure:Illuminate/Container/BoundMethod::call():35}()
#30 C:/Users/Admin/thalaivaa_api/vendor/laravel/framework/src/Illuminate/Container/BoundMethod.php(95): Illuminate/Container/Util::unwrapIfClosure()
#31 C:/Users/Admin/thalaivaa_api/vendor/laravel/framework/src/Illuminate/Container/BoundMethod.php(35): Illuminate/Container/BoundMethod::callBoundMethod()
#32 C:/Users/Admin/thalaivaa_api/vendor/laravel/framework/src/Illuminate/Container/Container.php(696): Illuminate/Container/BoundMethod::call()
#33 C:/Users/Admin/thalaivaa_api/vendor/laravel/framework/src/Illuminate/Console/Command.php(213): Illuminate/Container/Container->call()
#34 C:/Users/Admin/thalaivaa_api/vendor/symfony/console/Command/Command.php(341): Illuminate/Console/Command->execute()
#35 C:/Users/Admin/thalaivaa_api/vendor/laravel/framework/src/Illuminate/Console/Command.php(182): Symfony/Component/Console/Command/Command->run()
#36 C:/Users/Admin/thalaivaa_api/vendor/laravel/framework/src/Illuminate/Console/Concerns/CallsCommands.php(68): Illuminate/Console/Command->run()
#37 C:/Users/Admin/thalaivaa_api/vendor/laravel/framework/src/Illuminate/Console/Concerns/CallsCommands.php(29): Illuminate/Console/Command->runCommand()
#38 C:/Users/Admin/thalaivaa_api/vendor/laravel/framework/src/Illuminate/Database/Console/Migrations/FreshCommand.php(122): Illuminate/Console/Command->call()
#39 C:/Users/Admin/thalaivaa_api/vendor/laravel/framework/src/Illuminate/Database/Console/Migrations/FreshCommand.php(98): Illuminate/Database/Console/Migrations/FreshCommand->runSeeder()
#40 C:/Users/Admin/thalaivaa_api/vendor/laravel/framework/src/Illuminate/Container/BoundMethod.php(36): Illuminate/Database/Console/Migrations/FreshCommand->handle()
#41 C:/Users/Admin/thalaivaa_api/vendor/laravel/framework/src/Illuminate/Container/Util.php(43): Illuminate/Container/BoundMethod::{closure:Illuminate/Container/BoundMethod::call():35}()
#42 C:/Users/Admin/thalaivaa_api/vendor/laravel/framework/src/Illuminate/Container/BoundMethod.php(95): Illuminate/Container/Util::unwrapIfClosure()
#43 C:/Users/Admin/thalaivaa_api/vendor/laravel/framework/src/Illuminate/Container/BoundMethod.php(35): Illuminate/Container/BoundMethod::callBoundMethod()
#44 C:/Users/Admin/thalaivaa_api/vendor/laravel/framework/src/Illuminate/Container/Container.php(696): Illuminate/Container/BoundMethod::call()
#45 C:/Users/Admin/thalaivaa_api/vendor/laravel/framework/src/Illuminate/Console/Command.php(213): Illuminate/Container/Container->call()
#46 C:/Users/Admin/thalaivaa_api/vendor/symfony/console/Command/Command.php(341): Illuminate/Console/Command->execute()
#47 C:/Users/Admin/thalaivaa_api/vendor/laravel/framework/src/Illuminate/Console/Command.php(182): Symfony/Component/Console/Command/Command->run()
#48 C:/Users/Admin/thalaivaa_api/vendor/symfony/console/Application.php(1117): Illuminate/Console/Command->run()
#49 C:/Users/Admin/thalaivaa_api/vendor/symfony/console/Application.php(356): Symfony/Component/Console/Application->doRunCommand()
#50 C:/Users/Admin/thalaivaa_api/vendor/symfony/console/Application.php(195): Symfony/Component/Console/Application->doRun()
#51 C:/Users/Admin/thalaivaa_api/vendor/laravel/framework/src/Illuminate/Foundation/Console/Kernel.php(198): Symfony/Component/Console/Application->run()
#52 C:/Users/Admin/thalaivaa_api/vendor/laravel/framework/src/Illuminate/Foundation/Application.php(1235): Illuminate/Foundation/Console/Kernel->handle()
#53 C:/Users/Admin/thalaivaa_api/artisan(18): Illuminate/Foundation/Application->handleCommand()
#54 {main}
"} 
[2026-09-12 12:36:19] local.ERROR: Too few arguments to function Illuminate\Database\Eloquent\Model::setAttribute(), 1 passed in C:\Users\Admin\thalaivaa_api\vendor\laravel\framework\src\Illuminate\Database\Eloquent\Concerns\HasAttributes.php on line 1122 and exactly 2 expected {"exception":"[object] (ArgumentCountError(code: 0): Too few arguments to function Illuminate\\Database\\Eloquent\\Model::setAttribute(), 1 passed in C:\\Users\\Admin\\thalaivaa_api\\vendor\\laravel\\framework\\src\\Illuminate\\Database\\Eloquent\\Concerns\\HasAttributes.php on line 1122 and exactly 2 expected at C:/Users/Admin/thalaivaa_api/vendor/laravel/framework/src/Illuminate/Database/Eloquent/Concerns/HasAttributes.php:1022)
[stacktrace]
#0 C:/Users/Admin/thalaivaa_api/vendor/laravel/framework/src/Illuminate/Database/Eloquent/Concerns/HasAttributes.php(1122): Illuminate/Database/Eloquent/Model->setAttribute()
#1 C:/Users/Admin/thalaivaa_api/vendor/laravel/framework/src/Illuminate/Database/Eloquent/Concerns/HasAttributes.php(1028): Illuminate/Database/Eloquent/Model->setMutatedAttributeValue()
#2 C:/Users/Admin/thalaivaa_api/vendor/laravel/framework/src/Illuminate/Database/Eloquent/Model.php(1361): Illuminate/Database/Eloquent/Model->setAttribute()
#3 C:/Users/Admin/thalaivaa_api/vendor/laravel/framework/src/Illuminate/Database/Eloquent/Model.php(1324): Illuminate/Database/Eloquent/Model->insertAndSetId()
#4 C:/Users/Admin/thalaivaa_api/vendor/laravel/framework/src/Illuminate/Database/Eloquent/Model.php(1163): Illuminate/Database/Eloquent/Model->performInsert()
#5 C:/Users/Admin/thalaivaa_api/vendor/laravel/framework/src/Illuminate/Database/Eloquent/Builder.php(1128): Illuminate/Database/Eloquent/Model->save()
#6 C:/Users/Admin/thalaivaa_api/vendor/laravel/framework/src/Illuminate/Support/helpers.php(399): Illuminate/Database/Eloquent/Builder->{closure:Illuminate/Database/Eloquent/Builder::create():1127}()
#7 C:/Users/Admin/thalaivaa_api/vendor/laravel/framework/src/Illuminate/Database/Eloquent/Builder.php(1127): tap()
#8 C:/Users/Admin/thalaivaa_api/vendor/laravel/framework/src/Illuminate/Support/Traits/ForwardsCalls.php(23): Illuminate/Database/Eloquent/Builder->create()
#9 C:/Users/Admin/thalaivaa_api/vendor/laravel/framework/src/Illuminate/Database/Eloquent/Model.php(2372): Illuminate/Database/Eloquent/Model->forwardCallTo()
#10 C:/Users/Admin/thalaivaa_api/vendor/laravel/framework/src/Illuminate/Database/Eloquent/Model.php(2384): Illuminate/Database/Eloquent/Model->__call()
#11 C:/Users/Admin/thalaivaa_api/database/seeders/DatabaseSeeder.php(590): Illuminate/Database/Eloquent/Model::__callStatic()
#12 C:/Users/Admin/thalaivaa_api/vendor/laravel/framework/src/Illuminate/Container/BoundMethod.php(36): Database/Seeders/DatabaseSeeder->run()
#13 C:/Users/Admin/thalaivaa_api/vendor/laravel/framework/src/Illuminate/Container/Util.php(43): Illuminate/Container/BoundMethod::{closure:Illuminate/Container/BoundMethod::call():35}()
#14 C:/Users/Admin/thalaivaa_api/vendor/laravel/framework/src/Illuminate/Container/BoundMethod.php(95): Illuminate/Container/Util::unwrapIfClosure()
#15 C:/Users/Admin/thalaivaa_api/vendor/laravel/framework/src/Illuminate/Container/BoundMethod.php(35): Illuminate/Container/BoundMethod::callBoundMethod()
#16 C:/Users/Admin/thalaivaa_api/vendor/laravel/framework/src/Illuminate/Container/Container.php(696): Illuminate/Container/BoundMethod::call()
#17 C:/Users/Admin/thalaivaa_api/vendor/laravel/framework/src/Illuminate/Database/Seeder.php(188): Illuminate/Container/Container->call()
#18 C:/Users/Admin/thalaivaa_api/vendor/laravel/framework/src/Illuminate/Database/Seeder.php(197): Illuminate/Database/Seeder->{closure:Illuminate/Database/Seeder::__invoke():187}()
#19 C:/Users/Admin/thalaivaa_api/vendor/laravel/framework/src/Illuminate/Database/Console/Seeds/SeedCommand.php(70): Illuminate/Database/Seeder->__invoke()
#20 C:/Users/Admin/thalaivaa_api/vendor/laravel/framework/src/Illuminate/Database/Eloquent/Concerns/GuardsAttributes.php(155): Illuminate/Database/Console/Seeds/SeedCommand->{closure:Illuminate/Database/Console/Seeds/SeedCommand::handle():69}()
#21 C:/Users/Admin/thalaivaa_api/vendor/laravel/framework/src/Illuminate/Database/Console/Seeds/SeedCommand.php(69): Illuminate/Database/Eloquent/Model::unguarded()
#22 C:/Users/Admin/thalaivaa_api/vendor/laravel/framework/src/Illuminate/Container/BoundMethod.php(36): Illuminate/Database/Console/Seeds/SeedCommand->handle()
#23 C:/Users/Admin/thalaivaa_api/vendor/laravel/framework/src/Illuminate/Container/Util.php(43): Illuminate/Container/BoundMethod::{closure:Illuminate/Container/BoundMethod::call():35}()
#24 C:/Users/Admin/thalaivaa_api/vendor/laravel/framework/src/Illuminate/Container/BoundMethod.php(95): Illuminate/Container/Util::unwrapIfClosure()
#25 C:/Users/Admin/thalaivaa_api/vendor/laravel/framework/src/Illuminate/Container/BoundMethod.php(35): Illuminate/Container/BoundMethod::callBoundMethod()
#26 C:/Users/Admin/thalaivaa_api/vendor/laravel/framework/src/Illuminate/Container/Container.php(696): Illuminate/Container/BoundMethod::call()
#27 C:/Users/Admin/thalaivaa_api/vendor/laravel/framework/src/Illuminate/Console/Command.php(213): Illuminate/Container/Container->call()
#28 C:/Users/Admin/thalaivaa_api/vendor/symfony/console/Command/Command.php(341): Illuminate/Console/Command->execute()
#29 C:/Users/Admin/thalaivaa_api/vendor/laravel/framework/src/Illuminate/Console/Command.php(182): Symfony/Component/Console/Command/Command->run()
#30 C:/Users/Admin/thalaivaa_api/vendor/laravel/framework/src/Illuminate/Console/Concerns/CallsCommands.php(68): Illuminate/Console/Command->run()
#31 C:/Users/Admin/thalaivaa_api/vendor/laravel/framework/src/Illuminate/Console/Concerns/CallsCommands.php(29): Illuminate/Console/Command->runCommand()
#32 C:/Users/Admin/thalaivaa_api/vendor/laravel/framework/src/Illuminate/Database/Console/Migrations/FreshCommand.php(122): Illuminate/Console/Command->call()
#33 C:/Users/Admin/thalaivaa_api/vendor/laravel/framework/src/Illuminate/Database/Console/Migrations/FreshCommand.php(98): Illuminate/Database/Console/Migrations/FreshCommand->runSeeder()
#34 C:/Users/Admin/thalaivaa_api/vendor/laravel/framework/src/Illuminate/Container/BoundMethod.php(36): Illuminate/Database/Console/Migrations/FreshCommand->handle()
#35 C:/Users/Admin/thalaivaa_api/vendor/laravel/framework/src/Illuminate/Container/Util.php(43): Illuminate/Container/BoundMethod::{closure:Illuminate/Container/BoundMethod::call():35}()
#36 C:/Users/Admin/thalaivaa_api/vendor/laravel/framework/src/Illuminate/Container/BoundMethod.php(95): Illuminate/Container/Util::unwrapIfClosure()
#37 C:/Users/Admin/thalaivaa_api/vendor/laravel/framework/src/Illuminate/Container/BoundMethod.php(35): Illuminate/Container/BoundMethod::callBoundMethod()
#38 C:/Users/Admin/thalaivaa_api/vendor/laravel/framework/src/Illuminate/Container/Container.php(696): Illuminate/Container/BoundMethod::call()
#39 C:/Users/Admin/thalaivaa_api/vendor/laravel/framework/src/Illuminate/Console/Command.php(213): Illuminate/Container/Container->call()
#40 C:/Users/Admin/thalaivaa_api/vendor/symfony/console/Command/Command.php(341): Illuminate/Console/Command->execute()
#41 C:/Users/Admin/thalaivaa_api/vendor/laravel/framework/src/Illuminate/Console/Command.php(182): Symfony/Component/Console/Command/Command->run()
#42 C:/Users/Admin/thalaivaa_api/vendor/symfony/console/Application.php(1117): Illuminate/Console/Command->run()
#43 C:/Users/Admin/thalaivaa_api/vendor/symfony/console/Application.php(356): Symfony/Component/Console/Application->doRunCommand()
#44 C:/Users/Admin/thalaivaa_api/vendor/symfony/console/Application.php(195): Symfony/Component/Console/Application->doRun()
#45 C:/Users/Admin/thalaivaa_api/vendor/laravel/framework/src/Illuminate/Foundation/Console/Kernel.php(198): Symfony/Component/Console/Application->run()
#46 C:/Users/Admin/thalaivaa_api/vendor/laravel/framework/src/Illuminate/Foundation/Application.php(1235): Illuminate/Foundation/Console/Kernel->handle()
#47 C:/Users/Admin/thalaivaa_api/artisan(18): Illuminate/Foundation/Application->handleCommand()
#48 {main}
"} 
[2026-09-12 12:36:34] local.ERROR: Too few arguments to function Illuminate\Database\Eloquent\Model::setAttribute(), 1 passed in C:\Users\Admin\thalaivaa_api\vendor\laravel\framework\src\Illuminate\Database\Eloquent\Concerns\HasAttributes.php on line 1122 and exactly 2 expected {"exception":"[object] (ArgumentCountError(code: 0): Too few arguments to function Illuminate\\Database\\Eloquent\\Model::setAttribute(), 1 passed in C:\\Users\\Admin\\thalaivaa_api\\vendor\\laravel\\framework\\src\\Illuminate\\Database\\Eloquent\\Concerns\\HasAttributes.php on line 1122 and exactly 2 expected at C:/Users/Admin/thalaivaa_api/vendor/laravel/framework/src/Illuminate/Database/Eloquent/Concerns/HasAttributes.php:1022)
[stacktrace]
#0 C:/Users/Admin/thalaivaa_api/vendor/laravel/framework/src/Illuminate/Database/Eloquent/Concerns/HasAttributes.php(1122): Illuminate/Database/Eloquent/Model->setAttribute()
#1 C:/Users/Admin/thalaivaa_api/vendor/laravel/framework/src/Illuminate/Database/Eloquent/Concerns/HasAttributes.php(1028): Illuminate/Database/Eloquent/Model->setMutatedAttributeValue()
#2 C:/Users/Admin/thalaivaa_api/vendor/laravel/framework/src/Illuminate/Database/Eloquent/Model.php(1361): Illuminate/Database/Eloquent/Model->setAttribute()
#3 C:/Users/Admin/thalaivaa_api/vendor/laravel/framework/src/Illuminate/Database/Eloquent/Model.php(1324): Illuminate/Database/Eloquent/Model->insertAndSetId()
#4 C:/Users/Admin/thalaivaa_api/vendor/laravel/framework/src/Illuminate/Database/Eloquent/Model.php(1163): Illuminate/Database/Eloquent/Model->performInsert()
#5 C:/Users/Admin/thalaivaa_api/vendor/laravel/framework/src/Illuminate/Database/Eloquent/Builder.php(1128): Illuminate/Database/Eloquent/Model->save()
#6 C:/Users/Admin/thalaivaa_api/vendor/laravel/framework/src/Illuminate/Support/helpers.php(399): Illuminate/Database/Eloquent/Builder->{closure:Illuminate/Database/Eloquent/Builder::create():1127}()
#7 C:/Users/Admin/thalaivaa_api/vendor/laravel/framework/src/Illuminate/Database/Eloquent/Builder.php(1127): tap()
#8 C:/Users/Admin/thalaivaa_api/vendor/laravel/framework/src/Illuminate/Support/Traits/ForwardsCalls.php(23): Illuminate/Database/Eloquent/Builder->create()
#9 C:/Users/Admin/thalaivaa_api/vendor/laravel/framework/src/Illuminate/Database/Eloquent/Model.php(2372): Illuminate/Database/Eloquent/Model->forwardCallTo()
#10 C:/Users/Admin/thalaivaa_api/vendor/laravel/framework/src/Illuminate/Database/Eloquent/Model.php(2384): Illuminate/Database/Eloquent/Model->__call()
#11 C:/Users/Admin/thalaivaa_api/database/seeders/DatabaseSeeder.php(590): Illuminate/Database/Eloquent/Model::__callStatic()
#12 C:/Users/Admin/thalaivaa_api/vendor/laravel/framework/src/Illuminate/Container/BoundMethod.php(36): Database/Seeders/DatabaseSeeder->run()
#13 C:/Users/Admin/thalaivaa_api/vendor/laravel/framework/src/Illuminate/Container/Util.php(43): Illuminate/Container/BoundMethod::{closure:Illuminate/Container/BoundMethod::call():35}()
#14 C:/Users/Admin/thalaivaa_api/vendor/laravel/framework/src/Illuminate/Container/BoundMethod.php(95): Illuminate/Container/Util::unwrapIfClosure()
#15 C:/Users/Admin/thalaivaa_api/vendor/laravel/framework/src/Illuminate/Container/BoundMethod.php(35): Illuminate/Container/BoundMethod::callBoundMethod()
#16 C:/Users/Admin/thalaivaa_api/vendor/laravel/framework/src/Illuminate/Container/Container.php(696): Illuminate/Container/BoundMethod::call()
#17 C:/Users/Admin/thalaivaa_api/vendor/laravel/framework/src/Illuminate/Database/Seeder.php(188): Illuminate/Container/Container->call()
#18 C:/Users/Admin/thalaivaa_api/vendor/laravel/framework/src/Illuminate/Database/Seeder.php(197): Illuminate/Database/Seeder->{closure:Illuminate/Database/Seeder::__invoke():187}()
#19 C:/Users/Admin/thalaivaa_api/vendor/laravel/framework/src/Illuminate/Database/Console/Seeds/SeedCommand.php(70): Illuminate/Database/Seeder->__invoke()
#20 C:/Users/Admin/thalaivaa_api/vendor/laravel/framework/src/Illuminate/Database/Eloquent/Concerns/GuardsAttributes.php(155): Illuminate/Database/Console/Seeds/SeedCommand->{closure:Illuminate/Database/Console/Seeds/SeedCommand::handle():69}()
#21 C:/Users/Admin/thalaivaa_api/vendor/laravel/framework/src/Illuminate/Database/Console/Seeds/SeedCommand.php(69): Illuminate/Database/Eloquent/Model::unguarded()
#22 C:/Users/Admin/thalaivaa_api/vendor/laravel/framework/src/Illuminate/Container/BoundMethod.php(36): Illuminate/Database/Console/Seeds/SeedCommand->handle()
#23 C:/Users/Admin/thalaivaa_api/vendor/laravel/framework/src/Illuminate/Container/Util.php(43): Illuminate/Container/BoundMethod::{closure:Illuminate/Container/BoundMethod::call():35}()
#24 C:/Users/Admin/thalaivaa_api/vendor/laravel/framework/src/Illuminate/Container/BoundMethod.php(95): Illuminate/Container/Util::unwrapIfClosure()
#25 C:/Users/Admin/thalaivaa_api/vendor/laravel/framework/src/Illuminate/Container/BoundMethod.php(35): Illuminate/Container/BoundMethod::callBoundMethod()
#26 C:/Users/Admin/thalaivaa_api/vendor/laravel/framework/src/Illuminate/Container/Container.php(696): Illuminate/Container/BoundMethod::call()
#27 C:/Users/Admin/thalaivaa_api/vendor/laravel/framework/src/Illuminate/Console/Command.php(213): Illuminate/Container/Container->call()
#28 C:/Users/Admin/thalaivaa_api/vendor/symfony/console/Command/Command.php(341): Illuminate/Console/Command->execute()
#29 C:/Users/Admin/thalaivaa_api/vendor/laravel/framework/src/Illuminate/Console/Command.php(182): Symfony/Component/Console/Command/Command->run()
#30 C:/Users/Admin/thalaivaa_api/vendor/laravel/framework/src/Illuminate/Console/Concerns/CallsCommands.php(68): Illuminate/Console/Command->run()
#31 C:/Users/Admin/thalaivaa_api/vendor/laravel/framework/src/Illuminate/Console/Concerns/CallsCommands.php(29): Illuminate/Console/Command->runCommand()
#32 C:/Users/Admin/thalaivaa_api/vendor/laravel/framework/src/Illuminate/Database/Console/Migrations/FreshCommand.php(122): Illuminate/Console/Command->call()
#33 C:/Users/Admin/thalaivaa_api/vendor/laravel/framework/src/Illuminate/Database/Console/Migrations/FreshCommand.php(98): Illuminate/Database/Console/Migrations/FreshCommand->runSeeder()
#34 C:/Users/Admin/thalaivaa_api/vendor/laravel/framework/src/Illuminate/Container/BoundMethod.php(36): Illuminate/Database/Console/Migrations/FreshCommand->handle()
#35 C:/Users/Admin/thalaivaa_api/vendor/laravel/framework/src/Illuminate/Container/Util.php(43): Illuminate/Container/BoundMethod::{closure:Illuminate/Container/BoundMethod::call():35}()
#36 C:/Users/Admin/thalaivaa_api/vendor/laravel/framework/src/Illuminate/Container/BoundMethod.php(95): Illuminate/Container/Util::unwrapIfClosure()
#37 C:/Users/Admin/thalaivaa_api/vendor/laravel/framework/src/Illuminate/Container/BoundMethod.php(35): Illuminate/Container/BoundMethod::callBoundMethod()
#38 C:/Users/Admin/thalaivaa_api/vendor/laravel/framework/src/Illuminate/Container/Container.php(696): Illuminate/Container/BoundMethod::call()
#39 C:/Users/Admin/thalaivaa_api/vendor/laravel/framework/src/Illuminate/Console/Command.php(213): Illuminate/Container/Container->call()
#40 C:/Users/Admin/thalaivaa_api/vendor/symfony/console/Command/Command.php(341): Illuminate/Console/Command->execute()
#41 C:/Users/Admin/thalaivaa_api/vendor/laravel/framework/src/Illuminate/Console/Command.php(182): Symfony/Component/Console/Command/Command->run()
#42 C:/Users/Admin/thalaivaa_api/vendor/symfony/console/Application.php(1117): Illuminate/Console/Command->run()
#43 C:/Users/Admin/thalaivaa_api/vendor/symfony/console/Application.php(356): Symfony/Component/Console/Application->doRunCommand()
#44 C:/Users/Admin/thalaivaa_api/vendor/symfony/console/Application.php(195): Symfony/Component/Console/Application->doRun()
#45 C:/Users/Admin/thalaivaa_api/vendor/laravel/framework/src/Illuminate/Foundation/Console/Kernel.php(198): Symfony/Component/Console/Application->run()
#46 C:/Users/Admin/thalaivaa_api/vendor/laravel/framework/src/Illuminate/Foundation/Application.php(1235): Illuminate/Foundation/Console/Kernel->handle()
#47 C:/Users/Admin/thalaivaa_api/artisan(18): Illuminate/Foundation/Application->handleCommand()
#48 {main}
"} 
[2026-09-12 12:36:45] local.ERROR: SQLSTATE[23000]: Integrity constraint violation: 19 UNIQUE constraint failed: branches.slug (Connection: sqlite, SQL: insert into "branches" ("id", "name", "slug", "address_line", "phone", "is_active", "sort_order", "updated_at", "created_at") values (ce472422-8c02-4378-a881-cb8bdac3f4e6, Thalaivaa - City Light (Main), thalaivaa-city-light, Shop 12-14, City Light Town, Surat, Gujarat 395007, +91 92170 02598, 1, 1, 2026-09-12 12:36:45, 2026-09-12 12:36:45)) {"exception":"[object] (Illuminate\\Database\\UniqueConstraintViolationException(code: 23000): SQLSTATE[23000]: Integrity constraint violation: 19 UNIQUE constraint failed: branches.slug (Connection: sqlite, SQL: insert into \"branches\" (\"id\", \"name\", \"slug\", \"address_line\", \"phone\", \"is_active\", \"sort_order\", \"updated_at\", \"created_at\") values (ce472422-8c02-4378-a881-cb8bdac3f4e6, Thalaivaa - City Light (Main), thalaivaa-city-light, Shop 12-14, City Light Town, Surat, Gujarat 395007, +91 92170 02598, 1, 1, 2026-09-12 12:36:45, 2026-09-12 12:36:45)) at C:/Users/Admin/thalaivaa_api/vendor/laravel/framework/src/Illuminate/Database/Connection.php:820)
[stacktrace]
#0 C:/Users/Admin/thalaivaa_api/vendor/laravel/framework/src/Illuminate/Database/Connection.php(779): Illuminate/Database/Connection->runQueryCallback()
#1 C:/Users/Admin/thalaivaa_api/vendor/laravel/framework/src/Illuminate/Database/Connection.php(560): Illuminate/Database/Connection->run()
#2 C:/Users/Admin/thalaivaa_api/vendor/laravel/framework/src/Illuminate/Database/Connection.php(524): Illuminate/Database/Connection->statement()
#3 C:/Users/Admin/thalaivaa_api/vendor/laravel/framework/src/Illuminate/Database/Query/Builder.php(3717): Illuminate/Database/Connection->insert()
#4 C:/Users/Admin/thalaivaa_api/vendor/laravel/framework/src/Illuminate/Database/Eloquent/Builder.php(2120): Illuminate/Database/Query/Builder->insert()
#5 C:/Users/Admin/thalaivaa_api/vendor/laravel/framework/src/Illuminate/Database/Eloquent/Model.php(1335): Illuminate/Database/Eloquent/Builder->__call()
#6 C:/Users/Admin/thalaivaa_api/vendor/laravel/framework/src/Illuminate/Database/Eloquent/Model.php(1163): Illuminate/Database/Eloquent/Model->performInsert()
#7 C:/Users/Admin/thalaivaa_api/vendor/laravel/framework/src/Illuminate/Database/Eloquent/Builder.php(1128): Illuminate/Database/Eloquent/Model->save()
#8 C:/Users/Admin/thalaivaa_api/vendor/laravel/framework/src/Illuminate/Support/helpers.php(399): Illuminate/Database/Eloquent/Builder->{closure:Illuminate/Database/Eloquent/Builder::create():1127}()
#9 C:/Users/Admin/thalaivaa_api/vendor/laravel/framework/src/Illuminate/Database/Eloquent/Builder.php(1127): tap()
#10 C:/Users/Admin/thalaivaa_api/vendor/laravel/framework/src/Illuminate/Support/Traits/ForwardsCalls.php(23): Illuminate/Database/Eloquent/Builder->create()
#11 C:/Users/Admin/thalaivaa_api/vendor/laravel/framework/src/Illuminate/Database/Eloquent/Model.php(2372): Illuminate/Database/Eloquent/Model->forwardCallTo()
#12 C:/Users/Admin/thalaivaa_api/vendor/laravel/framework/src/Illuminate/Database/Eloquent/Model.php(2384): Illuminate/Database/Eloquent/Model->__call()
#13 C:/Users/Admin/thalaivaa_api/database/seeders/DatabaseSeeder.php(23): Illuminate/Database/Eloquent/Model::__callStatic()
#14 C:/Users/Admin/thalaivaa_api/vendor/laravel/framework/src/Illuminate/Container/BoundMethod.php(36): Database/Seeders/DatabaseSeeder->run()
#15 C:/Users/Admin/thalaivaa_api/vendor/laravel/framework/src/Illuminate/Container/Util.php(43): Illuminate/Container/BoundMethod::{closure:Illuminate/Container/BoundMethod::call():35}()
#16 C:/Users/Admin/thalaivaa_api/vendor/laravel/framework/src/Illuminate/Container/BoundMethod.php(95): Illuminate/Container/Util::unwrapIfClosure()
#17 C:/Users/Admin/thalaivaa_api/vendor/laravel/framework/src/Illuminate/Container/BoundMethod.php(35): Illuminate/Container/BoundMethod::callBoundMethod()
#18 C:/Users/Admin/thalaivaa_api/vendor/laravel/framework/src/Illuminate/Container/Container.php(696): Illuminate/Container/BoundMethod::call()
#19 C:/Users/Admin/thalaivaa_api/vendor/laravel/framework/src/Illuminate/Database/Seeder.php(188): Illuminate/Container/Container->call()
#20 C:/Users/Admin/thalaivaa_api/vendor/laravel/framework/src/Illuminate/Database/Seeder.php(197): Illuminate/Database/Seeder->{closure:Illuminate/Database/Seeder::__invoke():187}()
#21 C:/Users/Admin/thalaivaa_api/vendor/laravel/framework/src/Illuminate/Database/Console/Seeds/SeedCommand.php(70): Illuminate/Database/Seeder->__invoke()
#22 C:/Users/Admin/thalaivaa_api/vendor/laravel/framework/src/Illuminate/Database/Eloquent/Concerns/GuardsAttributes.php(155): Illuminate/Database/Console/Seeds/SeedCommand->{closure:Illuminate/Database/Console/Seeds/SeedCommand::handle():69}()
#23 C:/Users/Admin/thalaivaa_api/vendor/laravel/framework/src/Illuminate/Database/Console/Seeds/SeedCommand.php(69): Illuminate/Database/Eloquent/Model::unguarded()
#24 C:/Users/Admin/thalaivaa_api/vendor/laravel/framework/src/Illuminate/Container/BoundMethod.php(36): Illuminate/Database/Console/Seeds/SeedCommand->handle()
#25 C:/Users/Admin/thalaivaa_api/vendor/laravel/framework/src/Illuminate/Container/Util.php(43): Illuminate/Container/BoundMethod::{closure:Illuminate/Container/BoundMethod::call():35}()
#26 C:/Users/Admin/thalaivaa_api/vendor/laravel/framework/src/Illuminate/Container/BoundMethod.php(95): Illuminate/Container/Util::unwrapIfClosure()
#27 C:/Users/Admin/thalaivaa_api/vendor/laravel/framework/src/Illuminate/Container/BoundMethod.php(35): Illuminate/Container/BoundMethod::callBoundMethod()
#28 C:/Users/Admin/thalaivaa_api/vendor/laravel/framework/src/Illuminate/Container/Container.php(696): Illuminate/Container/BoundMethod::call()
#29 C:/Users/Admin/thalaivaa_api/vendor/laravel/framework/src/Illuminate/Console/Command.php(213): Illuminate/Container/Container->call()
#30 C:/Users/Admin/thalaivaa_api/vendor/symfony/console/Command/Command.php(341): Illuminate/Console/Command->execute()
#31 C:/Users/Admin/thalaivaa_api/vendor/laravel/framework/src/Illuminate/Console/Command.php(182): Symfony/Component/Console/Command/Command->run()
#32 C:/Users/Admin/thalaivaa_api/vendor/symfony/console/Application.php(1117): Illuminate/Console/Command->run()
#33 C:/Users/Admin/thalaivaa_api/vendor/symfony/console/Application.php(356): Symfony/Component/Console/Application->doRunCommand()
#34 C:/Users/Admin/thalaivaa_api/vendor/symfony/console/Application.php(195): Symfony/Component/Console/Application->doRun()
#35 C:/Users/Admin/thalaivaa_api/vendor/laravel/framework/src/Illuminate/Foundation/Console/Kernel.php(198): Symfony/Component/Console/Application->run()
#36 C:/Users/Admin/thalaivaa_api/vendor/laravel/framework/src/Illuminate/Foundation/Application.php(1235): Illuminate/Foundation/Console/Kernel->handle()
#37 C:/Users/Admin/thalaivaa_api/artisan(18): Illuminate/Foundation/Application->handleCommand()
#38 {main}

[previous exception] [object] (PDOException(code: 23000): SQLSTATE[23000]: Integrity constraint violation: 19 UNIQUE constraint failed: branches.slug at C:/Users/Admin/thalaivaa_api/vendor/laravel/framework/src/Illuminate/Database/Connection.php:571)
[stacktrace]
#0 C:/Users/Admin/thalaivaa_api/vendor/laravel/framework/src/Illuminate/Database/Connection.php(571): PDOStatement->execute()
#1 C:/Users/Admin/thalaivaa_api/vendor/laravel/framework/src/Illuminate/Database/Connection.php(812): Illuminate/Database/Connection->{closure:Illuminate/Database/Connection::statement():560}()
#2 C:/Users/Admin/thalaivaa_api/vendor/laravel/framework/src/Illuminate/Database/Connection.php(779): Illuminate/Database/Connection->runQueryCallback()
#3 C:/Users/Admin/thalaivaa_api/vendor/laravel/framework/src/Illuminate/Database/Connection.php(560): Illuminate/Database/Connection->run()
#4 C:/Users/Admin/thalaivaa_api/vendor/laravel/framework/src/Illuminate/Database/Connection.php(524): Illuminate/Database/Connection->statement()
#5 C:/Users/Admin/thalaivaa_api/vendor/laravel/framework/src/Illuminate/Database/Query/Builder.php(3717): Illuminate/Database/Connection->insert()
#6 C:/Users/Admin/thalaivaa_api/vendor/laravel/framework/src/Illuminate/Database/Eloquent/Builder.php(2120): Illuminate/Database/Query/Builder->insert()
#7 C:/Users/Admin/thalaivaa_api/vendor/laravel/framework/src/Illuminate/Database/Eloquent/Model.php(1335): Illuminate/Database/Eloquent/Builder->__call()
#8 C:/Users/Admin/thalaivaa_api/vendor/laravel/framework/src/Illuminate/Database/Eloquent/Model.php(1163): Illuminate/Database/Eloquent/Model->performInsert()
#9 C:/Users/Admin/thalaivaa_api/vendor/laravel/framework/src/Illuminate/Database/Eloquent/Builder.php(1128): Illuminate/Database/Eloquent/Model->save()
#10 C:/Users/Admin/thalaivaa_api/vendor/laravel/framework/src/Illuminate/Support/helpers.php(399): Illuminate/Database/Eloquent/Builder->{closure:Illuminate/Database/Eloquent/Builder::create():1127}()
#11 C:/Users/Admin/thalaivaa_api/vendor/laravel/framework/src/Illuminate/Database/Eloquent/Builder.php(1127): tap()
#12 C:/Users/Admin/thalaivaa_api/vendor/laravel/framework/src/Illuminate/Support/Traits/ForwardsCalls.php(23): Illuminate/Database/Eloquent/Builder->create()
#13 C:/Users/Admin/thalaivaa_api/vendor/laravel/framework/src/Illuminate/Database/Eloquent/Model.php(2372): Illuminate/Database/Eloquent/Model->forwardCallTo()
#14 C:/Users/Admin/thalaivaa_api/vendor/laravel/framework/src/Illuminate/Database/Eloquent/Model.php(2384): Illuminate/Database/Eloquent/Model->__call()
#15 C:/Users/Admin/thalaivaa_api/database/seeders/DatabaseSeeder.php(23): Illuminate/Database/Eloquent/Model::__callStatic()
#16 C:/Users/Admin/thalaivaa_api/vendor/laravel/framework/src/Illuminate/Container/BoundMethod.php(36): Database/Seeders/DatabaseSeeder->run()
#17 C:/Users/Admin/thalaivaa_api/vendor/laravel/framework/src/Illuminate/Container/Util.php(43): Illuminate/Container/BoundMethod::{closure:Illuminate/Container/BoundMethod::call():35}()
#18 C:/Users/Admin/thalaivaa_api/vendor/laravel/framework/src/Illuminate/Container/BoundMethod.php(95): Illuminate/Container/Util::unwrapIfClosure()
#19 C:/Users/Admin/thalaivaa_api/vendor/laravel/framework/src/Illuminate/Container/BoundMethod.php(35): Illuminate/Container/BoundMethod::callBoundMethod()
#20 C:/Users/Admin/thalaivaa_api/vendor/laravel/framework/src/Illuminate/Container/Container.php(696): Illuminate/Container/BoundMethod::call()
#21 C:/Users/Admin/thalaivaa_api/vendor/laravel/framework/src/Illuminate/Database/Seeder.php(188): Illuminate/Container/Container->call()
#22 C:/Users/Admin/thalaivaa_api/vendor/laravel/framework/src/Illuminate/Database/Seeder.php(197): Illuminate/Database/Seeder->{closure:Illuminate/Database/Seeder::__invoke():187}()
#23 C:/Users/Admin/thalaivaa_api/vendor/laravel/framework/src/Illuminate/Database/Console/Seeds/SeedCommand.php(70): Illuminate/Database/Seeder->__invoke()
#24 C:/Users/Admin/thalaivaa_api/vendor/laravel/framework/src/Illuminate/Database/Eloquent/Concerns/GuardsAttributes.php(155): Illuminate/Database/Console/Seeds/SeedCommand->{closure:Illuminate/Database/Console/Seeds/SeedCommand::handle():69}()
#25 C:/Users/Admin/thalaivaa_api/vendor/laravel/framework/src/Illuminate/Database/Console/Seeds/SeedCommand.php(69): Illuminate/Database/Eloquent/Model::unguarded()
#26 C:/Users/Admin/thalaivaa_api/vendor/laravel/framework/src/Illuminate/Container/BoundMethod.php(36): Illuminate/Database/Console/Seeds/SeedCommand->handle()
#27 C:/Users/Admin/thalaivaa_api/vendor/laravel/framework/src/Illuminate/Container/Util.php(43): Illuminate/Container/BoundMethod::{closure:Illuminate/Container/BoundMethod::call():35}()
#28 C:/Users/Admin/thalaivaa_api/vendor/laravel/framework/src/Illuminate/Container/BoundMethod.php(95): Illuminate/Container/Util::unwrapIfClosure()
#29 C:/Users/Admin/thalaivaa_api/vendor/laravel/framework/src/Illuminate/Container/BoundMethod.php(35): Illuminate/Container/BoundMethod::callBoundMethod()
#30 C:/Users/Admin/thalaivaa_api/vendor/laravel/framework/src/Illuminate/Container/Container.php(696): Illuminate/Container/BoundMethod::call()
#31 C:/Users/Admin/thalaivaa_api/vendor/laravel/framework/src/Illuminate/Console/Command.php(213): Illuminate/Container/Container->call()
#32 C:/Users/Admin/thalaivaa_api/vendor/symfony/console/Command/Command.php(341): Illuminate/Console/Command->execute()
#33 C:/Users/Admin/thalaivaa_api/vendor/laravel/framework/src/Illuminate/Console/Command.php(182): Symfony/Component/Console/Command/Command->run()
#34 C:/Users/Admin/thalaivaa_api/vendor/symfony/console/Application.php(1117): Illuminate/Console/Command->run()
#35 C:/Users/Admin/thalaivaa_api/vendor/symfony/console/Application.php(356): Symfony/Component/Console/Application->doRunCommand()
#36 C:/Users/Admin/thalaivaa_api/vendor/symfony/console/Application.php(195): Symfony/Component/Console/Application->doRun()
#37 C:/Users/Admin/thalaivaa_api/vendor/laravel/framework/src/Illuminate/Foundation/Console/Kernel.php(198): Symfony/Component/Console/Application->run()
#38 C:/Users/Admin/thalaivaa_api/vendor/laravel/framework/src/Illuminate/Foundation/Application.php(1235): Illuminate/Foundation/Console/Kernel->handle()
#39 C:/Users/Admin/thalaivaa_api/artisan(18): Illuminate/Foundation/Application->handleCommand()
#40 {main}
"} 
[2026-09-12 12:36:49] local.ERROR: Too few arguments to function Illuminate\Database\Eloquent\Model::setAttribute(), 1 passed in C:\Users\Admin\thalaivaa_api\vendor\laravel\framework\src\Illuminate\Database\Eloquent\Concerns\HasAttributes.php on line 1122 and exactly 2 expected {"exception":"[object] (ArgumentCountError(code: 0): Too few arguments to function Illuminate\\Database\\Eloquent\\Model::setAttribute(), 1 passed in C:\\Users\\Admin\\thalaivaa_api\\vendor\\laravel\\framework\\src\\Illuminate\\Database\\Eloquent\\Concerns\\HasAttributes.php on line 1122 and exactly 2 expected at C:/Users/Admin/thalaivaa_api/vendor/laravel/framework/src/Illuminate/Database/Eloquent/Concerns/HasAttributes.php:1022)
[stacktrace]
#0 C:/Users/Admin/thalaivaa_api/vendor/laravel/framework/src/Illuminate/Database/Eloquent/Concerns/HasAttributes.php(1122): Illuminate/Database/Eloquent/Model->setAttribute()
#1 C:/Users/Admin/thalaivaa_api/vendor/laravel/framework/src/Illuminate/Database/Eloquent/Concerns/HasAttributes.php(1028): Illuminate/Database/Eloquent/Model->setMutatedAttributeValue()
#2 C:/Users/Admin/thalaivaa_api/vendor/laravel/framework/src/Illuminate/Database/Eloquent/Model.php(1361): Illuminate/Database/Eloquent/Model->setAttribute()
#3 C:/Users/Admin/thalaivaa_api/vendor/laravel/framework/src/Illuminate/Database/Eloquent/Model.php(1324): Illuminate/Database/Eloquent/Model->insertAndSetId()
#4 C:/Users/Admin/thalaivaa_api/vendor/laravel/framework/src/Illuminate/Database/Eloquent/Model.php(1163): Illuminate/Database/Eloquent/Model->performInsert()
#5 C:/Users/Admin/thalaivaa_api/vendor/laravel/framework/src/Illuminate/Database/Eloquent/Builder.php(1128): Illuminate/Database/Eloquent/Model->save()
#6 C:/Users/Admin/thalaivaa_api/vendor/laravel/framework/src/Illuminate/Support/helpers.php(399): Illuminate/Database/Eloquent/Builder->{closure:Illuminate/Database/Eloquent/Builder::create():1127}()
#7 C:/Users/Admin/thalaivaa_api/vendor/laravel/framework/src/Illuminate/Database/Eloquent/Builder.php(1127): tap()
#8 C:/Users/Admin/thalaivaa_api/vendor/laravel/framework/src/Illuminate/Support/Traits/ForwardsCalls.php(23): Illuminate/Database/Eloquent/Builder->create()
#9 C:/Users/Admin/thalaivaa_api/vendor/laravel/framework/src/Illuminate/Database/Eloquent/Model.php(2372): Illuminate/Database/Eloquent/Model->forwardCallTo()
#10 C:/Users/Admin/thalaivaa_api/vendor/laravel/framework/src/Illuminate/Database/Eloquent/Model.php(2384): Illuminate/Database/Eloquent/Model->__call()
#11 C:/Users/Admin/thalaivaa_api/database/seeders/DatabaseSeeder.php(590): Illuminate/Database/Eloquent/Model::__callStatic()
#12 C:/Users/Admin/thalaivaa_api/vendor/laravel/framework/src/Illuminate/Container/BoundMethod.php(36): Database/Seeders/DatabaseSeeder->run()
#13 C:/Users/Admin/thalaivaa_api/vendor/laravel/framework/src/Illuminate/Container/Util.php(43): Illuminate/Container/BoundMethod::{closure:Illuminate/Container/BoundMethod::call():35}()
#14 C:/Users/Admin/thalaivaa_api/vendor/laravel/framework/src/Illuminate/Container/BoundMethod.php(95): Illuminate/Container/Util::unwrapIfClosure()
#15 C:/Users/Admin/thalaivaa_api/vendor/laravel/framework/src/Illuminate/Container/BoundMethod.php(35): Illuminate/Container/BoundMethod::callBoundMethod()
#16 C:/Users/Admin/thalaivaa_api/vendor/laravel/framework/src/Illuminate/Container/Container.php(696): Illuminate/Container/BoundMethod::call()
#17 C:/Users/Admin/thalaivaa_api/vendor/laravel/framework/src/Illuminate/Database/Seeder.php(188): Illuminate/Container/Container->call()
#18 C:/Users/Admin/thalaivaa_api/vendor/laravel/framework/src/Illuminate/Database/Seeder.php(197): Illuminate/Database/Seeder->{closure:Illuminate/Database/Seeder::__invoke():187}()
#19 C:/Users/Admin/thalaivaa_api/vendor/laravel/framework/src/Illuminate/Database/Console/Seeds/SeedCommand.php(70): Illuminate/Database/Seeder->__invoke()
#20 C:/Users/Admin/thalaivaa_api/vendor/laravel/framework/src/Illuminate/Database/Eloquent/Concerns/GuardsAttributes.php(155): Illuminate/Database/Console/Seeds/SeedCommand->{closure:Illuminate/Database/Console/Seeds/SeedCommand::handle():69}()
#21 C:/Users/Admin/thalaivaa_api/vendor/laravel/framework/src/Illuminate/Database/Console/Seeds/SeedCommand.php(69): Illuminate/Database/Eloquent/Model::unguarded()
#22 C:/Users/Admin/thalaivaa_api/vendor/laravel/framework/src/Illuminate/Container/BoundMethod.php(36): Illuminate/Database/Console/Seeds/SeedCommand->handle()
#23 C:/Users/Admin/thalaivaa_api/vendor/laravel/framework/src/Illuminate/Container/Util.php(43): Illuminate/Container/BoundMethod::{closure:Illuminate/Container/BoundMethod::call():35}()
#24 C:/Users/Admin/thalaivaa_api/vendor/laravel/framework/src/Illuminate/Container/BoundMethod.php(95): Illuminate/Container/Util::unwrapIfClosure()
#25 C:/Users/Admin/thalaivaa_api/vendor/laravel/framework/src/Illuminate/Container/BoundMethod.php(35): Illuminate/Container/BoundMethod::callBoundMethod()
#26 C:/Users/Admin/thalaivaa_api/vendor/laravel/framework/src/Illuminate/Container/Container.php(696): Illuminate/Container/BoundMethod::call()
#27 C:/Users/Admin/thalaivaa_api/vendor/laravel/framework/src/Illuminate/Console/Command.php(213): Illuminate/Container/Container->call()
#28 C:/Users/Admin/thalaivaa_api/vendor/symfony/console/Command/Command.php(341): Illuminate/Console/Command->execute()
#29 C:/Users/Admin/thalaivaa_api/vendor/laravel/framework/src/Illuminate/Console/Command.php(182): Symfony/Component/Console/Command/Command->run()
#30 C:/Users/Admin/thalaivaa_api/vendor/laravel/framework/src/Illuminate/Console/Concerns/CallsCommands.php(68): Illuminate/Console/Command->run()
#31 C:/Users/Admin/thalaivaa_api/vendor/laravel/framework/src/Illuminate/Console/Concerns/CallsCommands.php(29): Illuminate/Console/Command->runCommand()
#32 C:/Users/Admin/thalaivaa_api/vendor/laravel/framework/src/Illuminate/Database/Console/Migrations/FreshCommand.php(122): Illuminate/Console/Command->call()
#33 C:/Users/Admin/thalaivaa_api/vendor/laravel/framework/src/Illuminate/Database/Console/Migrations/FreshCommand.php(98): Illuminate/Database/Console/Migrations/FreshCommand->runSeeder()
#34 C:/Users/Admin/thalaivaa_api/vendor/laravel/framework/src/Illuminate/Container/BoundMethod.php(36): Illuminate/Database/Console/Migrations/FreshCommand->handle()
#35 C:/Users/Admin/thalaivaa_api/vendor/laravel/framework/src/Illuminate/Container/Util.php(43): Illuminate/Container/BoundMethod::{closure:Illuminate/Container/BoundMethod::call():35}()
#36 C:/Users/Admin/thalaivaa_api/vendor/laravel/framework/src/Illuminate/Container/BoundMethod.php(95): Illuminate/Container/Util::unwrapIfClosure()
#37 C:/Users/Admin/thalaivaa_api/vendor/laravel/framework/src/Illuminate/Container/BoundMethod.php(35): Illuminate/Container/BoundMethod::callBoundMethod()
#38 C:/Users/Admin/thalaivaa_api/vendor/laravel/framework/src/Illuminate/Container/Container.php(696): Illuminate/Container/BoundMethod::call()
#39 C:/Users/Admin/thalaivaa_api/vendor/laravel/framework/src/Illuminate/Console/Command.php(213): Illuminate/Container/Container->call()
#40 C:/Users/Admin/thalaivaa_api/vendor/symfony/console/Command/Command.php(341): Illuminate/Console/Command->execute()
#41 C:/Users/Admin/thalaivaa_api/vendor/laravel/framework/src/Illuminate/Console/Command.php(182): Symfony/Component/Console/Command/Command->run()
#42 C:/Users/Admin/thalaivaa_api/vendor/symfony/console/Application.php(1117): Illuminate/Console/Command->run()
#43 C:/Users/Admin/thalaivaa_api/vendor/symfony/console/Application.php(356): Symfony/Component/Console/Application->doRunCommand()
#44 C:/Users/Admin/thalaivaa_api/vendor/symfony/console/Application.php(195): Symfony/Component/Console/Application->doRun()
#45 C:/Users/Admin/thalaivaa_api/vendor/laravel/framework/src/Illuminate/Foundation/Console/Kernel.php(198): Symfony/Component/Console/Application->run()
#46 C:/Users/Admin/thalaivaa_api/vendor/laravel/framework/src/Illuminate/Foundation/Application.php(1235): Illuminate/Foundation/Console/Kernel->handle()
#47 C:/Users/Admin/thalaivaa_api/artisan(18): Illuminate/Foundation/Application->handleCommand()
#48 {main}
"} 
[2026-09-12 12:38:01] local.ERROR: Call to undefined relationship [category] on model [App\Models\Product]. {"exception":"[object] (Illuminate\\Database\\Eloquent\\RelationNotFoundException(code: 0): Call to undefined relationship [category] on model [App\\Models\\Product]. at C:/Users/Admin/thalaivaa_api/vendor/laravel/framework/src/Illuminate/Database/Eloquent/RelationNotFoundException.php:35)
[stacktrace]
#0 C:/Users/Admin/thalaivaa_api/vendor/laravel/framework/src/Illuminate/Database/Eloquent/Builder.php(878): Illuminate/Database/Eloquent/RelationNotFoundException::make()
#1 C:/Users/Admin/thalaivaa_api/vendor/laravel/framework/src/Illuminate/Database/Eloquent/Relations/Relation.php(120): Illuminate/Database/Eloquent/Builder->{closure:Illuminate/Database/Eloquent/Builder::getRelation():874}()
#2 C:/Users/Admin/thalaivaa_api/vendor/laravel/framework/src/Illuminate/Database/Eloquent/Builder.php(874): Illuminate/Database/Eloquent/Relations/Relation::noConstraints()
#3 C:/Users/Admin/thalaivaa_api/vendor/laravel/framework/src/Illuminate/Database/Eloquent/Builder.php(848): Illuminate/Database/Eloquent/Builder->getRelation()
#4 C:/Users/Admin/thalaivaa_api/vendor/laravel/framework/src/Illuminate/Database/Eloquent/Builder.php(828): Illuminate/Database/Eloquent/Builder->eagerLoadRelation()
#5 C:/Users/Admin/thalaivaa_api/vendor/laravel/framework/src/Illuminate/Database/Eloquent/Builder.php(794): Illuminate/Database/Eloquent/Builder->eagerLoadRelations()
#6 C:/Users/Admin/.gemini/antigravity-ide/brain/4be4a758-72d8-4e05-80db-119f40f34fa0/scratch/verify_db.php(15): Illuminate/Database/Eloquent/Builder->get()
#7 {main}
"} 
[2026-09-12 14:09:21] local.ERROR: could not find driver (Connection: sqlite, SQL: PRAGMA foreign_keys = ON;) {"exception":"[object] (Illuminate\\Database\\QueryException(code: 0): could not find driver (Connection: sqlite, SQL: PRAGMA foreign_keys = ON;) at C:/Users/Admin/thalaivaa_api/vendor/laravel/framework/src/Illuminate/Database/Connection.php:825)
[stacktrace]
#0 C:/Users/Admin/thalaivaa_api/vendor/laravel/framework/src/Illuminate/Database/Connection.php(779): Illuminate/Database/Connection->runQueryCallback()
#1 C:/Users/Admin/thalaivaa_api/vendor/laravel/framework/src/Illuminate/Database/Connection.php(560): Illuminate/Database/Connection->run()
#2 C:/Users/Admin/thalaivaa_api/vendor/laravel/framework/src/Illuminate/Database/Schema/Builder.php(522): Illuminate/Database/Connection->statement()
#3 C:/Users/Admin/thalaivaa_api/vendor/laravel/framework/src/Illuminate/Database/SQLiteConnection.php(59): Illuminate/Database/Schema/Builder->enableForeignKeyConstraints()
#4 C:/Users/Admin/thalaivaa_api/vendor/laravel/framework/src/Illuminate/Database/SQLiteConnection.php(28): Illuminate/Database/SQLiteConnection->configureForeignKeyConstraints()
#5 C:/Users/Admin/thalaivaa_api/vendor/laravel/framework/src/Illuminate/Database/Connectors/ConnectionFactory.php(277): Illuminate/Database/SQLiteConnection->__construct()
#6 C:/Users/Admin/thalaivaa_api/vendor/laravel/framework/src/Illuminate/Database/Connectors/ConnectionFactory.php(76): Illuminate/Database/Connectors/ConnectionFactory->createConnection()
#7 C:/Users/Admin/thalaivaa_api/vendor/laravel/framework/src/Illuminate/Database/Connectors/ConnectionFactory.php(51): Illuminate/Database/Connectors/ConnectionFactory->createSingleConnection()
#8 C:/Users/Admin/thalaivaa_api/vendor/laravel/framework/src/Illuminate/Database/DatabaseManager.php(207): Illuminate/Database/Connectors/ConnectionFactory->make()
#9 C:/Users/Admin/thalaivaa_api/vendor/laravel/framework/src/Illuminate/Database/DatabaseManager.php(103): Illuminate/Database/DatabaseManager->makeConnection()
#10 C:/Users/Admin/thalaivaa_api/vendor/laravel/framework/src/Illuminate/Database/Eloquent/Model.php(1851): Illuminate/Database/DatabaseManager->connection()
#11 C:/Users/Admin/thalaivaa_api/vendor/laravel/framework/src/Illuminate/Database/Eloquent/Model.php(1817): Illuminate/Database/Eloquent/Model::resolveConnection()
#12 C:/Users/Admin/thalaivaa_api/vendor/laravel/framework/src/Illuminate/Database/Eloquent/Model.php(1615): Illuminate/Database/Eloquent/Model->getConnection()
#13 C:/Users/Admin/thalaivaa_api/vendor/laravel/framework/src/Illuminate/Database/Eloquent/Model.php(1534): Illuminate/Database/Eloquent/Model->newBaseQueryBuilder()
#14 C:/Users/Admin/thalaivaa_api/vendor/laravel/framework/src/Illuminate/Database/Eloquent/Model.php(1570): Illuminate/Database/Eloquent/Model->newModelQuery()
#15 C:/Users/Admin/thalaivaa_api/vendor/laravel/framework/src/Illuminate/Database/Eloquent/Model.php(1523): Illuminate/Database/Eloquent/Model->newQueryWithoutScopes()
#16 C:/Users/Admin/thalaivaa_api/vendor/laravel/framework/src/Illuminate/Database/Eloquent/Model.php(2372): Illuminate/Database/Eloquent/Model->newQuery()
#17 C:/Users/Admin/thalaivaa_api/vendor/laravel/framework/src/Illuminate/Database/Eloquent/Model.php(2384): Illuminate/Database/Eloquent/Model->__call()
#18 C:/Users/Admin/thalaivaa_api/routes/api.php(40): Illuminate/Database/Eloquent/Model::__callStatic()
#19 C:/Users/Admin/thalaivaa_api/vendor/laravel/framework/src/Illuminate/Routing/CallableDispatcher.php(40): Illuminate/Routing/RouteFileRegistrar->{closure:C:/Users/Admin/thalaivaa_api/routes/api.php:39}()
#20 C:/Users/Admin/thalaivaa_api/vendor/laravel/framework/src/Illuminate/Routing/Route.php(244): Illuminate/Routing/CallableDispatcher->dispatch()
#21 C:/Users/Admin/thalaivaa_api/vendor/laravel/framework/src/Illuminate/Routing/Route.php(215): Illuminate/Routing/Route->runCallable()
#22 C:/Users/Admin/thalaivaa_api/vendor/laravel/framework/src/Illuminate/Routing/Router.php(808): Illuminate/Routing/Route->run()
#23 C:/Users/Admin/thalaivaa_api/vendor/laravel/framework/src/Illuminate/Pipeline/Pipeline.php(170): Illuminate/Routing/Router->{closure:Illuminate/Routing/Router::runRouteWithinStack():807}()
#24 C:/Users/Admin/thalaivaa_api/vendor/laravel/framework/src/Illuminate/Routing/Middleware/SubstituteBindings.php(51): Illuminate/Pipeline/Pipeline->{closure:Illuminate/Pipeline/Pipeline::prepareDestination():168}()
#25 C:/Users/Admin/thalaivaa_api/vendor/laravel/framework/src/Illuminate/Pipeline/Pipeline.php(209): Illuminate/Routing/Middleware/SubstituteBindings->handle()
#26 C:/Users/Admin/thalaivaa_api/vendor/laravel/framework/src/Illuminate/Pipeline/Pipeline.php(127): Illuminate/Pipeline/Pipeline->{closure:{closure:Illuminate/Pipeline/Pipeline::carry():184}:185}()
#27 C:/Users/Admin/thalaivaa_api/vendor/laravel/framework/src/Illuminate/Routing/Router.php(807): Illuminate/Pipeline/Pipeline->then()
#28 C:/Users/Admin/thalaivaa_api/vendor/laravel/framework/src/Illuminate/Routing/Router.php(786): Illuminate/Routing/Router->runRouteWithinStack()
#29 C:/Users/Admin/thalaivaa_api/vendor/laravel/framework/src/Illuminate/Routing/Router.php(750): Illuminate/Routing/Router->runRoute()
#30 C:/Users/Admin/thalaivaa_api/vendor/laravel/framework/src/Illuminate/Routing/Router.php(739): Illuminate/Routing/Router->dispatchToRoute()
#31 C:/Users/Admin/thalaivaa_api/vendor/laravel/framework/src/Illuminate/Foundation/Http/Kernel.php(201): Illuminate/Routing/Router->dispatch()
#32 C:/Users/Admin/thalaivaa_api/vendor/laravel/framework/src/Illuminate/Pipeline/Pipeline.php(170): Illuminate/Foundation/Http/Kernel->{closure:Illuminate/Foundation/Http/Kernel::dispatchToRouter():198}()
#33 C:/Users/Admin/thalaivaa_api/vendor/livewire/livewire/src/Features/SupportDisablingBackButtonCache/DisableBackButtonCacheMiddleware.php(19): Illuminate/Pipeline/Pipeline->{closure:Illuminate/Pipeline/Pipeline::prepareDestination():168}()
#34 C:/Users/Admin/thalaivaa_api/vendor/laravel/framework/src/Illuminate/Pipeline/Pipeline.php(209): Livewire/Features/SupportDisablingBackButtonCache/DisableBackButtonCacheMiddleware->handle()
#35 C:/Users/Admin/thalaivaa_api/vendor/laravel/framework/src/Illuminate/Foundation/Http/Middleware/TransformsRequest.php(21): Illuminate/Pipeline/Pipeline->{closure:{closure:Illuminate/Pipeline/Pipeline::carry():184}:185}()
#36 C:/Users/Admin/thalaivaa_api/vendor/laravel/framework/src/Illuminate/Foundation/Http/Middleware/ConvertEmptyStringsToNull.php(31): Illuminate/Foundation/Http/Middleware/TransformsRequest->handle()
#37 C:/Users/Admin/thalaivaa_api/vendor/laravel/framework/src/Illuminate/Pipeline/Pipeline.php(209): Illuminate/Foundation/Http/Middleware/ConvertEmptyStringsToNull->handle()
#38 C:/Users/Admin/thalaivaa_api/vendor/laravel/framework/src/Illuminate/Foundation/Http/Middleware/TransformsRequest.php(21): Illuminate/Pipeline/Pipeline->{closure:{closure:Illuminate/Pipeline/Pipeline::carry():184}:185}()
#39 C:/Users/Admin/thalaivaa_api/vendor/laravel/framework/src/Illuminate/Foundation/Http/Middleware/TrimStrings.php(51): Illuminate/Foundation/Http/Middleware/TransformsRequest->handle()
#40 C:/Users/Admin/thalaivaa_api/vendor/laravel/framework/src/Illuminate/Pipeline/Pipeline.php(209): Illuminate/Foundation/Http/Middleware/TrimStrings->handle()
#41 C:/Users/Admin/thalaivaa_api/vendor/laravel/framework/src/Illuminate/Http/Middleware/ValidatePostSize.php(27): Illuminate/Pipeline/Pipeline->{closure:{closure:Illuminate/Pipeline/Pipeline::carry():184}:185}()
#42 C:/Users/Admin/thalaivaa_api/vendor/laravel/framework/src/Illuminate/Pipeline/Pipeline.php(209): Illuminate/Http/Middleware/ValidatePostSize->handle()
#43 C:/Users/Admin/thalaivaa_api/vendor/laravel/framework/src/Illuminate/Foundation/Http/Middleware/PreventRequestsDuringMaintenance.php(110): Illuminate/Pipeline/Pipeline->{closure:{closure:Illuminate/Pipeline/Pipeline::carry():184}:185}()
#44 C:/Users/Admin/thalaivaa_api/vendor/laravel/framework/src/Illuminate/Pipeline/Pipeline.php(209): Illuminate/Foundation/Http/Middleware/PreventRequestsDuringMaintenance->handle()
#45 C:/Users/Admin/thalaivaa_api/vendor/laravel/framework/src/Illuminate/Http/Middleware/HandleCors.php(62): Illuminate/Pipeline/Pipeline->{closure:{closure:Illuminate/Pipeline/Pipeline::carry():184}:185}()
#46 C:/Users/Admin/thalaivaa_api/vendor/laravel/framework/src/Illuminate/Pipeline/Pipeline.php(209): Illuminate/Http/Middleware/HandleCors->handle()
#47 C:/Users/Admin/thalaivaa_api/vendor/laravel/framework/src/Illuminate/Http/Middleware/TrustProxies.php(58): Illuminate/Pipeline/Pipeline->{closure:{closure:Illuminate/Pipeline/Pipeline::carry():184}:185}()
#48 C:/Users/Admin/thalaivaa_api/vendor/laravel/framework/src/Illuminate/Pipeline/Pipeline.php(209): Illuminate/Http/Middleware/TrustProxies->handle()
#49 C:/Users/Admin/thalaivaa_api/vendor/laravel/framework/src/Illuminate/Foundation/Http/Middleware/InvokeDeferredCallbacks.php(22): Illuminate/Pipeline/Pipeline->{closure:{closure:Illuminate/Pipeline/Pipeline::carry():184}:185}()
#50 C:/Users/Admin/thalaivaa_api/vendor/laravel/framework/src/Illuminate/Pipeline/Pipeline.php(209): Illuminate/Foundation/Http/Middleware/InvokeDeferredCallbacks->handle()
#51 C:/Users/Admin/thalaivaa_api/vendor/laravel/framework/src/Illuminate/Pipeline/Pipeline.php(127): Illuminate/Pipeline/Pipeline->{closure:{closure:Illuminate/Pipeline/Pipeline::carry():184}:185}()
#52 C:/Users/Admin/thalaivaa_api/vendor/laravel/framework/src/Illuminate/Foundation/Http/Kernel.php(176): Illuminate/Pipeline/Pipeline->then()
#53 C:/Users/Admin/thalaivaa_api/vendor/laravel/framework/src/Illuminate/Foundation/Http/Kernel.php(145): Illuminate/Foundation/Http/Kernel->sendRequestThroughRouter()
#54 C:/Users/Admin/thalaivaa_api/vendor/laravel/framework/src/Illuminate/Foundation/Application.php(1220): Illuminate/Foundation/Http/Kernel->handle()
#55 C:/Users/Admin/thalaivaa_api/public/index.php(17): Illuminate/Foundation/Application->handleRequest()
#56 C:/Users/Admin/thalaivaa_api/vendor/laravel/framework/src/Illuminate/Foundation/resources/server.php(23): require_once('...')
#57 {main}

[previous exception] [object] (PDOException(code: 0): could not find driver at C:/Users/Admin/thalaivaa_api/vendor/laravel/framework/src/Illuminate/Database/Connectors/Connector.php:67)
[stacktrace]
#0 C:/Users/Admin/thalaivaa_api/vendor/laravel/framework/src/Illuminate/Database/Connectors/Connector.php(67): PDO::connect()
#1 C:/Users/Admin/thalaivaa_api/vendor/laravel/framework/src/Illuminate/Database/Connectors/Connector.php(44): Illuminate/Database/Connectors/Connector->createPdoConnection()
#2 C:/Users/Admin/thalaivaa_api/vendor/laravel/framework/src/Illuminate/Database/Connectors/SQLiteConnector.php(40): Illuminate/Database/Connectors/Connector->createConnection()
#3 C:/Users/Admin/thalaivaa_api/vendor/laravel/framework/src/Illuminate/Database/Connectors/ConnectionFactory.php(224): Illuminate/Database/Connectors/SQLiteConnector->connect()
#4 [internal function]: Illuminate/Database/Connectors/ConnectionFactory->{closure:Illuminate/Database/Connectors/ConnectionFactory::createPdoResolverWithoutHosts():224}()
#5 C:/Users/Admin/thalaivaa_api/vendor/laravel/framework/src/Illuminate/Database/Connection.php(1231): call_user_func()
#6 C:/Users/Admin/thalaivaa_api/vendor/laravel/framework/src/Illuminate/Database/Connection.php(565): Illuminate/Database/Connection->getPdo()
#7 C:/Users/Admin/thalaivaa_api/vendor/laravel/framework/src/Illuminate/Database/Connection.php(812): Illuminate/Database/Connection->{closure:Illuminate/Database/Connection::statement():560}()
#8 C:/Users/Admin/thalaivaa_api/vendor/laravel/framework/src/Illuminate/Database/Connection.php(779): Illuminate/Database/Connection->runQueryCallback()
#9 C:/Users/Admin/thalaivaa_api/vendor/laravel/framework/src/Illuminate/Database/Connection.php(560): Illuminate/Database/Connection->run()
#10 C:/Users/Admin/thalaivaa_api/vendor/laravel/framework/src/Illuminate/Database/Schema/Builder.php(522): Illuminate/Database/Connection->statement()
#11 C:/Users/Admin/thalaivaa_api/vendor/laravel/framework/src/Illuminate/Database/SQLiteConnection.php(59): Illuminate/Database/Schema/Builder->enableForeignKeyConstraints()
#12 C:/Users/Admin/thalaivaa_api/vendor/laravel/framework/src/Illuminate/Database/SQLiteConnection.php(28): Illuminate/Database/SQLiteConnection->configureForeignKeyConstraints()
#13 C:/Users/Admin/thalaivaa_api/vendor/laravel/framework/src/Illuminate/Database/Connectors/ConnectionFactory.php(277): Illuminate/Database/SQLiteConnection->__construct()
#14 C:/Users/Admin/thalaivaa_api/vendor/laravel/framework/src/Illuminate/Database/Connectors/ConnectionFactory.php(76): Illuminate/Database/Connectors/ConnectionFactory->createConnection()
#15 C:/Users/Admin/thalaivaa_api/vendor/laravel/framework/src/Illuminate/Database/Connectors/ConnectionFactory.php(51): Illuminate/Database/Connectors/ConnectionFactory->createSingleConnection()
#16 C:/Users/Admin/thalaivaa_api/vendor/laravel/framework/src/Illuminate/Database/DatabaseManager.php(207): Illuminate/Database/Connectors/ConnectionFactory->make()
#17 C:/Users/Admin/thalaivaa_api/vendor/laravel/framework/src/Illuminate/Database/DatabaseManager.php(103): Illuminate/Database/DatabaseManager->makeConnection()
#18 C:/Users/Admin/thalaivaa_api/vendor/laravel/framework/src/Illuminate/Database/Eloquent/Model.php(1851): Illuminate/Database/DatabaseManager->connection()
#19 C:/Users/Admin/thalaivaa_api/vendor/laravel/framework/src/Illuminate/Database/Eloquent/Model.php(1817): Illuminate/Database/Eloquent/Model::resolveConnection()
#20 C:/Users/Admin/thalaivaa_api/vendor/laravel/framework/src/Illuminate/Database/Eloquent/Model.php(1615): Illuminate/Database/Eloquent/Model->getConnection()
#21 C:/Users/Admin/thalaivaa_api/vendor/laravel/framework/src/Illuminate/Database/Eloquent/Model.php(1534): Illuminate/Database/Eloquent/Model->newBaseQueryBuilder()
#22 C:/Users/Admin/thalaivaa_api/vendor/laravel/framework/src/Illuminate/Database/Eloquent/Model.php(1570): Illuminate/Database/Eloquent/Model->newModelQuery()
#23 C:/Users/Admin/thalaivaa_api/vendor/laravel/framework/src/Illuminate/Database/Eloquent/Model.php(1523): Illuminate/Database/Eloquent/Model->newQueryWithoutScopes()
#24 C:/Users/Admin/thalaivaa_api/vendor/laravel/framework/src/Illuminate/Database/Eloquent/Model.php(2372): Illuminate/Database/Eloquent/Model->newQuery()
#25 C:/Users/Admin/thalaivaa_api/vendor/laravel/framework/src/Illuminate/Database/Eloquent/Model.php(2384): Illuminate/Database/Eloquent/Model->__call()
#26 C:/Users/Admin/thalaivaa_api/routes/api.php(40): Illuminate/Database/Eloquent/Model::__callStatic()
#27 C:/Users/Admin/thalaivaa_api/vendor/laravel/framework/src/Illuminate/Routing/CallableDispatcher.php(40): Illuminate/Routing/RouteFileRegistrar->{closure:C:/Users/Admin/thalaivaa_api/routes/api.php:39}()
#28 C:/Users/Admin/thalaivaa_api/vendor/laravel/framework/src/Illuminate/Routing/Route.php(244): Illuminate/Routing/CallableDispatcher->dispatch()
#29 C:/Users/Admin/thalaivaa_api/vendor/laravel/framework/src/Illuminate/Routing/Route.php(215): Illuminate/Routing/Route->runCallable()
#30 C:/Users/Admin/thalaivaa_api/vendor/laravel/framework/src/Illuminate/Routing/Router.php(808): Illuminate/Routing/Route->run()
#31 C:/Users/Admin/thalaivaa_api/vendor/laravel/framework/src/Illuminate/Pipeline/Pipeline.php(170): Illuminate/Routing/Router->{closure:Illuminate/Routing/Router::runRouteWithinStack():807}()
#32 C:/Users/Admin/thalaivaa_api/vendor/laravel/framework/src/Illuminate/Routing/Middleware/SubstituteBindings.php(51): Illuminate/Pipeline/Pipeline->{closure:Illuminate/Pipeline/Pipeline::prepareDestination():168}()
#33 C:/Users/Admin/thalaivaa_api/vendor/laravel/framework/src/Illuminate/Pipeline/Pipeline.php(209): Illuminate/Routing/Middleware/SubstituteBindings->handle()
#34 C:/Users/Admin/thalaivaa_api/vendor/laravel/framework/src/Illuminate/Pipeline/Pipeline.php(127): Illuminate/Pipeline/Pipeline->{closure:{closure:Illuminate/Pipeline/Pipeline::carry():184}:185}()
#35 C:/Users/Admin/thalaivaa_api/vendor/laravel/framework/src/Illuminate/Routing/Router.php(807): Illuminate/Pipeline/Pipeline->then()
#36 C:/Users/Admin/thalaivaa_api/vendor/laravel/framework/src/Illuminate/Routing/Router.php(786): Illuminate/Routing/Router->runRouteWithinStack()
#37 C:/Users/Admin/thalaivaa_api/vendor/laravel/framework/src/Illuminate/Routing/Router.php(750): Illuminate/Routing/Router->runRoute()
#38 C:/Users/Admin/thalaivaa_api/vendor/laravel/framework/src/Illuminate/Routing/Router.php(739): Illuminate/Routing/Router->dispatchToRoute()
#39 C:/Users/Admin/thalaivaa_api/vendor/laravel/framework/src/Illuminate/Foundation/Http/Kernel.php(201): Illuminate/Routing/Router->dispatch()
#40 C:/Users/Admin/thalaivaa_api/vendor/laravel/framework/src/Illuminate/Pipeline/Pipeline.php(170): Illuminate/Foundation/Http/Kernel->{closure:Illuminate/Foundation/Http/Kernel::dispatchToRouter():198}()
#41 C:/Users/Admin/thalaivaa_api/vendor/livewire/livewire/src/Features/SupportDisablingBackButtonCache/DisableBackButtonCacheMiddleware.php(19): Illuminate/Pipeline/Pipeline->{closure:Illuminate/Pipeline/Pipeline::prepareDestination():168}()
#42 C:/Users/Admin/thalaivaa_api/vendor/laravel/framework/src/Illuminate/Pipeline/Pipeline.php(209): Livewire/Features/SupportDisablingBackButtonCache/DisableBackButtonCacheMiddleware->handle()
#43 C:/Users/Admin/thalaivaa_api/vendor/laravel/framework/src/Illuminate/Foundation/Http/Middleware/TransformsRequest.php(21): Illuminate/Pipeline/Pipeline->{closure:{closure:Illuminate/Pipeline/Pipeline::carry():184}:185}()
#44 C:/Users/Admin/thalaivaa_api/vendor/laravel/framework/src/Illuminate/Foundation/Http/Middleware/ConvertEmptyStringsToNull.php(31): Illuminate/Foundation/Http/Middleware/TransformsRequest->handle()
#45 C:/Users/Admin/thalaivaa_api/vendor/laravel/framework/src/Illuminate/Pipeline/Pipeline.php(209): Illuminate/Foundation/Http/Middleware/ConvertEmptyStringsToNull->handle()
#46 C:/Users/Admin/thalaivaa_api/vendor/laravel/framework/src/Illuminate/Foundation/Http/Middleware/TransformsRequest.php(21): Illuminate/Pipeline/Pipeline->{closure:{closure:Illuminate/Pipeline/Pipeline::carry():184}:185}()
#47 C:/Users/Admin/thalaivaa_api/vendor/laravel/framework/src/Illuminate/Foundation/Http/Middleware/TrimStrings.php(51): Illuminate/Foundation/Http/Middleware/TransformsRequest->handle()
#48 C:/Users/Admin/thalaivaa_api/vendor/laravel/framework/src/Illuminate/Pipeline/Pipeline.php(209): Illuminate/Foundation/Http/Middleware/TrimStrings->handle()
#49 C:/Users/Admin/thalaivaa_api/vendor/laravel/framework/src/Illuminate/Http/Middleware/ValidatePostSize.php(27): Illuminate/Pipeline/Pipeline->{closure:{closure:Illuminate/Pipeline/Pipeline::carry():184}:185}()
#50 C:/Users/Admin/thalaivaa_api/vendor/laravel/framework/src/Illuminate/Pipeline/Pipeline.php(209): Illuminate/Http/Middleware/ValidatePostSize->handle()
#51 C:/Users/Admin/thalaivaa_api/vendor/laravel/framework/src/Illuminate/Foundation/Http/Middleware/PreventRequestsDuringMaintenance.php(110): Illuminate/Pipeline/Pipeline->{closure:{closure:Illuminate/Pipeline/Pipeline::carry():184}:185}()
#52 C:/Users/Admin/thalaivaa_api/vendor/laravel/framework/src/Illuminate/Pipeline/Pipeline.php(209): Illuminate/Foundation/Http/Middleware/PreventRequestsDuringMaintenance->handle()
#53 C:/Users/Admin/thalaivaa_api/vendor/laravel/framework/src/Illuminate/Http/Middleware/HandleCors.php(62): Illuminate/Pipeline/Pipeline->{closure:{closure:Illuminate/Pipeline/Pipeline::carry():184}:185}()
#54 C:/Users/Admin/thalaivaa_api/vendor/laravel/framework/src/Illuminate/Pipeline/Pipeline.php(209): Illuminate/Http/Middleware/HandleCors->handle()
#55 C:/Users/Admin/thalaivaa_api/vendor/laravel/framework/src/Illuminate/Http/Middleware/TrustProxies.php(58): Illuminate/Pipeline/Pipeline->{closure:{closure:Illuminate/Pipeline/Pipeline::carry():184}:185}()
#56 C:/Users/Admin/thalaivaa_api/vendor/laravel/framework/src/Illuminate/Pipeline/Pipeline.php(209): Illuminate/Http/Middleware/TrustProxies->handle()
#57 C:/Users/Admin/thalaivaa_api/vendor/laravel/framework/src/Illuminate/Foundation/Http/Middleware/InvokeDeferredCallbacks.php(22): Illuminate/Pipeline/Pipeline->{closure:{closure:Illuminate/Pipeline/Pipeline::carry():184}:185}()
#58 C:/Users/Admin/thalaivaa_api/vendor/laravel/framework/src/Illuminate/Pipeline/Pipeline.php(209): Illuminate/Foundation/Http/Middleware/InvokeDeferredCallbacks->handle()
#59 C:/Users/Admin/thalaivaa_api/vendor/laravel/framework/src/Illuminate/Pipeline/Pipeline.php(127): Illuminate/Pipeline/Pipeline->{closure:{closure:Illuminate/Pipeline/Pipeline::carry():184}:185}()
#60 C:/Users/Admin/thalaivaa_api/vendor/laravel/framework/src/Illuminate/Foundation/Http/Kernel.php(176): Illuminate/Pipeline/Pipeline->then()
#61 C:/Users/Admin/thalaivaa_api/vendor/laravel/framework/src/Illuminate/Foundation/Http/Kernel.php(145): Illuminate/Foundation/Http/Kernel->sendRequestThroughRouter()
#62 C:/Users/Admin/thalaivaa_api/vendor/laravel/framework/src/Illuminate/Foundation/Application.php(1220): Illuminate/Foundation/Http/Kernel->handle()
#63 C:/Users/Admin/thalaivaa_api/public/index.php(17): Illuminate/Foundation/Application->handleRequest()
#64 C:/Users/Admin/thalaivaa_api/vendor/laravel/framework/src/Illuminate/Foundation/resources/server.php(23): require_once('...')
#65 {main}
"} 
[2026-09-12 14:33:00] local.ERROR: PHP Parse error: Syntax error, unexpected T_NS_SEPARATOR on line 1 {"exception":"[object] (Psy\\Exception\\ParseErrorException(code: 0): PHP Parse error: Syntax error, unexpected T_NS_SEPARATOR on line 1 at C:/Users/Admin/thalaivaa_api/vendor/psy/psysh/src/Exception/ParseErrorException.php:44)
[stacktrace]
#0 C:/Users/Admin/thalaivaa_api/vendor/psy/psysh/src/CodeCleaner.php(657): Psy/Exception/ParseErrorException::fromParseError()
#1 C:/Users/Admin/thalaivaa_api/vendor/psy/psysh/src/CodeCleaner.php(273): Psy/CodeCleaner->parse()
#2 C:/Users/Admin/thalaivaa_api/vendor/psy/psysh/src/Shell.php(1399): Psy/CodeCleaner->clean()
#3 C:/Users/Admin/thalaivaa_api/vendor/psy/psysh/src/Shell.php(1506): Psy/Shell->appendCode()
#4 C:/Users/Admin/thalaivaa_api/vendor/psy/psysh/src/Shell.php(2215): Psy/Shell->setCode()
#5 C:/Users/Admin/thalaivaa_api/vendor/laravel/tinker/src/Console/TinkerCommand.php(77): Psy/Shell->execute()
#6 C:/Users/Admin/thalaivaa_api/vendor/laravel/framework/src/Illuminate/Container/BoundMethod.php(36): Laravel/Tinker/Console/TinkerCommand->handle()
#7 C:/Users/Admin/thalaivaa_api/vendor/laravel/framework/src/Illuminate/Container/Util.php(43): Illuminate/Container/BoundMethod::{closure:Illuminate/Container/BoundMethod::call():35}()
#8 C:/Users/Admin/thalaivaa_api/vendor/laravel/framework/src/Illuminate/Container/BoundMethod.php(95): Illuminate/Container/Util::unwrapIfClosure()
#9 C:/Users/Admin/thalaivaa_api/vendor/laravel/framework/src/Illuminate/Container/BoundMethod.php(35): Illuminate/Container/BoundMethod::callBoundMethod()
#10 C:/Users/Admin/thalaivaa_api/vendor/laravel/framework/src/Illuminate/Container/Container.php(696): Illuminate/Container/BoundMethod::call()
#11 C:/Users/Admin/thalaivaa_api/vendor/laravel/framework/src/Illuminate/Console/Command.php(213): Illuminate/Container/Container->call()
#12 C:/Users/Admin/thalaivaa_api/vendor/symfony/console/Command/Command.php(341): Illuminate/Console/Command->execute()
#13 C:/Users/Admin/thalaivaa_api/vendor/laravel/framework/src/Illuminate/Console/Command.php(182): Symfony/Component/Console/Command/Command->run()
#14 C:/Users/Admin/thalaivaa_api/vendor/symfony/console/Application.php(1117): Illuminate/Console/Command->run()
#15 C:/Users/Admin/thalaivaa_api/vendor/symfony/console/Application.php(356): Symfony/Component/Console/Application->doRunCommand()
#16 C:/Users/Admin/thalaivaa_api/vendor/symfony/console/Application.php(195): Symfony/Component/Console/Application->doRun()
#17 C:/Users/Admin/thalaivaa_api/vendor/laravel/framework/src/Illuminate/Foundation/Console/Kernel.php(198): Symfony/Component/Console/Application->run()
#18 C:/Users/Admin/thalaivaa_api/vendor/laravel/framework/src/Illuminate/Foundation/Application.php(1235): Illuminate/Foundation/Console/Kernel->handle()
#19 C:/Users/Admin/thalaivaa_api/artisan(18): Illuminate/Foundation/Application->handleCommand()
#20 {main}
"} 
[2026-09-12 14:33:49] local.ERROR: Command "filament:resources" is not defined.

Did you mean one of these?
    filament:about
    filament:assets
    filament:cache-components
    filament:check-translations
    filament:clear-cached-components
    filament:install
    filament:optimize
    filament:optimize-clear
    filament:upgrade
    make:resource {"exception":"[object] (Symfony\\Component\\Console\\Exception\\CommandNotFoundException(code: 0): Command \"filament:resources\" is not defined.

Did you mean one of these?
    filament:about
    filament:assets
    filament:cache-components
    filament:check-translations
    filament:clear-cached-components
    filament:install
    filament:optimize
    filament:optimize-clear
    filament:upgrade
    make:resource at C:/Users/Admin/thalaivaa_api/vendor/symfony/console/Application.php:759)
[stacktrace]
#0 C:/Users/Admin/thalaivaa_api/vendor/symfony/console/Application.php(298): Symfony/Component/Console/Application->find()
#1 C:/Users/Admin/thalaivaa_api/vendor/symfony/console/Application.php(195): Symfony/Component/Console/Application->doRun()
#2 C:/Users/Admin/thalaivaa_api/vendor/laravel/framework/src/Illuminate/Foundation/Console/Kernel.php(198): Symfony/Component/Console/Application->run()
#3 C:/Users/Admin/thalaivaa_api/vendor/laravel/framework/src/Illuminate/Foundation/Application.php(1235): Illuminate/Foundation/Console/Kernel->handle()
#4 C:/Users/Admin/thalaivaa_api/artisan(18): Illuminate/Foundation/Application->handleCommand()
#5 {main}
"} 
[2026-09-12 14:34:38] local.ERROR: The panel has already been registered with the ID [admin]. {"exception":"[object] (Exception(code: 0): The panel has already been registered with the ID [admin]. at C:/Users/Admin/thalaivaa_api/vendor/filament/filament/src/Panel/Concerns/HasId.php:14)
[stacktrace]
#0 C:/Users/Admin/thalaivaa_api/app/Providers/Filament/AdminPanelProvider.php(27): Filament/Panel->id()
#1 [internal function]: App/Providers/Filament/AdminPanelProvider->panel()
#2 C:/Users/Admin/AppData/Local/Temp/opencode/check_panel.php(9): ReflectionMethod->invoke()
#3 {main}
"} 
[2026-09-12 15:02:19] local.ERROR: foreach() argument must be of type array|object, string given {"exception":"[object] (ErrorException(code: 0): foreach() argument must be of type array|object, string given at C:/Users/Admin/thalaivaa_api/routes/api.php:160)
[stacktrace]
#0 C:/Users/Admin/thalaivaa_api/vendor/laravel/framework/src/Illuminate/Foundation/Bootstrap/HandleExceptions.php(258): Illuminate/Foundation/Bootstrap/HandleExceptions->handleError()
#1 C:/Users/Admin/thalaivaa_api/routes/api.php(160): Illuminate/Foundation/Bootstrap/HandleExceptions->{closure:Illuminate/Foundation/Bootstrap/HandleExceptions::forwardsTo():257}()
#2 C:/Users/Admin/thalaivaa_api/vendor/laravel/framework/src/Illuminate/Routing/CallableDispatcher.php(40): Illuminate/Routing/RouteFileRegistrar->{closure:C:/Users/Admin/thalaivaa_api/routes/api.php:128}()
#3 C:/Users/Admin/thalaivaa_api/vendor/laravel/framework/src/Illuminate/Routing/Route.php(244): Illuminate/Routing/CallableDispatcher->dispatch()
#4 C:/Users/Admin/thalaivaa_api/vendor/laravel/framework/src/Illuminate/Routing/Route.php(215): Illuminate/Routing/Route->runCallable()
#5 C:/Users/Admin/thalaivaa_api/vendor/laravel/framework/src/Illuminate/Routing/Router.php(808): Illuminate/Routing/Route->run()
#6 C:/Users/Admin/thalaivaa_api/vendor/laravel/framework/src/Illuminate/Pipeline/Pipeline.php(170): Illuminate/Routing/Router->{closure:Illuminate/Routing/Router::runRouteWithinStack():807}()
#7 C:/Users/Admin/thalaivaa_api/vendor/laravel/framework/src/Illuminate/Routing/Middleware/SubstituteBindings.php(51): Illuminate/Pipeline/Pipeline->{closure:Illuminate/Pipeline/Pipeline::prepareDestination():168}()
#8 C:/Users/Admin/thalaivaa_api/vendor/laravel/framework/src/Illuminate/Pipeline/Pipeline.php(209): Illuminate/Routing/Middleware/SubstituteBindings->handle()
#9 C:/Users/Admin/thalaivaa_api/vendor/laravel/framework/src/Illuminate/Pipeline/Pipeline.php(127): Illuminate/Pipeline/Pipeline->{closure:{closure:Illuminate/Pipeline/Pipeline::carry():184}:185}()
#10 C:/Users/Admin/thalaivaa_api/vendor/laravel/framework/src/Illuminate/Routing/Router.php(807): Illuminate/Pipeline/Pipeline->then()
#11 C:/Users/Admin/thalaivaa_api/vendor/laravel/framework/src/Illuminate/Routing/Router.php(786): Illuminate/Routing/Router->runRouteWithinStack()
#12 C:/Users/Admin/thalaivaa_api/vendor/laravel/framework/src/Illuminate/Routing/Router.php(750): Illuminate/Routing/Router->runRoute()
#13 C:/Users/Admin/thalaivaa_api/vendor/laravel/framework/src/Illuminate/Routing/Router.php(739): Illuminate/Routing/Router->dispatchToRoute()
#14 C:/Users/Admin/thalaivaa_api/vendor/laravel/framework/src/Illuminate/Foundation/Http/Kernel.php(201): Illuminate/Routing/Router->dispatch()
#15 C:/Users/Admin/thalaivaa_api/vendor/laravel/framework/src/Illuminate/Pipeline/Pipeline.php(170): Illuminate/Foundation/Http/Kernel->{closure:Illuminate/Foundation/Http/Kernel::dispatchToRouter():198}()
#16 C:/Users/Admin/thalaivaa_api/vendor/livewire/livewire/src/Features/SupportDisablingBackButtonCache/DisableBackButtonCacheMiddleware.php(19): Illuminate/Pipeline/Pipeline->{closure:Illuminate/Pipeline/Pipeline::prepareDestination():168}()
#17 C:/Users/Admin/thalaivaa_api/vendor/laravel/framework/src/Illuminate/Pipeline/Pipeline.php(209): Livewire/Features/SupportDisablingBackButtonCache/DisableBackButtonCacheMiddleware->handle()
#18 C:/Users/Admin/thalaivaa_api/vendor/laravel/framework/src/Illuminate/Foundation/Http/Middleware/TransformsRequest.php(21): Illuminate/Pipeline/Pipeline->{closure:{closure:Illuminate/Pipeline/Pipeline::carry():184}:185}()
#19 C:/Users/Admin/thalaivaa_api/vendor/laravel/framework/src/Illuminate/Foundation/Http/Middleware/ConvertEmptyStringsToNull.php(31): Illuminate/Foundation/Http/Middleware/TransformsRequest->handle()
#20 C:/Users/Admin/thalaivaa_api/vendor/laravel/framework/src/Illuminate/Pipeline/Pipeline.php(209): Illuminate/Foundation/Http/Middleware/ConvertEmptyStringsToNull->handle()
#21 C:/Users/Admin/thalaivaa_api/vendor/laravel/framework/src/Illuminate/Foundation/Http/Middleware/TransformsRequest.php(21): Illuminate/Pipeline/Pipeline->{closure:{closure:Illuminate/Pipeline/Pipeline::carry():184}:185}()
#22 C:/Users/Admin/thalaivaa_api/vendor/laravel/framework/src/Illuminate/Foundation/Http/Middleware/TrimStrings.php(51): Illuminate/Foundation/Http/Middleware/TransformsRequest->handle()
#23 C:/Users/Admin/thalaivaa_api/vendor/laravel/framework/src/Illuminate/Pipeline/Pipeline.php(209): Illuminate/Foundation/Http/Middleware/TrimStrings->handle()
#24 C:/Users/Admin/thalaivaa_api/vendor/laravel/framework/src/Illuminate/Http/Middleware/ValidatePostSize.php(27): Illuminate/Pipeline/Pipeline->{closure:{closure:Illuminate/Pipeline/Pipeline::carry():184}:185}()
#25 C:/Users/Admin/thalaivaa_api/vendor/laravel/framework/src/Illuminate/Pipeline/Pipeline.php(209): Illuminate/Http/Middleware/ValidatePostSize->handle()
#26 C:/Users/Admin/thalaivaa_api/vendor/laravel/framework/src/Illuminate/Foundation/Http/Middleware/PreventRequestsDuringMaintenance.php(110): Illuminate/Pipeline/Pipeline->{closure:{closure:Illuminate/Pipeline/Pipeline::carry():184}:185}()
#27 C:/Users/Admin/thalaivaa_api/vendor/laravel/framework/src/Illuminate/Pipeline/Pipeline.php(209): Illuminate/Foundation/Http/Middleware/PreventRequestsDuringMaintenance->handle()
#28 C:/Users/Admin/thalaivaa_api/vendor/laravel/framework/src/Illuminate/Http/Middleware/HandleCors.php(62): Illuminate/Pipeline/Pipeline->{closure:{closure:Illuminate/Pipeline/Pipeline::carry():184}:185}()
#29 C:/Users/Admin/thalaivaa_api/vendor/laravel/framework/src/Illuminate/Pipeline/Pipeline.php(209): Illuminate/Http/Middleware/HandleCors->handle()
#30 C:/Users/Admin/thalaivaa_api/vendor/laravel/framework/src/Illuminate/Http/Middleware/TrustProxies.php(58): Illuminate/Pipeline/Pipeline->{closure:{closure:Illuminate/Pipeline/Pipeline::carry():184}:185}()
#31 C:/Users/Admin/thalaivaa_api/vendor/laravel/framework/src/Illuminate/Pipeline/Pipeline.php(209): Illuminate/Http/Middleware/TrustProxies->handle()
#32 C:/Users/Admin/thalaivaa_api/vendor/laravel/framework/src/Illuminate/Foundation/Http/Middleware/InvokeDeferredCallbacks.php(22): Illuminate/Pipeline/Pipeline->{closure:{closure:Illuminate/Pipeline/Pipeline::carry():184}:185}()
#33 C:/Users/Admin/thalaivaa_api/vendor/laravel/framework/src/Illuminate/Pipeline/Pipeline.php(209): Illuminate/Foundation/Http/Middleware/InvokeDeferredCallbacks->handle()
#34 C:/Users/Admin/thalaivaa_api/vendor/laravel/framework/src/Illuminate/Pipeline/Pipeline.php(127): Illuminate/Pipeline/Pipeline->{closure:{closure:Illuminate/Pipeline/Pipeline::carry():184}:185}()
#35 C:/Users/Admin/thalaivaa_api/vendor/laravel/framework/src/Illuminate/Foundation/Http/Kernel.php(176): Illuminate/Pipeline/Pipeline->then()
#36 C:/Users/Admin/thalaivaa_api/vendor/laravel/framework/src/Illuminate/Foundation/Http/Kernel.php(145): Illuminate/Foundation/Http/Kernel->sendRequestThroughRouter()
#37 C:/Users/Admin/thalaivaa_api/vendor/laravel/framework/src/Illuminate/Foundation/Application.php(1220): Illuminate/Foundation/Http/Kernel->handle()
#38 C:/Users/Admin/thalaivaa_api/public/index.php(17): Illuminate/Foundation/Application->handleRequest()
#39 C:/Users/Admin/thalaivaa_api/vendor/laravel/framework/src/Illuminate/Foundation/resources/server.php(23): require_once('...')
#40 {main}
"} 
[2026-09-12 15:03:38] local.ERROR: Method Illuminate\Database\SQLiteConnection::getDoctrineSchemaManager does not exist. {"exception":"[object] (BadMethodCallException(code: 0): Method Illuminate\\Database\\SQLiteConnection::getDoctrineSchemaManager does not exist. at C:/Users/Admin/thalaivaa_api/vendor/laravel/framework/src/Illuminate/Macroable/Traits/Macroable.php:115)
[stacktrace]
#0 C:/Users/Admin/AppData/Local/Temp/opencode/check_auth.php(28): Illuminate/Database/Connection->__call()
#1 {main}
"} 
[2026-09-12 15:32:29] local.ERROR: Class "App\Http\Controllers\Controller" not found {"exception":"[object] (Error(code: 0): Class \"App\\Http\\Controllers\\Controller\" not found at C:/Users/Admin/thalaivaa_api/app/Http/Controllers/Api/V1/CatalogController.php:12)
[stacktrace]
#0 C:/Users/Admin/thalaivaa_api/vendor/composer/ClassLoader.php(576): include()
#1 C:/Users/Admin/thalaivaa_api/vendor/composer/ClassLoader.php(427): {closure:Composer/Autoload/ClassLoader::initializeIncludeClosure():575}()
#2 [internal function]: Composer/Autoload/ClassLoader->loadClass()
#3 C:/Users/Admin/thalaivaa_api/vendor/laravel/framework/src/Illuminate/Routing/Route.php(1117): is_a()
#4 C:/Users/Admin/thalaivaa_api/vendor/laravel/framework/src/Illuminate/Routing/Route.php(1054): Illuminate/Routing/Route->controllerMiddleware()
#5 C:/Users/Admin/thalaivaa_api/vendor/laravel/framework/src/Illuminate/Routing/Router.php(820): Illuminate/Routing/Route->gatherMiddleware()
#6 C:/Users/Admin/thalaivaa_api/vendor/laravel/framework/src/Illuminate/Routing/Router.php(802): Illuminate/Routing/Router->gatherRouteMiddleware()
#7 C:/Users/Admin/thalaivaa_api/vendor/laravel/framework/src/Illuminate/Routing/Router.php(786): Illuminate/Routing/Router->runRouteWithinStack()
#8 C:/Users/Admin/thalaivaa_api/vendor/laravel/framework/src/Illuminate/Routing/Router.php(750): Illuminate/Routing/Router->runRoute()
#9 C:/Users/Admin/thalaivaa_api/vendor/laravel/framework/src/Illuminate/Routing/Router.php(739): Illuminate/Routing/Router->dispatchToRoute()
#10 C:/Users/Admin/thalaivaa_api/vendor/laravel/framework/src/Illuminate/Foundation/Http/Kernel.php(201): Illuminate/Routing/Router->dispatch()
#11 C:/Users/Admin/thalaivaa_api/vendor/laravel/framework/src/Illuminate/Pipeline/Pipeline.php(170): Illuminate/Foundation/Http/Kernel->{closure:Illuminate/Foundation/Http/Kernel::dispatchToRouter():198}()
#12 C:/Users/Admin/thalaivaa_api/vendor/livewire/livewire/src/Features/SupportDisablingBackButtonCache/DisableBackButtonCacheMiddleware.php(19): Illuminate/Pipeline/Pipeline->{closure:Illuminate/Pipeline/Pipeline::prepareDestination():168}()
#13 C:/Users/Admin/thalaivaa_api/vendor/laravel/framework/src/Illuminate/Pipeline/Pipeline.php(209): Livewire/Features/SupportDisablingBackButtonCache/DisableBackButtonCacheMiddleware->handle()
#14 C:/Users/Admin/thalaivaa_api/vendor/laravel/framework/src/Illuminate/Foundation/Http/Middleware/TransformsRequest.php(21): Illuminate/Pipeline/Pipeline->{closure:{closure:Illuminate/Pipeline/Pipeline::carry():184}:185}()
#15 C:/Users/Admin/thalaivaa_api/vendor/laravel/framework/src/Illuminate/Foundation/Http/Middleware/ConvertEmptyStringsToNull.php(31): Illuminate/Foundation/Http/Middleware/TransformsRequest->handle()
#16 C:/Users/Admin/thalaivaa_api/vendor/laravel/framework/src/Illuminate/Pipeline/Pipeline.php(209): Illuminate/Foundation/Http/Middleware/ConvertEmptyStringsToNull->handle()
#17 C:/Users/Admin/thalaivaa_api/vendor/laravel/framework/src/Illuminate/Foundation/Http/Middleware/TransformsRequest.php(21): Illuminate/Pipeline/Pipeline->{closure:{closure:Illuminate/Pipeline/Pipeline::carry():184}:185}()
#18 C:/Users/Admin/thalaivaa_api/vendor/laravel/framework/src/Illuminate/Foundation/Http/Middleware/TrimStrings.php(51): Illuminate/Foundation/Http/Middleware/TransformsRequest->handle()
#19 C:/Users/Admin/thalaivaa_api/vendor/laravel/framework/src/Illuminate/Pipeline/Pipeline.php(209): Illuminate/Foundation/Http/Middleware/TrimStrings->handle()
#20 C:/Users/Admin/thalaivaa_api/vendor/laravel/framework/src/Illuminate/Http/Middleware/ValidatePostSize.php(27): Illuminate/Pipeline/Pipeline->{closure:{closure:Illuminate/Pipeline/Pipeline::carry():184}:185}()
#21 C:/Users/Admin/thalaivaa_api/vendor/laravel/framework/src/Illuminate/Pipeline/Pipeline.php(209): Illuminate/Http/Middleware/ValidatePostSize->handle()
#22 C:/Users/Admin/thalaivaa_api/vendor/laravel/framework/src/Illuminate/Foundation/Http/Middleware/PreventRequestsDuringMaintenance.php(110): Illuminate/Pipeline/Pipeline->{closure:{closure:Illuminate/Pipeline/Pipeline::carry():184}:185}()
#23 C:/Users/Admin/thalaivaa_api/vendor/laravel/framework/src/Illuminate/Pipeline/Pipeline.php(209): Illuminate/Foundation/Http/Middleware/PreventRequestsDuringMaintenance->handle()
#24 C:/Users/Admin/thalaivaa_api/vendor/laravel/framework/src/Illuminate/Http/Middleware/HandleCors.php(62): Illuminate/Pipeline/Pipeline->{closure:{closure:Illuminate/Pipeline/Pipeline::carry():184}:185}()
#25 C:/Users/Admin/thalaivaa_api/vendor/laravel/framework/src/Illuminate/Pipeline/Pipeline.php(209): Illuminate/Http/Middleware/HandleCors->handle()
#26 C:/Users/Admin/thalaivaa_api/vendor/laravel/framework/src/Illuminate/Http/Middleware/TrustProxies.php(58): Illuminate/Pipeline/Pipeline->{closure:{closure:Illuminate/Pipeline/Pipeline::carry():184}:185}()
#27 C:/Users/Admin/thalaivaa_api/vendor/laravel/framework/src/Illuminate/Pipeline/Pipeline.php(209): Illuminate/Http/Middleware/TrustProxies->handle()
#28 C:/Users/Admin/thalaivaa_api/vendor/laravel/framework/src/Illuminate/Foundation/Http/Middleware/InvokeDeferredCallbacks.php(22): Illuminate/Pipeline/Pipeline->{closure:{closure:Illuminate/Pipeline/Pipeline::carry():184}:185}()
#29 C:/Users/Admin/thalaivaa_api/vendor/laravel/framework/src/Illuminate/Pipeline/Pipeline.php(209): Illuminate/Foundation/Http/Middleware/InvokeDeferredCallbacks->handle()
#30 C:/Users/Admin/thalaivaa_api/vendor/laravel/framework/src/Illuminate/Pipeline/Pipeline.php(127): Illuminate/Pipeline/Pipeline->{closure:{closure:Illuminate/Pipeline/Pipeline::carry():184}:185}()
#31 C:/Users/Admin/thalaivaa_api/vendor/laravel/framework/src/Illuminate/Foundation/Http/Kernel.php(176): Illuminate/Pipeline/Pipeline->then()
#32 C:/Users/Admin/thalaivaa_api/vendor/laravel/framework/src/Illuminate/Foundation/Http/Kernel.php(145): Illuminate/Foundation/Http/Kernel->sendRequestThroughRouter()
#33 C:/Users/Admin/thalaivaa_api/vendor/laravel/framework/src/Illuminate/Foundation/Application.php(1220): Illuminate/Foundation/Http/Kernel->handle()
#34 C:/Users/Admin/thalaivaa_api/public/index.php(17): Illuminate/Foundation/Application->handleRequest()
#35 C:/Users/Admin/thalaivaa_api/vendor/laravel/framework/src/Illuminate/Foundation/resources/server.php(23): require_once('...')
#36 {main}
"} 
[2026-09-12 15:32:29] local.ERROR: Class "App\Http\Controllers\Controller" not found {"exception":"[object] (Error(code: 0): Class \"App\\Http\\Controllers\\Controller\" not found at C:/Users/Admin/thalaivaa_api/app/Http/Controllers/Api/V1/CatalogController.php:12)
[stacktrace]
#0 C:/Users/Admin/thalaivaa_api/vendor/composer/ClassLoader.php(576): include()
#1 C:/Users/Admin/thalaivaa_api/vendor/composer/ClassLoader.php(427): {closure:Composer/Autoload/ClassLoader::initializeIncludeClosure():575}()
#2 [internal function]: Composer/Autoload/ClassLoader->loadClass()
#3 C:/Users/Admin/thalaivaa_api/vendor/laravel/framework/src/Illuminate/Routing/Route.php(1117): is_a()
#4 C:/Users/Admin/thalaivaa_api/vendor/laravel/framework/src/Illuminate/Routing/Route.php(1054): Illuminate/Routing/Route->controllerMiddleware()
#5 C:/Users/Admin/thalaivaa_api/vendor/laravel/framework/src/Illuminate/Routing/Router.php(820): Illuminate/Routing/Route->gatherMiddleware()
#6 C:/Users/Admin/thalaivaa_api/vendor/laravel/framework/src/Illuminate/Routing/Router.php(802): Illuminate/Routing/Router->gatherRouteMiddleware()
#7 C:/Users/Admin/thalaivaa_api/vendor/laravel/framework/src/Illuminate/Routing/Router.php(786): Illuminate/Routing/Router->runRouteWithinStack()
#8 C:/Users/Admin/thalaivaa_api/vendor/laravel/framework/src/Illuminate/Routing/Router.php(750): Illuminate/Routing/Router->runRoute()
#9 C:/Users/Admin/thalaivaa_api/vendor/laravel/framework/src/Illuminate/Routing/Router.php(739): Illuminate/Routing/Router->dispatchToRoute()
#10 C:/Users/Admin/thalaivaa_api/vendor/laravel/framework/src/Illuminate/Foundation/Http/Kernel.php(201): Illuminate/Routing/Router->dispatch()
#11 C:/Users/Admin/thalaivaa_api/vendor/laravel/framework/src/Illuminate/Pipeline/Pipeline.php(170): Illuminate/Foundation/Http/Kernel->{closure:Illuminate/Foundation/Http/Kernel::dispatchToRouter():198}()
#12 C:/Users/Admin/thalaivaa_api/vendor/livewire/livewire/src/Features/SupportDisablingBackButtonCache/DisableBackButtonCacheMiddleware.php(19): Illuminate/Pipeline/Pipeline->{closure:Illuminate/Pipeline/Pipeline::prepareDestination():168}()
#13 C:/Users/Admin/thalaivaa_api/vendor/laravel/framework/src/Illuminate/Pipeline/Pipeline.php(209): Livewire/Features/SupportDisablingBackButtonCache/DisableBackButtonCacheMiddleware->handle()
#14 C:/Users/Admin/thalaivaa_api/vendor/laravel/framework/src/Illuminate/Foundation/Http/Middleware/TransformsRequest.php(21): Illuminate/Pipeline/Pipeline->{closure:{closure:Illuminate/Pipeline/Pipeline::carry():184}:185}()
#15 C:/Users/Admin/thalaivaa_api/vendor/laravel/framework/src/Illuminate/Foundation/Http/Middleware/ConvertEmptyStringsToNull.php(31): Illuminate/Foundation/Http/Middleware/TransformsRequest->handle()
#16 C:/Users/Admin/thalaivaa_api/vendor/laravel/framework/src/Illuminate/Pipeline/Pipeline.php(209): Illuminate/Foundation/Http/Middleware/ConvertEmptyStringsToNull->handle()
#17 C:/Users/Admin/thalaivaa_api/vendor/laravel/framework/src/Illuminate/Foundation/Http/Middleware/TransformsRequest.php(21): Illuminate/Pipeline/Pipeline->{closure:{closure:Illuminate/Pipeline/Pipeline::carry():184}:185}()
#18 C:/Users/Admin/thalaivaa_api/vendor/laravel/framework/src/Illuminate/Foundation/Http/Middleware/TrimStrings.php(51): Illuminate/Foundation/Http/Middleware/TransformsRequest->handle()
#19 C:/Users/Admin/thalaivaa_api/vendor/laravel/framework/src/Illuminate/Pipeline/Pipeline.php(209): Illuminate/Foundation/Http/Middleware/TrimStrings->handle()
#20 C:/Users/Admin/thalaivaa_api/vendor/laravel/framework/src/Illuminate/Http/Middleware/ValidatePostSize.php(27): Illuminate/Pipeline/Pipeline->{closure:{closure:Illuminate/Pipeline/Pipeline::carry():184}:185}()
#21 C:/Users/Admin/thalaivaa_api/vendor/laravel/framework/src/Illuminate/Pipeline/Pipeline.php(209): Illuminate/Http/Middleware/ValidatePostSize->handle()
#22 C:/Users/Admin/thalaivaa_api/vendor/laravel/framework/src/Illuminate/Foundation/Http/Middleware/PreventRequestsDuringMaintenance.php(110): Illuminate/Pipeline/Pipeline->{closure:{closure:Illuminate/Pipeline/Pipeline::carry():184}:185}()
#23 C:/Users/Admin/thalaivaa_api/vendor/laravel/framework/src/Illuminate/Pipeline/Pipeline.php(209): Illuminate/Foundation/Http/Middleware/PreventRequestsDuringMaintenance->handle()
#24 C:/Users/Admin/thalaivaa_api/vendor/laravel/framework/src/Illuminate/Http/Middleware/HandleCors.php(62): Illuminate/Pipeline/Pipeline->{closure:{closure:Illuminate/Pipeline/Pipeline::carry():184}:185}()
#25 C:/Users/Admin/thalaivaa_api/vendor/laravel/framework/src/Illuminate/Pipeline/Pipeline.php(209): Illuminate/Http/Middleware/HandleCors->handle()
#26 C:/Users/Admin/thalaivaa_api/vendor/laravel/framework/src/Illuminate/Http/Middleware/TrustProxies.php(58): Illuminate/Pipeline/Pipeline->{closure:{closure:Illuminate/Pipeline/Pipeline::carry():184}:185}()
#27 C:/Users/Admin/thalaivaa_api/vendor/laravel/framework/src/Illuminate/Pipeline/Pipeline.php(209): Illuminate/Http/Middleware/TrustProxies->handle()
#28 C:/Users/Admin/thalaivaa_api/vendor/laravel/framework/src/Illuminate/Foundation/Http/Middleware/InvokeDeferredCallbacks.php(22): Illuminate/Pipeline/Pipeline->{closure:{closure:Illuminate/Pipeline/Pipeline::carry():184}:185}()
#29 C:/Users/Admin/thalaivaa_api/vendor/laravel/framework/src/Illuminate/Pipeline/Pipeline.php(209): Illuminate/Foundation/Http/Middleware/InvokeDeferredCallbacks->handle()
#30 C:/Users/Admin/thalaivaa_api/vendor/laravel/framework/src/Illuminate/Pipeline/Pipeline.php(127): Illuminate/Pipeline/Pipeline->{closure:{closure:Illuminate/Pipeline/Pipeline::carry():184}:185}()
#31 C:/Users/Admin/thalaivaa_api/vendor/laravel/framework/src/Illuminate/Foundation/Http/Kernel.php(176): Illuminate/Pipeline/Pipeline->then()
#32 C:/Users/Admin/thalaivaa_api/vendor/laravel/framework/src/Illuminate/Foundation/Http/Kernel.php(145): Illuminate/Foundation/Http/Kernel->sendRequestThroughRouter()
#33 C:/Users/Admin/thalaivaa_api/vendor/laravel/framework/src/Illuminate/Foundation/Application.php(1220): Illuminate/Foundation/Http/Kernel->handle()
#34 C:/Users/Admin/thalaivaa_api/public/index.php(17): Illuminate/Foundation/Application->handleRequest()
#35 C:/Users/Admin/thalaivaa_api/vendor/laravel/framework/src/Illuminate/Foundation/resources/server.php(23): require_once('...')
#36 {main}
"} 
[2026-09-12 15:32:29] local.ERROR: Class "App\Http\Controllers\Controller" not found {"exception":"[object] (Error(code: 0): Class \"App\\Http\\Controllers\\Controller\" not found at C:/Users/Admin/thalaivaa_api/app/Http/Controllers/Api/V1/CatalogController.php:12)
[stacktrace]
#0 C:/Users/Admin/thalaivaa_api/vendor/composer/ClassLoader.php(576): include()
#1 C:/Users/Admin/thalaivaa_api/vendor/composer/ClassLoader.php(427): {closure:Composer/Autoload/ClassLoader::initializeIncludeClosure():575}()
#2 [internal function]: Composer/Autoload/ClassLoader->loadClass()
#3 C:/Users/Admin/thalaivaa_api/vendor/laravel/framework/src/Illuminate/Routing/Route.php(1117): is_a()
#4 C:/Users/Admin/thalaivaa_api/vendor/laravel/framework/src/Illuminate/Routing/Route.php(1054): Illuminate/Routing/Route->controllerMiddleware()
#5 C:/Users/Admin/thalaivaa_api/vendor/laravel/framework/src/Illuminate/Routing/Router.php(820): Illuminate/Routing/Route->gatherMiddleware()
#6 C:/Users/Admin/thalaivaa_api/vendor/laravel/framework/src/Illuminate/Routing/Router.php(802): Illuminate/Routing/Router->gatherRouteMiddleware()
#7 C:/Users/Admin/thalaivaa_api/vendor/laravel/framework/src/Illuminate/Routing/Router.php(786): Illuminate/Routing/Router->runRouteWithinStack()
#8 C:/Users/Admin/thalaivaa_api/vendor/laravel/framework/src/Illuminate/Routing/Router.php(750): Illuminate/Routing/Router->runRoute()
#9 C:/Users/Admin/thalaivaa_api/vendor/laravel/framework/src/Illuminate/Routing/Router.php(739): Illuminate/Routing/Router->dispatchToRoute()
#10 C:/Users/Admin/thalaivaa_api/vendor/laravel/framework/src/Illuminate/Foundation/Http/Kernel.php(201): Illuminate/Routing/Router->dispatch()
#11 C:/Users/Admin/thalaivaa_api/vendor/laravel/framework/src/Illuminate/Pipeline/Pipeline.php(170): Illuminate/Foundation/Http/Kernel->{closure:Illuminate/Foundation/Http/Kernel::dispatchToRouter():198}()
#12 C:/Users/Admin/thalaivaa_api/vendor/livewire/livewire/src/Features/SupportDisablingBackButtonCache/DisableBackButtonCacheMiddleware.php(19): Illuminate/Pipeline/Pipeline->{closure:Illuminate/Pipeline/Pipeline::prepareDestination():168}()
#13 C:/Users/Admin/thalaivaa_api/vendor/laravel/framework/src/Illuminate/Pipeline/Pipeline.php(209): Livewire/Features/SupportDisablingBackButtonCache/DisableBackButtonCacheMiddleware->handle()
#14 C:/Users/Admin/thalaivaa_api/vendor/laravel/framework/src/Illuminate/Foundation/Http/Middleware/TransformsRequest.php(21): Illuminate/Pipeline/Pipeline->{closure:{closure:Illuminate/Pipeline/Pipeline::carry():184}:185}()
#15 C:/Users/Admin/thalaivaa_api/vendor/laravel/framework/src/Illuminate/Foundation/Http/Middleware/ConvertEmptyStringsToNull.php(31): Illuminate/Foundation/Http/Middleware/TransformsRequest->handle()
#16 C:/Users/Admin/thalaivaa_api/vendor/laravel/framework/src/Illuminate/Pipeline/Pipeline.php(209): Illuminate/Foundation/Http/Middleware/ConvertEmptyStringsToNull->handle()
#17 C:/Users/Admin/thalaivaa_api/vendor/laravel/framework/src/Illuminate/Foundation/Http/Middleware/TransformsRequest.php(21): Illuminate/Pipeline/Pipeline->{closure:{closure:Illuminate/Pipeline/Pipeline::carry():184}:185}()
#18 C:/Users/Admin/thalaivaa_api/vendor/laravel/framework/src/Illuminate/Foundation/Http/Middleware/TrimStrings.php(51): Illuminate/Foundation/Http/Middleware/TransformsRequest->handle()
#19 C:/Users/Admin/thalaivaa_api/vendor/laravel/framework/src/Illuminate/Pipeline/Pipeline.php(209): Illuminate/Foundation/Http/Middleware/TrimStrings->handle()
#20 C:/Users/Admin/thalaivaa_api/vendor/laravel/framework/src/Illuminate/Http/Middleware/ValidatePostSize.php(27): Illuminate/Pipeline/Pipeline->{closure:{closure:Illuminate/Pipeline/Pipeline::carry():184}:185}()
#21 C:/Users/Admin/thalaivaa_api/vendor/laravel/framework/src/Illuminate/Pipeline/Pipeline.php(209): Illuminate/Http/Middleware/ValidatePostSize->handle()
#22 C:/Users/Admin/thalaivaa_api/vendor/laravel/framework/src/Illuminate/Foundation/Http/Middleware/PreventRequestsDuringMaintenance.php(110): Illuminate/Pipeline/Pipeline->{closure:{closure:Illuminate/Pipeline/Pipeline::carry():184}:185}()
#23 C:/Users/Admin/thalaivaa_api/vendor/laravel/framework/src/Illuminate/Pipeline/Pipeline.php(209): Illuminate/Foundation/Http/Middleware/PreventRequestsDuringMaintenance->handle()
#24 C:/Users/Admin/thalaivaa_api/vendor/laravel/framework/src/Illuminate/Http/Middleware/HandleCors.php(62): Illuminate/Pipeline/Pipeline->{closure:{closure:Illuminate/Pipeline/Pipeline::carry():184}:185}()
#25 C:/Users/Admin/thalaivaa_api/vendor/laravel/framework/src/Illuminate/Pipeline/Pipeline.php(209): Illuminate/Http/Middleware/HandleCors->handle()
#26 C:/Users/Admin/thalaivaa_api/vendor/laravel/framework/src/Illuminate/Http/Middleware/TrustProxies.php(58): Illuminate/Pipeline/Pipeline->{closure:{closure:Illuminate/Pipeline/Pipeline::carry():184}:185}()
#27 C:/Users/Admin/thalaivaa_api/vendor/laravel/framework/src/Illuminate/Pipeline/Pipeline.php(209): Illuminate/Http/Middleware/TrustProxies->handle()
#28 C:/Users/Admin/thalaivaa_api/vendor/laravel/framework/src/Illuminate/Foundation/Http/Middleware/InvokeDeferredCallbacks.php(22): Illuminate/Pipeline/Pipeline->{closure:{closure:Illuminate/Pipeline/Pipeline::carry():184}:185}()
#29 C:/Users/Admin/thalaivaa_api/vendor/laravel/framework/src/Illuminate/Pipeline/Pipeline.php(209): Illuminate/Foundation/Http/Middleware/InvokeDeferredCallbacks->handle()
#30 C:/Users/Admin/thalaivaa_api/vendor/laravel/framework/src/Illuminate/Pipeline/Pipeline.php(127): Illuminate/Pipeline/Pipeline->{closure:{closure:Illuminate/Pipeline/Pipeline::carry():184}:185}()
#31 C:/Users/Admin/thalaivaa_api/vendor/laravel/framework/src/Illuminate/Foundation/Http/Kernel.php(176): Illuminate/Pipeline/Pipeline->then()
#32 C:/Users/Admin/thalaivaa_api/vendor/laravel/framework/src/Illuminate/Foundation/Http/Kernel.php(145): Illuminate/Foundation/Http/Kernel->sendRequestThroughRouter()
#33 C:/Users/Admin/thalaivaa_api/vendor/laravel/framework/src/Illuminate/Foundation/Application.php(1220): Illuminate/Foundation/Http/Kernel->handle()
#34 C:/Users/Admin/thalaivaa_api/public/index.php(17): Illuminate/Foundation/Application->handleRequest()
#35 C:/Users/Admin/thalaivaa_api/vendor/laravel/framework/src/Illuminate/Foundation/resources/server.php(23): require_once('...')
#36 {main}
"} 
[2026-09-12 15:32:29] local.ERROR: Class "App\Http\Controllers\Controller" not found {"exception":"[object] (Error(code: 0): Class \"App\\Http\\Controllers\\Controller\" not found at C:/Users/Admin/thalaivaa_api/app/Http/Controllers/Api/V1/CouponController.php:11)
[stacktrace]
#0 C:/Users/Admin/thalaivaa_api/vendor/composer/ClassLoader.php(576): include()
#1 C:/Users/Admin/thalaivaa_api/vendor/composer/ClassLoader.php(427): {closure:Composer/Autoload/ClassLoader::initializeIncludeClosure():575}()
#2 [internal function]: Composer/Autoload/ClassLoader->loadClass()
#3 C:/Users/Admin/thalaivaa_api/vendor/laravel/framework/src/Illuminate/Routing/Route.php(1117): is_a()
#4 C:/Users/Admin/thalaivaa_api/vendor/laravel/framework/src/Illuminate/Routing/Route.php(1054): Illuminate/Routing/Route->controllerMiddleware()
#5 C:/Users/Admin/thalaivaa_api/vendor/laravel/framework/src/Illuminate/Routing/Router.php(820): Illuminate/Routing/Route->gatherMiddleware()
#6 C:/Users/Admin/thalaivaa_api/vendor/laravel/framework/src/Illuminate/Routing/Router.php(802): Illuminate/Routing/Router->gatherRouteMiddleware()
#7 C:/Users/Admin/thalaivaa_api/vendor/laravel/framework/src/Illuminate/Routing/Router.php(786): Illuminate/Routing/Router->runRouteWithinStack()
#8 C:/Users/Admin/thalaivaa_api/vendor/laravel/framework/src/Illuminate/Routing/Router.php(750): Illuminate/Routing/Router->runRoute()
#9 C:/Users/Admin/thalaivaa_api/vendor/laravel/framework/src/Illuminate/Routing/Router.php(739): Illuminate/Routing/Router->dispatchToRoute()
#10 C:/Users/Admin/thalaivaa_api/vendor/laravel/framework/src/Illuminate/Foundation/Http/Kernel.php(201): Illuminate/Routing/Router->dispatch()
#11 C:/Users/Admin/thalaivaa_api/vendor/laravel/framework/src/Illuminate/Pipeline/Pipeline.php(170): Illuminate/Foundation/Http/Kernel->{closure:Illuminate/Foundation/Http/Kernel::dispatchToRouter():198}()
#12 C:/Users/Admin/thalaivaa_api/vendor/livewire/livewire/src/Features/SupportDisablingBackButtonCache/DisableBackButtonCacheMiddleware.php(19): Illuminate/Pipeline/Pipeline->{closure:Illuminate/Pipeline/Pipeline::prepareDestination():168}()
#13 C:/Users/Admin/thalaivaa_api/vendor/laravel/framework/src/Illuminate/Pipeline/Pipeline.php(209): Livewire/Features/SupportDisablingBackButtonCache/DisableBackButtonCacheMiddleware->handle()
#14 C:/Users/Admin/thalaivaa_api/vendor/laravel/framework/src/Illuminate/Foundation/Http/Middleware/TransformsRequest.php(21): Illuminate/Pipeline/Pipeline->{closure:{closure:Illuminate/Pipeline/Pipeline::carry():184}:185}()
#15 C:/Users/Admin/thalaivaa_api/vendor/laravel/framework/src/Illuminate/Foundation/Http/Middleware/ConvertEmptyStringsToNull.php(31): Illuminate/Foundation/Http/Middleware/TransformsRequest->handle()
#16 C:/Users/Admin/thalaivaa_api/vendor/laravel/framework/src/Illuminate/Pipeline/Pipeline.php(209): Illuminate/Foundation/Http/Middleware/ConvertEmptyStringsToNull->handle()
#17 C:/Users/Admin/thalaivaa_api/vendor/laravel/framework/src/Illuminate/Foundation/Http/Middleware/TransformsRequest.php(21): Illuminate/Pipeline/Pipeline->{closure:{closure:Illuminate/Pipeline/Pipeline::carry():184}:185}()
#18 C:/Users/Admin/thalaivaa_api/vendor/laravel/framework/src/Illuminate/Foundation/Http/Middleware/TrimStrings.php(51): Illuminate/Foundation/Http/Middleware/TransformsRequest->handle()
#19 C:/Users/Admin/thalaivaa_api/vendor/laravel/framework/src/Illuminate/Pipeline/Pipeline.php(209): Illuminate/Foundation/Http/Middleware/TrimStrings->handle()
#20 C:/Users/Admin/thalaivaa_api/vendor/laravel/framework/src/Illuminate/Http/Middleware/ValidatePostSize.php(27): Illuminate/Pipeline/Pipeline->{closure:{closure:Illuminate/Pipeline/Pipeline::carry():184}:185}()
#21 C:/Users/Admin/thalaivaa_api/vendor/laravel/framework/src/Illuminate/Pipeline/Pipeline.php(209): Illuminate/Http/Middleware/ValidatePostSize->handle()
#22 C:/Users/Admin/thalaivaa_api/vendor/laravel/framework/src/Illuminate/Foundation/Http/Middleware/PreventRequestsDuringMaintenance.php(110): Illuminate/Pipeline/Pipeline->{closure:{closure:Illuminate/Pipeline/Pipeline::carry():184}:185}()
#23 C:/Users/Admin/thalaivaa_api/vendor/laravel/framework/src/Illuminate/Pipeline/Pipeline.php(209): Illuminate/Foundation/Http/Middleware/PreventRequestsDuringMaintenance->handle()
#24 C:/Users/Admin/thalaivaa_api/vendor/laravel/framework/src/Illuminate/Http/Middleware/HandleCors.php(62): Illuminate/Pipeline/Pipeline->{closure:{closure:Illuminate/Pipeline/Pipeline::carry():184}:185}()
#25 C:/Users/Admin/thalaivaa_api/vendor/laravel/framework/src/Illuminate/Pipeline/Pipeline.php(209): Illuminate/Http/Middleware/HandleCors->handle()
#26 C:/Users/Admin/thalaivaa_api/vendor/laravel/framework/src/Illuminate/Http/Middleware/TrustProxies.php(58): Illuminate/Pipeline/Pipeline->{closure:{closure:Illuminate/Pipeline/Pipeline::carry():184}:185}()
#27 C:/Users/Admin/thalaivaa_api/vendor/laravel/framework/src/Illuminate/Pipeline/Pipeline.php(209): Illuminate/Http/Middleware/TrustProxies->handle()
#28 C:/Users/Admin/thalaivaa_api/vendor/laravel/framework/src/Illuminate/Foundation/Http/Middleware/InvokeDeferredCallbacks.php(22): Illuminate/Pipeline/Pipeline->{closure:{closure:Illuminate/Pipeline/Pipeline::carry():184}:185}()
#29 C:/Users/Admin/thalaivaa_api/vendor/laravel/framework/src/Illuminate/Pipeline/Pipeline.php(209): Illuminate/Foundation/Http/Middleware/InvokeDeferredCallbacks->handle()
#30 C:/Users/Admin/thalaivaa_api/vendor/laravel/framework/src/Illuminate/Pipeline/Pipeline.php(127): Illuminate/Pipeline/Pipeline->{closure:{closure:Illuminate/Pipeline/Pipeline::carry():184}:185}()
#31 C:/Users/Admin/thalaivaa_api/vendor/laravel/framework/src/Illuminate/Foundation/Http/Kernel.php(176): Illuminate/Pipeline/Pipeline->then()
#32 C:/Users/Admin/thalaivaa_api/vendor/laravel/framework/src/Illuminate/Foundation/Http/Kernel.php(145): Illuminate/Foundation/Http/Kernel->sendRequestThroughRouter()
#33 C:/Users/Admin/thalaivaa_api/vendor/laravel/framework/src/Illuminate/Foundation/Application.php(1220): Illuminate/Foundation/Http/Kernel->handle()
#34 C:/Users/Admin/thalaivaa_api/public/index.php(17): Illuminate/Foundation/Application->handleRequest()
#35 C:/Users/Admin/thalaivaa_api/vendor/laravel/framework/src/Illuminate/Foundation/resources/server.php(23): require_once('...')
#36 {main}
"} 
[2026-09-12 15:32:29] local.ERROR: Class "App\Http\Controllers\Controller" not found {"exception":"[object] (Error(code: 0): Class \"App\\Http\\Controllers\\Controller\" not found at C:/Users/Admin/thalaivaa_api/app/Http/Controllers/Api/V1/CouponController.php:11)
[stacktrace]
#0 C:/Users/Admin/thalaivaa_api/vendor/composer/ClassLoader.php(576): include()
#1 C:/Users/Admin/thalaivaa_api/vendor/composer/ClassLoader.php(427): {closure:Composer/Autoload/ClassLoader::initializeIncludeClosure():575}()
#2 [internal function]: Composer/Autoload/ClassLoader->loadClass()
#3 C:/Users/Admin/thalaivaa_api/vendor/laravel/framework/src/Illuminate/Routing/Route.php(1117): is_a()
#4 C:/Users/Admin/thalaivaa_api/vendor/laravel/framework/src/Illuminate/Routing/Route.php(1054): Illuminate/Routing/Route->controllerMiddleware()
#5 C:/Users/Admin/thalaivaa_api/vendor/laravel/framework/src/Illuminate/Routing/Router.php(820): Illuminate/Routing/Route->gatherMiddleware()
#6 C:/Users/Admin/thalaivaa_api/vendor/laravel/framework/src/Illuminate/Routing/Router.php(802): Illuminate/Routing/Router->gatherRouteMiddleware()
#7 C:/Users/Admin/thalaivaa_api/vendor/laravel/framework/src/Illuminate/Routing/Router.php(786): Illuminate/Routing/Router->runRouteWithinStack()
#8 C:/Users/Admin/thalaivaa_api/vendor/laravel/framework/src/Illuminate/Routing/Router.php(750): Illuminate/Routing/Router->runRoute()
#9 C:/Users/Admin/thalaivaa_api/vendor/laravel/framework/src/Illuminate/Routing/Router.php(739): Illuminate/Routing/Router->dispatchToRoute()
#10 C:/Users/Admin/thalaivaa_api/vendor/laravel/framework/src/Illuminate/Foundation/Http/Kernel.php(201): Illuminate/Routing/Router->dispatch()
#11 C:/Users/Admin/thalaivaa_api/vendor/laravel/framework/src/Illuminate/Pipeline/Pipeline.php(170): Illuminate/Foundation/Http/Kernel->{closure:Illuminate/Foundation/Http/Kernel::dispatchToRouter():198}()
#12 C:/Users/Admin/thalaivaa_api/vendor/livewire/livewire/src/Features/SupportDisablingBackButtonCache/DisableBackButtonCacheMiddleware.php(19): Illuminate/Pipeline/Pipeline->{closure:Illuminate/Pipeline/Pipeline::prepareDestination():168}()
#13 C:/Users/Admin/thalaivaa_api/vendor/laravel/framework/src/Illuminate/Pipeline/Pipeline.php(209): Livewire/Features/SupportDisablingBackButtonCache/DisableBackButtonCacheMiddleware->handle()
#14 C:/Users/Admin/thalaivaa_api/vendor/laravel/framework/src/Illuminate/Foundation/Http/Middleware/TransformsRequest.php(21): Illuminate/Pipeline/Pipeline->{closure:{closure:Illuminate/Pipeline/Pipeline::carry():184}:185}()
#15 C:/Users/Admin/thalaivaa_api/vendor/laravel/framework/src/Illuminate/Foundation/Http/Middleware/ConvertEmptyStringsToNull.php(31): Illuminate/Foundation/Http/Middleware/TransformsRequest->handle()
#16 C:/Users/Admin/thalaivaa_api/vendor/laravel/framework/src/Illuminate/Pipeline/Pipeline.php(209): Illuminate/Foundation/Http/Middleware/ConvertEmptyStringsToNull->handle()
#17 C:/Users/Admin/thalaivaa_api/vendor/laravel/framework/src/Illuminate/Foundation/Http/Middleware/TransformsRequest.php(21): Illuminate/Pipeline/Pipeline->{closure:{closure:Illuminate/Pipeline/Pipeline::carry():184}:185}()
#18 C:/Users/Admin/thalaivaa_api/vendor/laravel/framework/src/Illuminate/Foundation/Http/Middleware/TrimStrings.php(51): Illuminate/Foundation/Http/Middleware/TransformsRequest->handle()
#19 C:/Users/Admin/thalaivaa_api/vendor/laravel/framework/src/Illuminate/Pipeline/Pipeline.php(209): Illuminate/Foundation/Http/Middleware/TrimStrings->handle()
#20 C:/Users/Admin/thalaivaa_api/vendor/laravel/framework/src/Illuminate/Http/Middleware/ValidatePostSize.php(27): Illuminate/Pipeline/Pipeline->{closure:{closure:Illuminate/Pipeline/Pipeline::carry():184}:185}()
#21 C:/Users/Admin/thalaivaa_api/vendor/laravel/framework/src/Illuminate/Pipeline/Pipeline.php(209): Illuminate/Http/Middleware/ValidatePostSize->handle()
#22 C:/Users/Admin/thalaivaa_api/vendor/laravel/framework/src/Illuminate/Foundation/Http/Middleware/PreventRequestsDuringMaintenance.php(110): Illuminate/Pipeline/Pipeline->{closure:{closure:Illuminate/Pipeline/Pipeline::carry():184}:185}()
#23 C:/Users/Admin/thalaivaa_api/vendor/laravel/framework/src/Illuminate/Pipeline/Pipeline.php(209): Illuminate/Foundation/Http/Middleware/PreventRequestsDuringMaintenance->handle()
#24 C:/Users/Admin/thalaivaa_api/vendor/laravel/framework/src/Illuminate/Http/Middleware/HandleCors.php(62): Illuminate/Pipeline/Pipeline->{closure:{closure:Illuminate/Pipeline/Pipeline::carry():184}:185}()
#25 C:/Users/Admin/thalaivaa_api/vendor/laravel/framework/src/Illuminate/Pipeline/Pipeline.php(209): Illuminate/Http/Middleware/HandleCors->handle()
#26 C:/Users/Admin/thalaivaa_api/vendor/laravel/framework/src/Illuminate/Http/Middleware/TrustProxies.php(58): Illuminate/Pipeline/Pipeline->{closure:{closure:Illuminate/Pipeline/Pipeline::carry():184}:185}()
#27 C:/Users/Admin/thalaivaa_api/vendor/laravel/framework/src/Illuminate/Pipeline/Pipeline.php(209): Illuminate/Http/Middleware/TrustProxies->handle()
#28 C:/Users/Admin/thalaivaa_api/vendor/laravel/framework/src/Illuminate/Foundation/Http/Middleware/InvokeDeferredCallbacks.php(22): Illuminate/Pipeline/Pipeline->{closure:{closure:Illuminate/Pipeline/Pipeline::carry():184}:185}()
#29 C:/Users/Admin/thalaivaa_api/vendor/laravel/framework/src/Illuminate/Pipeline/Pipeline.php(209): Illuminate/Foundation/Http/Middleware/InvokeDeferredCallbacks->handle()
#30 C:/Users/Admin/thalaivaa_api/vendor/laravel/framework/src/Illuminate/Pipeline/Pipeline.php(127): Illuminate/Pipeline/Pipeline->{closure:{closure:Illuminate/Pipeline/Pipeline::carry():184}:185}()
#31 C:/Users/Admin/thalaivaa_api/vendor/laravel/framework/src/Illuminate/Foundation/Http/Kernel.php(176): Illuminate/Pipeline/Pipeline->then()
#32 C:/Users/Admin/thalaivaa_api/vendor/laravel/framework/src/Illuminate/Foundation/Http/Kernel.php(145): Illuminate/Foundation/Http/Kernel->sendRequestThroughRouter()
#33 C:/Users/Admin/thalaivaa_api/vendor/laravel/framework/src/Illuminate/Foundation/Application.php(1220): Illuminate/Foundation/Http/Kernel->handle()
#34 C:/Users/Admin/thalaivaa_api/public/index.php(17): Illuminate/Foundation/Application->handleRequest()
#35 C:/Users/Admin/thalaivaa_api/vendor/laravel/framework/src/Illuminate/Foundation/resources/server.php(23): require_once('...')
#36 {main}
"} 
[2026-09-12 15:32:29] local.ERROR: Class "App\Http\Controllers\Controller" not found {"exception":"[object] (Error(code: 0): Class \"App\\Http\\Controllers\\Controller\" not found at C:/Users/Admin/thalaivaa_api/app/Http/Controllers/Api/V1/AuthController.php:14)
[stacktrace]
#0 C:/Users/Admin/thalaivaa_api/vendor/composer/ClassLoader.php(576): include()
#1 C:/Users/Admin/thalaivaa_api/vendor/composer/ClassLoader.php(427): {closure:Composer/Autoload/ClassLoader::initializeIncludeClosure():575}()
#2 [internal function]: Composer/Autoload/ClassLoader->loadClass()
#3 C:/Users/Admin/thalaivaa_api/vendor/laravel/framework/src/Illuminate/Routing/Route.php(1117): is_a()
#4 C:/Users/Admin/thalaivaa_api/vendor/laravel/framework/src/Illuminate/Routing/Route.php(1054): Illuminate/Routing/Route->controllerMiddleware()
#5 C:/Users/Admin/thalaivaa_api/vendor/laravel/framework/src/Illuminate/Routing/Router.php(820): Illuminate/Routing/Route->gatherMiddleware()
#6 C:/Users/Admin/thalaivaa_api/vendor/laravel/framework/src/Illuminate/Routing/Router.php(802): Illuminate/Routing/Router->gatherRouteMiddleware()
#7 C:/Users/Admin/thalaivaa_api/vendor/laravel/framework/src/Illuminate/Routing/Router.php(786): Illuminate/Routing/Router->runRouteWithinStack()
#8 C:/Users/Admin/thalaivaa_api/vendor/laravel/framework/src/Illuminate/Routing/Router.php(750): Illuminate/Routing/Router->runRoute()
#9 C:/Users/Admin/thalaivaa_api/vendor/laravel/framework/src/Illuminate/Routing/Router.php(739): Illuminate/Routing/Router->dispatchToRoute()
#10 C:/Users/Admin/thalaivaa_api/vendor/laravel/framework/src/Illuminate/Foundation/Http/Kernel.php(201): Illuminate/Routing/Router->dispatch()
#11 C:/Users/Admin/thalaivaa_api/vendor/laravel/framework/src/Illuminate/Pipeline/Pipeline.php(170): Illuminate/Foundation/Http/Kernel->{closure:Illuminate/Foundation/Http/Kernel::dispatchToRouter():198}()
#12 C:/Users/Admin/thalaivaa_api/vendor/livewire/livewire/src/Features/SupportDisablingBackButtonCache/DisableBackButtonCacheMiddleware.php(19): Illuminate/Pipeline/Pipeline->{closure:Illuminate/Pipeline/Pipeline::prepareDestination():168}()
#13 C:/Users/Admin/thalaivaa_api/vendor/laravel/framework/src/Illuminate/Pipeline/Pipeline.php(209): Livewire/Features/SupportDisablingBackButtonCache/DisableBackButtonCacheMiddleware->handle()
#14 C:/Users/Admin/thalaivaa_api/vendor/laravel/framework/src/Illuminate/Foundation/Http/Middleware/TransformsRequest.php(21): Illuminate/Pipeline/Pipeline->{closure:{closure:Illuminate/Pipeline/Pipeline::carry():184}:185}()
#15 C:/Users/Admin/thalaivaa_api/vendor/laravel/framework/src/Illuminate/Foundation/Http/Middleware/ConvertEmptyStringsToNull.php(31): Illuminate/Foundation/Http/Middleware/TransformsRequest->handle()
#16 C:/Users/Admin/thalaivaa_api/vendor/laravel/framework/src/Illuminate/Pipeline/Pipeline.php(209): Illuminate/Foundation/Http/Middleware/ConvertEmptyStringsToNull->handle()
#17 C:/Users/Admin/thalaivaa_api/vendor/laravel/framework/src/Illuminate/Foundation/Http/Middleware/TransformsRequest.php(21): Illuminate/Pipeline/Pipeline->{closure:{closure:Illuminate/Pipeline/Pipeline::carry():184}:185}()
#18 C:/Users/Admin/thalaivaa_api/vendor/laravel/framework/src/Illuminate/Foundation/Http/Middleware/TrimStrings.php(51): Illuminate/Foundation/Http/Middleware/TransformsRequest->handle()
#19 C:/Users/Admin/thalaivaa_api/vendor/laravel/framework/src/Illuminate/Pipeline/Pipeline.php(209): Illuminate/Foundation/Http/Middleware/TrimStrings->handle()
#20 C:/Users/Admin/thalaivaa_api/vendor/laravel/framework/src/Illuminate/Http/Middleware/ValidatePostSize.php(27): Illuminate/Pipeline/Pipeline->{closure:{closure:Illuminate/Pipeline/Pipeline::carry():184}:185}()
#21 C:/Users/Admin/thalaivaa_api/vendor/laravel/framework/src/Illuminate/Pipeline/Pipeline.php(209): Illuminate/Http/Middleware/ValidatePostSize->handle()
#22 C:/Users/Admin/thalaivaa_api/vendor/laravel/framework/src/Illuminate/Foundation/Http/Middleware/PreventRequestsDuringMaintenance.php(110): Illuminate/Pipeline/Pipeline->{closure:{closure:Illuminate/Pipeline/Pipeline::carry():184}:185}()
#23 C:/Users/Admin/thalaivaa_api/vendor/laravel/framework/src/Illuminate/Pipeline/Pipeline.php(209): Illuminate/Foundation/Http/Middleware/PreventRequestsDuringMaintenance->handle()
#24 C:/Users/Admin/thalaivaa_api/vendor/laravel/framework/src/Illuminate/Http/Middleware/HandleCors.php(62): Illuminate/Pipeline/Pipeline->{closure:{closure:Illuminate/Pipeline/Pipeline::carry():184}:185}()
#25 C:/Users/Admin/thalaivaa_api/vendor/laravel/framework/src/Illuminate/Pipeline/Pipeline.php(209): Illuminate/Http/Middleware/HandleCors->handle()
#26 C:/Users/Admin/thalaivaa_api/vendor/laravel/framework/src/Illuminate/Http/Middleware/TrustProxies.php(58): Illuminate/Pipeline/Pipeline->{closure:{closure:Illuminate/Pipeline/Pipeline::carry():184}:185}()
#27 C:/Users/Admin/thalaivaa_api/vendor/laravel/framework/src/Illuminate/Pipeline/Pipeline.php(209): Illuminate/Http/Middleware/TrustProxies->handle()
#28 C:/Users/Admin/thalaivaa_api/vendor/laravel/framework/src/Illuminate/Foundation/Http/Middleware/InvokeDeferredCallbacks.php(22): Illuminate/Pipeline/Pipeline->{closure:{closure:Illuminate/Pipeline/Pipeline::carry():184}:185}()
#29 C:/Users/Admin/thalaivaa_api/vendor/laravel/framework/src/Illuminate/Pipeline/Pipeline.php(209): Illuminate/Foundation/Http/Middleware/InvokeDeferredCallbacks->handle()
#30 C:/Users/Admin/thalaivaa_api/vendor/laravel/framework/src/Illuminate/Pipeline/Pipeline.php(127): Illuminate/Pipeline/Pipeline->{closure:{closure:Illuminate/Pipeline/Pipeline::carry():184}:185}()
#31 C:/Users/Admin/thalaivaa_api/vendor/laravel/framework/src/Illuminate/Foundation/Http/Kernel.php(176): Illuminate/Pipeline/Pipeline->then()
#32 C:/Users/Admin/thalaivaa_api/vendor/laravel/framework/src/Illuminate/Foundation/Http/Kernel.php(145): Illuminate/Foundation/Http/Kernel->sendRequestThroughRouter()
#33 C:/Users/Admin/thalaivaa_api/vendor/laravel/framework/src/Illuminate/Foundation/Application.php(1220): Illuminate/Foundation/Http/Kernel->handle()
#34 C:/Users/Admin/thalaivaa_api/public/index.php(17): Illuminate/Foundation/Application->handleRequest()
#35 C:/Users/Admin/thalaivaa_api/vendor/laravel/framework/src/Illuminate/Foundation/resources/server.php(23): require_once('...')
#36 {main}
"} 
[2026-09-12 15:32:30] local.ERROR: Class "App\Http\Controllers\Controller" not found {"exception":"[object] (Error(code: 0): Class \"App\\Http\\Controllers\\Controller\" not found at C:/Users/Admin/thalaivaa_api/app/Http/Controllers/Api/V1/AuthController.php:14)
[stacktrace]
#0 C:/Users/Admin/thalaivaa_api/vendor/composer/ClassLoader.php(576): include()
#1 C:/Users/Admin/thalaivaa_api/vendor/composer/ClassLoader.php(427): {closure:Composer/Autoload/ClassLoader::initializeIncludeClosure():575}()
#2 [internal function]: Composer/Autoload/ClassLoader->loadClass()
#3 C:/Users/Admin/thalaivaa_api/vendor/laravel/framework/src/Illuminate/Routing/Route.php(1117): is_a()
#4 C:/Users/Admin/thalaivaa_api/vendor/laravel/framework/src/Illuminate/Routing/Route.php(1054): Illuminate/Routing/Route->controllerMiddleware()
#5 C:/Users/Admin/thalaivaa_api/vendor/laravel/framework/src/Illuminate/Routing/Router.php(820): Illuminate/Routing/Route->gatherMiddleware()
#6 C:/Users/Admin/thalaivaa_api/vendor/laravel/framework/src/Illuminate/Routing/Router.php(802): Illuminate/Routing/Router->gatherRouteMiddleware()
#7 C:/Users/Admin/thalaivaa_api/vendor/laravel/framework/src/Illuminate/Routing/Router.php(786): Illuminate/Routing/Router->runRouteWithinStack()
#8 C:/Users/Admin/thalaivaa_api/vendor/laravel/framework/src/Illuminate/Routing/Router.php(750): Illuminate/Routing/Router->runRoute()
#9 C:/Users/Admin/thalaivaa_api/vendor/laravel/framework/src/Illuminate/Routing/Router.php(739): Illuminate/Routing/Router->dispatchToRoute()
#10 C:/Users/Admin/thalaivaa_api/vendor/laravel/framework/src/Illuminate/Foundation/Http/Kernel.php(201): Illuminate/Routing/Router->dispatch()
#11 C:/Users/Admin/thalaivaa_api/vendor/laravel/framework/src/Illuminate/Pipeline/Pipeline.php(170): Illuminate/Foundation/Http/Kernel->{closure:Illuminate/Foundation/Http/Kernel::dispatchToRouter():198}()
#12 C:/Users/Admin/thalaivaa_api/vendor/livewire/livewire/src/Features/SupportDisablingBackButtonCache/DisableBackButtonCacheMiddleware.php(19): Illuminate/Pipeline/Pipeline->{closure:Illuminate/Pipeline/Pipeline::prepareDestination():168}()
#13 C:/Users/Admin/thalaivaa_api/vendor/laravel/framework/src/Illuminate/Pipeline/Pipeline.php(209): Livewire/Features/SupportDisablingBackButtonCache/DisableBackButtonCacheMiddleware->handle()
#14 C:/Users/Admin/thalaivaa_api/vendor/laravel/framework/src/Illuminate/Foundation/Http/Middleware/TransformsRequest.php(21): Illuminate/Pipeline/Pipeline->{closure:{closure:Illuminate/Pipeline/Pipeline::carry():184}:185}()
#15 C:/Users/Admin/thalaivaa_api/vendor/laravel/framework/src/Illuminate/Foundation/Http/Middleware/ConvertEmptyStringsToNull.php(31): Illuminate/Foundation/Http/Middleware/TransformsRequest->handle()
#16 C:/Users/Admin/thalaivaa_api/vendor/laravel/framework/src/Illuminate/Pipeline/Pipeline.php(209): Illuminate/Foundation/Http/Middleware/ConvertEmptyStringsToNull->handle()
#17 C:/Users/Admin/thalaivaa_api/vendor/laravel/framework/src/Illuminate/Foundation/Http/Middleware/TransformsRequest.php(21): Illuminate/Pipeline/Pipeline->{closure:{closure:Illuminate/Pipeline/Pipeline::carry():184}:185}()
#18 C:/Users/Admin/thalaivaa_api/vendor/laravel/framework/src/Illuminate/Foundation/Http/Middleware/TrimStrings.php(51): Illuminate/Foundation/Http/Middleware/TransformsRequest->handle()
#19 C:/Users/Admin/thalaivaa_api/vendor/laravel/framework/src/Illuminate/Pipeline/Pipeline.php(209): Illuminate/Foundation/Http/Middleware/TrimStrings->handle()
#20 C:/Users/Admin/thalaivaa_api/vendor/laravel/framework/src/Illuminate/Http/Middleware/ValidatePostSize.php(27): Illuminate/Pipeline/Pipeline->{closure:{closure:Illuminate/Pipeline/Pipeline::carry():184}:185}()
#21 C:/Users/Admin/thalaivaa_api/vendor/laravel/framework/src/Illuminate/Pipeline/Pipeline.php(209): Illuminate/Http/Middleware/ValidatePostSize->handle()
#22 C:/Users/Admin/thalaivaa_api/vendor/laravel/framework/src/Illuminate/Foundation/Http/Middleware/PreventRequestsDuringMaintenance.php(110): Illuminate/Pipeline/Pipeline->{closure:{closure:Illuminate/Pipeline/Pipeline::carry():184}:185}()
#23 C:/Users/Admin/thalaivaa_api/vendor/laravel/framework/src/Illuminate/Pipeline/Pipeline.php(209): Illuminate/Foundation/Http/Middleware/PreventRequestsDuringMaintenance->handle()
#24 C:/Users/Admin/thalaivaa_api/vendor/laravel/framework/src/Illuminate/Http/Middleware/HandleCors.php(62): Illuminate/Pipeline/Pipeline->{closure:{closure:Illuminate/Pipeline/Pipeline::carry():184}:185}()
#25 C:/Users/Admin/thalaivaa_api/vendor/laravel/framework/src/Illuminate/Pipeline/Pipeline.php(209): Illuminate/Http/Middleware/HandleCors->handle()
#26 C:/Users/Admin/thalaivaa_api/vendor/laravel/framework/src/Illuminate/Http/Middleware/TrustProxies.php(58): Illuminate/Pipeline/Pipeline->{closure:{closure:Illuminate/Pipeline/Pipeline::carry():184}:185}()
#27 C:/Users/Admin/thalaivaa_api/vendor/laravel/framework/src/Illuminate/Pipeline/Pipeline.php(209): Illuminate/Http/Middleware/TrustProxies->handle()
#28 C:/Users/Admin/thalaivaa_api/vendor/laravel/framework/src/Illuminate/Foundation/Http/Middleware/InvokeDeferredCallbacks.php(22): Illuminate/Pipeline/Pipeline->{closure:{closure:Illuminate/Pipeline/Pipeline::carry():184}:185}()
#29 C:/Users/Admin/thalaivaa_api/vendor/laravel/framework/src/Illuminate/Pipeline/Pipeline.php(209): Illuminate/Foundation/Http/Middleware/InvokeDeferredCallbacks->handle()
#30 C:/Users/Admin/thalaivaa_api/vendor/laravel/framework/src/Illuminate/Pipeline/Pipeline.php(127): Illuminate/Pipeline/Pipeline->{closure:{closure:Illuminate/Pipeline/Pipeline::carry():184}:185}()
#31 C:/Users/Admin/thalaivaa_api/vendor/laravel/framework/src/Illuminate/Foundation/Http/Kernel.php(176): Illuminate/Pipeline/Pipeline->then()
#32 C:/Users/Admin/thalaivaa_api/vendor/laravel/framework/src/Illuminate/Foundation/Http/Kernel.php(145): Illuminate/Foundation/Http/Kernel->sendRequestThroughRouter()
#33 C:/Users/Admin/thalaivaa_api/vendor/laravel/framework/src/Illuminate/Foundation/Application.php(1220): Illuminate/Foundation/Http/Kernel->handle()
#34 C:/Users/Admin/thalaivaa_api/public/index.php(17): Illuminate/Foundation/Application->handleRequest()
#35 C:/Users/Admin/thalaivaa_api/vendor/laravel/framework/src/Illuminate/Foundation/resources/server.php(23): require_once('...')
#36 {main}
"} 
[2026-09-12 15:33:03] local.ERROR: Class "App\Http\Controllers\Controller" not found {"exception":"[object] (Error(code: 0): Class \"App\\Http\\Controllers\\Controller\" not found at C:/Users/Admin/thalaivaa_api/app/Http/Controllers/Api/V1/CatalogController.php:12)
[stacktrace]
#0 C:/Users/Admin/thalaivaa_api/vendor/composer/ClassLoader.php(576): include()
#1 C:/Users/Admin/thalaivaa_api/vendor/composer/ClassLoader.php(427): {closure:Composer/Autoload/ClassLoader::initializeIncludeClosure():575}()
#2 [internal function]: Composer/Autoload/ClassLoader->loadClass()
#3 C:/Users/Admin/thalaivaa_api/vendor/laravel/framework/src/Illuminate/Routing/Route.php(1117): is_a()
#4 C:/Users/Admin/thalaivaa_api/vendor/laravel/framework/src/Illuminate/Routing/Route.php(1054): Illuminate/Routing/Route->controllerMiddleware()
#5 C:/Users/Admin/thalaivaa_api/vendor/laravel/framework/src/Illuminate/Routing/Router.php(820): Illuminate/Routing/Route->gatherMiddleware()
#6 C:/Users/Admin/thalaivaa_api/vendor/laravel/framework/src/Illuminate/Routing/Router.php(802): Illuminate/Routing/Router->gatherRouteMiddleware()
#7 C:/Users/Admin/thalaivaa_api/vendor/laravel/framework/src/Illuminate/Routing/Router.php(786): Illuminate/Routing/Router->runRouteWithinStack()
#8 C:/Users/Admin/thalaivaa_api/vendor/laravel/framework/src/Illuminate/Routing/Router.php(750): Illuminate/Routing/Router->runRoute()
#9 C:/Users/Admin/thalaivaa_api/vendor/laravel/framework/src/Illuminate/Routing/Router.php(739): Illuminate/Routing/Router->dispatchToRoute()
#10 C:/Users/Admin/thalaivaa_api/vendor/laravel/framework/src/Illuminate/Foundation/Http/Kernel.php(201): Illuminate/Routing/Router->dispatch()
#11 C:/Users/Admin/thalaivaa_api/vendor/laravel/framework/src/Illuminate/Pipeline/Pipeline.php(170): Illuminate/Foundation/Http/Kernel->{closure:Illuminate/Foundation/Http/Kernel::dispatchToRouter():198}()
#12 C:/Users/Admin/thalaivaa_api/vendor/livewire/livewire/src/Features/SupportDisablingBackButtonCache/DisableBackButtonCacheMiddleware.php(19): Illuminate/Pipeline/Pipeline->{closure:Illuminate/Pipeline/Pipeline::prepareDestination():168}()
#13 C:/Users/Admin/thalaivaa_api/vendor/laravel/framework/src/Illuminate/Pipeline/Pipeline.php(209): Livewire/Features/SupportDisablingBackButtonCache/DisableBackButtonCacheMiddleware->handle()
#14 C:/Users/Admin/thalaivaa_api/vendor/laravel/framework/src/Illuminate/Foundation/Http/Middleware/TransformsRequest.php(21): Illuminate/Pipeline/Pipeline->{closure:{closure:Illuminate/Pipeline/Pipeline::carry():184}:185}()
#15 C:/Users/Admin/thalaivaa_api/vendor/laravel/framework/src/Illuminate/Foundation/Http/Middleware/ConvertEmptyStringsToNull.php(31): Illuminate/Foundation/Http/Middleware/TransformsRequest->handle()
#16 C:/Users/Admin/thalaivaa_api/vendor/laravel/framework/src/Illuminate/Pipeline/Pipeline.php(209): Illuminate/Foundation/Http/Middleware/ConvertEmptyStringsToNull->handle()
#17 C:/Users/Admin/thalaivaa_api/vendor/laravel/framework/src/Illuminate/Foundation/Http/Middleware/TransformsRequest.php(21): Illuminate/Pipeline/Pipeline->{closure:{closure:Illuminate/Pipeline/Pipeline::carry():184}:185}()
#18 C:/Users/Admin/thalaivaa_api/vendor/laravel/framework/src/Illuminate/Foundation/Http/Middleware/TrimStrings.php(51): Illuminate/Foundation/Http/Middleware/TransformsRequest->handle()
#19 C:/Users/Admin/thalaivaa_api/vendor/laravel/framework/src/Illuminate/Pipeline/Pipeline.php(209): Illuminate/Foundation/Http/Middleware/TrimStrings->handle()
#20 C:/Users/Admin/thalaivaa_api/vendor/laravel/framework/src/Illuminate/Http/Middleware/ValidatePostSize.php(27): Illuminate/Pipeline/Pipeline->{closure:{closure:Illuminate/Pipeline/Pipeline::carry():184}:185}()
#21 C:/Users/Admin/thalaivaa_api/vendor/laravel/framework/src/Illuminate/Pipeline/Pipeline.php(209): Illuminate/Http/Middleware/ValidatePostSize->handle()
#22 C:/Users/Admin/thalaivaa_api/vendor/laravel/framework/src/Illuminate/Foundation/Http/Middleware/PreventRequestsDuringMaintenance.php(110): Illuminate/Pipeline/Pipeline->{closure:{closure:Illuminate/Pipeline/Pipeline::carry():184}:185}()
#23 C:/Users/Admin/thalaivaa_api/vendor/laravel/framework/src/Illuminate/Pipeline/Pipeline.php(209): Illuminate/Foundation/Http/Middleware/PreventRequestsDuringMaintenance->handle()
#24 C:/Users/Admin/thalaivaa_api/vendor/laravel/framework/src/Illuminate/Http/Middleware/HandleCors.php(62): Illuminate/Pipeline/Pipeline->{closure:{closure:Illuminate/Pipeline/Pipeline::carry():184}:185}()
#25 C:/Users/Admin/thalaivaa_api/vendor/laravel/framework/src/Illuminate/Pipeline/Pipeline.php(209): Illuminate/Http/Middleware/HandleCors->handle()
#26 C:/Users/Admin/thalaivaa_api/vendor/laravel/framework/src/Illuminate/Http/Middleware/TrustProxies.php(58): Illuminate/Pipeline/Pipeline->{closure:{closure:Illuminate/Pipeline/Pipeline::carry():184}:185}()
#27 C:/Users/Admin/thalaivaa_api/vendor/laravel/framework/src/Illuminate/Pipeline/Pipeline.php(209): Illuminate/Http/Middleware/TrustProxies->handle()
#28 C:/Users/Admin/thalaivaa_api/vendor/laravel/framework/src/Illuminate/Foundation/Http/Middleware/InvokeDeferredCallbacks.php(22): Illuminate/Pipeline/Pipeline->{closure:{closure:Illuminate/Pipeline/Pipeline::carry():184}:185}()
#29 C:/Users/Admin/thalaivaa_api/vendor/laravel/framework/src/Illuminate/Pipeline/Pipeline.php(209): Illuminate/Foundation/Http/Middleware/InvokeDeferredCallbacks->handle()
#30 C:/Users/Admin/thalaivaa_api/vendor/laravel/framework/src/Illuminate/Pipeline/Pipeline.php(127): Illuminate/Pipeline/Pipeline->{closure:{closure:Illuminate/Pipeline/Pipeline::carry():184}:185}()
#31 C:/Users/Admin/thalaivaa_api/vendor/laravel/framework/src/Illuminate/Foundation/Http/Kernel.php(176): Illuminate/Pipeline/Pipeline->then()
#32 C:/Users/Admin/thalaivaa_api/vendor/laravel/framework/src/Illuminate/Foundation/Http/Kernel.php(145): Illuminate/Foundation/Http/Kernel->sendRequestThroughRouter()
#33 C:/Users/Admin/thalaivaa_api/vendor/laravel/framework/src/Illuminate/Foundation/Application.php(1220): Illuminate/Foundation/Http/Kernel->handle()
#34 C:/Users/Admin/thalaivaa_api/public/index.php(17): Illuminate/Foundation/Application->handleRequest()
#35 C:/Users/Admin/thalaivaa_api/vendor/laravel/framework/src/Illuminate/Foundation/resources/server.php(23): require_once('...')
#36 {main}
"} 
[2026-09-12 15:33:06] local.ERROR: Class "App\Http\Controllers\Controller" not found {"exception":"[object] (Error(code: 0): Class \"App\\Http\\Controllers\\Controller\" not found at C:/Users/Admin/thalaivaa_api/app/Http/Controllers/Api/V1/CatalogController.php:12)
[stacktrace]
#0 C:/Users/Admin/thalaivaa_api/vendor/composer/ClassLoader.php(576): include()
#1 C:/Users/Admin/thalaivaa_api/vendor/composer/ClassLoader.php(427): {closure:Composer/Autoload/ClassLoader::initializeIncludeClosure():575}()
#2 [internal function]: Composer/Autoload/ClassLoader->loadClass()
#3 C:/Users/Admin/thalaivaa_api/vendor/laravel/framework/src/Illuminate/Routing/Route.php(1117): is_a()
#4 C:/Users/Admin/thalaivaa_api/vendor/laravel/framework/src/Illuminate/Routing/Route.php(1054): Illuminate/Routing/Route->controllerMiddleware()
#5 C:/Users/Admin/thalaivaa_api/vendor/laravel/framework/src/Illuminate/Routing/Router.php(820): Illuminate/Routing/Route->gatherMiddleware()
#6 C:/Users/Admin/thalaivaa_api/vendor/laravel/framework/src/Illuminate/Routing/Router.php(802): Illuminate/Routing/Router->gatherRouteMiddleware()
#7 C:/Users/Admin/thalaivaa_api/vendor/laravel/framework/src/Illuminate/Routing/Router.php(786): Illuminate/Routing/Router->runRouteWithinStack()
#8 C:/Users/Admin/thalaivaa_api/vendor/laravel/framework/src/Illuminate/Routing/Router.php(750): Illuminate/Routing/Router->runRoute()
#9 C:/Users/Admin/thalaivaa_api/vendor/laravel/framework/src/Illuminate/Routing/Router.php(739): Illuminate/Routing/Router->dispatchToRoute()
#10 C:/Users/Admin/thalaivaa_api/vendor/laravel/framework/src/Illuminate/Foundation/Http/Kernel.php(201): Illuminate/Routing/Router->dispatch()
#11 C:/Users/Admin/thalaivaa_api/vendor/laravel/framework/src/Illuminate/Pipeline/Pipeline.php(170): Illuminate/Foundation/Http/Kernel->{closure:Illuminate/Foundation/Http/Kernel::dispatchToRouter():198}()
#12 C:/Users/Admin/thalaivaa_api/vendor/livewire/livewire/src/Features/SupportDisablingBackButtonCache/DisableBackButtonCacheMiddleware.php(19): Illuminate/Pipeline/Pipeline->{closure:Illuminate/Pipeline/Pipeline::prepareDestination():168}()
#13 C:/Users/Admin/thalaivaa_api/vendor/laravel/framework/src/Illuminate/Pipeline/Pipeline.php(209): Livewire/Features/SupportDisablingBackButtonCache/DisableBackButtonCacheMiddleware->handle()
#14 C:/Users/Admin/thalaivaa_api/vendor/laravel/framework/src/Illuminate/Foundation/Http/Middleware/TransformsRequest.php(21): Illuminate/Pipeline/Pipeline->{closure:{closure:Illuminate/Pipeline/Pipeline::carry():184}:185}()
#15 C:/Users/Admin/thalaivaa_api/vendor/laravel/framework/src/Illuminate/Foundation/Http/Middleware/ConvertEmptyStringsToNull.php(31): Illuminate/Foundation/Http/Middleware/TransformsRequest->handle()
#16 C:/Users/Admin/thalaivaa_api/vendor/laravel/framework/src/Illuminate/Pipeline/Pipeline.php(209): Illuminate/Foundation/Http/Middleware/ConvertEmptyStringsToNull->handle()
#17 C:/Users/Admin/thalaivaa_api/vendor/laravel/framework/src/Illuminate/Foundation/Http/Middleware/TransformsRequest.php(21): Illuminate/Pipeline/Pipeline->{closure:{closure:Illuminate/Pipeline/Pipeline::carry():184}:185}()
#18 C:/Users/Admin/thalaivaa_api/vendor/laravel/framework/src/Illuminate/Foundation/Http/Middleware/TrimStrings.php(51): Illuminate/Foundation/Http/Middleware/TransformsRequest->handle()
#19 C:/Users/Admin/thalaivaa_api/vendor/laravel/framework/src/Illuminate/Pipeline/Pipeline.php(209): Illuminate/Foundation/Http/Middleware/TrimStrings->handle()
#20 C:/Users/Admin/thalaivaa_api/vendor/laravel/framework/src/Illuminate/Http/Middleware/ValidatePostSize.php(27): Illuminate/Pipeline/Pipeline->{closure:{closure:Illuminate/Pipeline/Pipeline::carry():184}:185}()
#21 C:/Users/Admin/thalaivaa_api/vendor/laravel/framework/src/Illuminate/Pipeline/Pipeline.php(209): Illuminate/Http/Middleware/ValidatePostSize->handle()
#22 C:/Users/Admin/thalaivaa_api/vendor/laravel/framework/src/Illuminate/Foundation/Http/Middleware/PreventRequestsDuringMaintenance.php(110): Illuminate/Pipeline/Pipeline->{closure:{closure:Illuminate/Pipeline/Pipeline::carry():184}:185}()
#23 C:/Users/Admin/thalaivaa_api/vendor/laravel/framework/src/Illuminate/Pipeline/Pipeline.php(209): Illuminate/Foundation/Http/Middleware/PreventRequestsDuringMaintenance->handle()
#24 C:/Users/Admin/thalaivaa_api/vendor/laravel/framework/src/Illuminate/Http/Middleware/HandleCors.php(62): Illuminate/Pipeline/Pipeline->{closure:{closure:Illuminate/Pipeline/Pipeline::carry():184}:185}()
#25 C:/Users/Admin/thalaivaa_api/vendor/laravel/framework/src/Illuminate/Pipeline/Pipeline.php(209): Illuminate/Http/Middleware/HandleCors->handle()
#26 C:/Users/Admin/thalaivaa_api/vendor/laravel/framework/src/Illuminate/Http/Middleware/TrustProxies.php(58): Illuminate/Pipeline/Pipeline->{closure:{closure:Illuminate/Pipeline/Pipeline::carry():184}:185}()
#27 C:/Users/Admin/thalaivaa_api/vendor/laravel/framework/src/Illuminate/Pipeline/Pipeline.php(209): Illuminate/Http/Middleware/TrustProxies->handle()
#28 C:/Users/Admin/thalaivaa_api/vendor/laravel/framework/src/Illuminate/Foundation/Http/Middleware/InvokeDeferredCallbacks.php(22): Illuminate/Pipeline/Pipeline->{closure:{closure:Illuminate/Pipeline/Pipeline::carry():184}:185}()
#29 C:/Users/Admin/thalaivaa_api/vendor/laravel/framework/src/Illuminate/Pipeline/Pipeline.php(209): Illuminate/Foundation/Http/Middleware/InvokeDeferredCallbacks->handle()
#30 C:/Users/Admin/thalaivaa_api/vendor/laravel/framework/src/Illuminate/Pipeline/Pipeline.php(127): Illuminate/Pipeline/Pipeline->{closure:{closure:Illuminate/Pipeline/Pipeline::carry():184}:185}()
#31 C:/Users/Admin/thalaivaa_api/vendor/laravel/framework/src/Illuminate/Foundation/Http/Kernel.php(176): Illuminate/Pipeline/Pipeline->then()
#32 C:/Users/Admin/thalaivaa_api/vendor/laravel/framework/src/Illuminate/Foundation/Http/Kernel.php(145): Illuminate/Foundation/Http/Kernel->sendRequestThroughRouter()
#33 C:/Users/Admin/thalaivaa_api/vendor/laravel/framework/src/Illuminate/Foundation/Application.php(1220): Illuminate/Foundation/Http/Kernel->handle()
#34 C:/Users/Admin/thalaivaa_api/public/index.php(17): Illuminate/Foundation/Application->handleRequest()
#35 C:/Users/Admin/thalaivaa_api/vendor/laravel/framework/src/Illuminate/Foundation/resources/server.php(23): require_once('...')
#36 {main}
"} 
[2026-09-12 15:34:17] local.ERROR: SQLSTATE[HY000]: General error: 1 no such table: personal_access_tokens (Connection: sqlite, SQL: insert into "personal_access_tokens" ("name", "token", "abilities", "expires_at", "tokenable_id", "tokenable_type", "updated_at", "created_at") values (customer-app, 7d95bf45b7b084743c0935d57912696de70206568b87fe31b7b5f9aefb150cbc, ["*"], ?, a2b9fc63-6ff1-4d37-b870-0c1c24ab6ea4, App\Models\User, 2026-09-12 15:34:17, 2026-09-12 15:34:17)) {"exception":"[object] (Illuminate\\Database\\QueryException(code: HY000): SQLSTATE[HY000]: General error: 1 no such table: personal_access_tokens (Connection: sqlite, SQL: insert into \"personal_access_tokens\" (\"name\", \"token\", \"abilities\", \"expires_at\", \"tokenable_id\", \"tokenable_type\", \"updated_at\", \"created_at\") values (customer-app, 7d95bf45b7b084743c0935d57912696de70206568b87fe31b7b5f9aefb150cbc, [\"*\"], ?, a2b9fc63-6ff1-4d37-b870-0c1c24ab6ea4, App\\Models\\User, 2026-09-12 15:34:17, 2026-09-12 15:34:17)) at C:/Users/Admin/thalaivaa_api/vendor/laravel/framework/src/Illuminate/Database/Connection.php:825)
[stacktrace]
#0 C:/Users/Admin/thalaivaa_api/vendor/laravel/framework/src/Illuminate/Database/Connection.php(779): Illuminate/Database/Connection->runQueryCallback()
#1 C:/Users/Admin/thalaivaa_api/vendor/laravel/framework/src/Illuminate/Database/Connection.php(560): Illuminate/Database/Connection->run()
#2 C:/Users/Admin/thalaivaa_api/vendor/laravel/framework/src/Illuminate/Database/Connection.php(524): Illuminate/Database/Connection->statement()
#3 C:/Users/Admin/thalaivaa_api/vendor/laravel/framework/src/Illuminate/Database/Query/Processors/Processor.php(32): Illuminate/Database/Connection->insert()
#4 C:/Users/Admin/thalaivaa_api/vendor/laravel/framework/src/Illuminate/Database/Query/Builder.php(3766): Illuminate/Database/Query/Processors/Processor->processInsertGetId()
#5 C:/Users/Admin/thalaivaa_api/vendor/laravel/framework/src/Illuminate/Database/Eloquent/Builder.php(2120): Illuminate/Database/Query/Builder->insertGetId()
#6 C:/Users/Admin/thalaivaa_api/vendor/laravel/framework/src/Illuminate/Database/Eloquent/Model.php(1359): Illuminate/Database/Eloquent/Builder->__call()
#7 C:/Users/Admin/thalaivaa_api/vendor/laravel/framework/src/Illuminate/Database/Eloquent/Model.php(1324): Illuminate/Database/Eloquent/Model->insertAndSetId()
#8 C:/Users/Admin/thalaivaa_api/vendor/laravel/framework/src/Illuminate/Database/Eloquent/Model.php(1163): Illuminate/Database/Eloquent/Model->performInsert()
#9 C:/Users/Admin/thalaivaa_api/vendor/laravel/framework/src/Illuminate/Database/Eloquent/Relations/HasOneOrMany.php(371): Illuminate/Database/Eloquent/Model->save()
#10 C:/Users/Admin/thalaivaa_api/vendor/laravel/framework/src/Illuminate/Support/helpers.php(399): Illuminate/Database/Eloquent/Relations/HasOneOrMany->{closure:Illuminate/Database/Eloquent/Relations/HasOneOrMany::create():368}()
#11 C:/Users/Admin/thalaivaa_api/vendor/laravel/framework/src/Illuminate/Database/Eloquent/Relations/HasOneOrMany.php(368): tap()
#12 C:/Users/Admin/thalaivaa_api/vendor/laravel/sanctum/src/HasApiTokens.php(64): Illuminate/Database/Eloquent/Relations/HasOneOrMany->create()
#13 C:/Users/Admin/thalaivaa_api/app/Http/Controllers/Api/V1/AuthController.php(94): App/Models/User->createToken()
#14 C:/Users/Admin/thalaivaa_api/vendor/laravel/framework/src/Illuminate/Routing/ControllerDispatcher.php(47): App/Http/Controllers/Api/V1/AuthController->verifyOtp()
#15 C:/Users/Admin/thalaivaa_api/vendor/laravel/framework/src/Illuminate/Routing/Route.php(266): Illuminate/Routing/ControllerDispatcher->dispatch()
#16 C:/Users/Admin/thalaivaa_api/vendor/laravel/framework/src/Illuminate/Routing/Route.php(212): Illuminate/Routing/Route->runController()
#17 C:/Users/Admin/thalaivaa_api/vendor/laravel/framework/src/Illuminate/Routing/Router.php(808): Illuminate/Routing/Route->run()
#18 C:/Users/Admin/thalaivaa_api/vendor/laravel/framework/src/Illuminate/Pipeline/Pipeline.php(170): Illuminate/Routing/Router->{closure:Illuminate/Routing/Router::runRouteWithinStack():807}()
#19 C:/Users/Admin/thalaivaa_api/vendor/laravel/framework/src/Illuminate/Routing/Middleware/SubstituteBindings.php(51): Illuminate/Pipeline/Pipeline->{closure:Illuminate/Pipeline/Pipeline::prepareDestination():168}()
#20 C:/Users/Admin/thalaivaa_api/vendor/laravel/framework/src/Illuminate/Pipeline/Pipeline.php(209): Illuminate/Routing/Middleware/SubstituteBindings->handle()
#21 C:/Users/Admin/thalaivaa_api/vendor/laravel/framework/src/Illuminate/Pipeline/Pipeline.php(127): Illuminate/Pipeline/Pipeline->{closure:{closure:Illuminate/Pipeline/Pipeline::carry():184}:185}()
#22 C:/Users/Admin/thalaivaa_api/vendor/laravel/framework/src/Illuminate/Routing/Router.php(807): Illuminate/Pipeline/Pipeline->then()
#23 C:/Users/Admin/thalaivaa_api/vendor/laravel/framework/src/Illuminate/Routing/Router.php(786): Illuminate/Routing/Router->runRouteWithinStack()
#24 C:/Users/Admin/thalaivaa_api/vendor/laravel/framework/src/Illuminate/Routing/Router.php(750): Illuminate/Routing/Router->runRoute()
#25 C:/Users/Admin/thalaivaa_api/vendor/laravel/framework/src/Illuminate/Routing/Router.php(739): Illuminate/Routing/Router->dispatchToRoute()
#26 C:/Users/Admin/thalaivaa_api/vendor/laravel/framework/src/Illuminate/Foundation/Http/Kernel.php(201): Illuminate/Routing/Router->dispatch()
#27 C:/Users/Admin/thalaivaa_api/vendor/laravel/framework/src/Illuminate/Pipeline/Pipeline.php(170): Illuminate/Foundation/Http/Kernel->{closure:Illuminate/Foundation/Http/Kernel::dispatchToRouter():198}()
#28 C:/Users/Admin/thalaivaa_api/vendor/livewire/livewire/src/Features/SupportDisablingBackButtonCache/DisableBackButtonCacheMiddleware.php(19): Illuminate/Pipeline/Pipeline->{closure:Illuminate/Pipeline/Pipeline::prepareDestination():168}()
#29 C:/Users/Admin/thalaivaa_api/vendor/laravel/framework/src/Illuminate/Pipeline/Pipeline.php(209): Livewire/Features/SupportDisablingBackButtonCache/DisableBackButtonCacheMiddleware->handle()
#30 C:/Users/Admin/thalaivaa_api/vendor/laravel/framework/src/Illuminate/Foundation/Http/Middleware/TransformsRequest.php(21): Illuminate/Pipeline/Pipeline->{closure:{closure:Illuminate/Pipeline/Pipeline::carry():184}:185}()
#31 C:/Users/Admin/thalaivaa_api/vendor/laravel/framework/src/Illuminate/Foundation/Http/Middleware/ConvertEmptyStringsToNull.php(31): Illuminate/Foundation/Http/Middleware/TransformsRequest->handle()
#32 C:/Users/Admin/thalaivaa_api/vendor/laravel/framework/src/Illuminate/Pipeline/Pipeline.php(209): Illuminate/Foundation/Http/Middleware/ConvertEmptyStringsToNull->handle()
#33 C:/Users/Admin/thalaivaa_api/vendor/laravel/framework/src/Illuminate/Foundation/Http/Middleware/TransformsRequest.php(21): Illuminate/Pipeline/Pipeline->{closure:{closure:Illuminate/Pipeline/Pipeline::carry():184}:185}()
#34 C:/Users/Admin/thalaivaa_api/vendor/laravel/framework/src/Illuminate/Foundation/Http/Middleware/TrimStrings.php(51): Illuminate/Foundation/Http/Middleware/TransformsRequest->handle()
#35 C:/Users/Admin/thalaivaa_api/vendor/laravel/framework/src/Illuminate/Pipeline/Pipeline.php(209): Illuminate/Foundation/Http/Middleware/TrimStrings->handle()
#36 C:/Users/Admin/thalaivaa_api/vendor/laravel/framework/src/Illuminate/Http/Middleware/ValidatePostSize.php(27): Illuminate/Pipeline/Pipeline->{closure:{closure:Illuminate/Pipeline/Pipeline::carry():184}:185}()
#37 C:/Users/Admin/thalaivaa_api/vendor/laravel/framework/src/Illuminate/Pipeline/Pipeline.php(209): Illuminate/Http/Middleware/ValidatePostSize->handle()
#38 C:/Users/Admin/thalaivaa_api/vendor/laravel/framework/src/Illuminate/Foundation/Http/Middleware/PreventRequestsDuringMaintenance.php(110): Illuminate/Pipeline/Pipeline->{closure:{closure:Illuminate/Pipeline/Pipeline::carry():184}:185}()
#39 C:/Users/Admin/thalaivaa_api/vendor/laravel/framework/src/Illuminate/Pipeline/Pipeline.php(209): Illuminate/Foundation/Http/Middleware/PreventRequestsDuringMaintenance->handle()
#40 C:/Users/Admin/thalaivaa_api/vendor/laravel/framework/src/Illuminate/Http/Middleware/HandleCors.php(62): Illuminate/Pipeline/Pipeline->{closure:{closure:Illuminate/Pipeline/Pipeline::carry():184}:185}()
#41 C:/Users/Admin/thalaivaa_api/vendor/laravel/framework/src/Illuminate/Pipeline/Pipeline.php(209): Illuminate/Http/Middleware/HandleCors->handle()
#42 C:/Users/Admin/thalaivaa_api/vendor/laravel/framework/src/Illuminate/Http/Middleware/TrustProxies.php(58): Illuminate/Pipeline/Pipeline->{closure:{closure:Illuminate/Pipeline/Pipeline::carry():184}:185}()
#43 C:/Users/Admin/thalaivaa_api/vendor/laravel/framework/src/Illuminate/Pipeline/Pipeline.php(209): Illuminate/Http/Middleware/TrustProxies->handle()
#44 C:/Users/Admin/thalaivaa_api/vendor/laravel/framework/src/Illuminate/Foundation/Http/Middleware/InvokeDeferredCallbacks.php(22): Illuminate/Pipeline/Pipeline->{closure:{closure:Illuminate/Pipeline/Pipeline::carry():184}:185}()
#45 C:/Users/Admin/thalaivaa_api/vendor/laravel/framework/src/Illuminate/Pipeline/Pipeline.php(209): Illuminate/Foundation/Http/Middleware/InvokeDeferredCallbacks->handle()
#46 C:/Users/Admin/thalaivaa_api/vendor/laravel/framework/src/Illuminate/Pipeline/Pipeline.php(127): Illuminate/Pipeline/Pipeline->{closure:{closure:Illuminate/Pipeline/Pipeline::carry():184}:185}()
#47 C:/Users/Admin/thalaivaa_api/vendor/laravel/framework/src/Illuminate/Foundation/Http/Kernel.php(176): Illuminate/Pipeline/Pipeline->then()
#48 C:/Users/Admin/thalaivaa_api/vendor/laravel/framework/src/Illuminate/Foundation/Http/Kernel.php(145): Illuminate/Foundation/Http/Kernel->sendRequestThroughRouter()
#49 C:/Users/Admin/thalaivaa_api/vendor/laravel/framework/src/Illuminate/Foundation/Application.php(1220): Illuminate/Foundation/Http/Kernel->handle()
#50 C:/Users/Admin/thalaivaa_api/public/index.php(17): Illuminate/Foundation/Application->handleRequest()
#51 C:/Users/Admin/thalaivaa_api/vendor/laravel/framework/src/Illuminate/Foundation/resources/server.php(23): require_once('...')
#52 {main}

[previous exception] [object] (PDOException(code: HY000): SQLSTATE[HY000]: General error: 1 no such table: personal_access_tokens at C:/Users/Admin/thalaivaa_api/vendor/laravel/framework/src/Illuminate/Database/Connection.php:565)
[stacktrace]
#0 C:/Users/Admin/thalaivaa_api/vendor/laravel/framework/src/Illuminate/Database/Connection.php(565): PDO->prepare()
#1 C:/Users/Admin/thalaivaa_api/vendor/laravel/framework/src/Illuminate/Database/Connection.php(812): Illuminate/Database/Connection->{closure:Illuminate/Database/Connection::statement():560}()
#2 C:/Users/Admin/thalaivaa_api/vendor/laravel/framework/src/Illuminate/Database/Connection.php(779): Illuminate/Database/Connection->runQueryCallback()
#3 C:/Users/Admin/thalaivaa_api/vendor/laravel/framework/src/Illuminate/Database/Connection.php(560): Illuminate/Database/Connection->run()
#4 C:/Users/Admin/thalaivaa_api/vendor/laravel/framework/src/Illuminate/Database/Connection.php(524): Illuminate/Database/Connection->statement()
#5 C:/Users/Admin/thalaivaa_api/vendor/laravel/framework/src/Illuminate/Database/Query/Processors/Processor.php(32): Illuminate/Database/Connection->insert()
#6 C:/Users/Admin/thalaivaa_api/vendor/laravel/framework/src/Illuminate/Database/Query/Builder.php(3766): Illuminate/Database/Query/Processors/Processor->processInsertGetId()
#7 C:/Users/Admin/thalaivaa_api/vendor/laravel/framework/src/Illuminate/Database/Eloquent/Builder.php(2120): Illuminate/Database/Query/Builder->insertGetId()
#8 C:/Users/Admin/thalaivaa_api/vendor/laravel/framework/src/Illuminate/Database/Eloquent/Model.php(1359): Illuminate/Database/Eloquent/Builder->__call()
#9 C:/Users/Admin/thalaivaa_api/vendor/laravel/framework/src/Illuminate/Database/Eloquent/Model.php(1324): Illuminate/Database/Eloquent/Model->insertAndSetId()
#10 C:/Users/Admin/thalaivaa_api/vendor/laravel/framework/src/Illuminate/Database/Eloquent/Model.php(1163): Illuminate/Database/Eloquent/Model->performInsert()
#11 C:/Users/Admin/thalaivaa_api/vendor/laravel/framework/src/Illuminate/Database/Eloquent/Relations/HasOneOrMany.php(371): Illuminate/Database/Eloquent/Model->save()
#12 C:/Users/Admin/thalaivaa_api/vendor/laravel/framework/src/Illuminate/Support/helpers.php(399): Illuminate/Database/Eloquent/Relations/HasOneOrMany->{closure:Illuminate/Database/Eloquent/Relations/HasOneOrMany::create():368}()
#13 C:/Users/Admin/thalaivaa_api/vendor/laravel/framework/src/Illuminate/Database/Eloquent/Relations/HasOneOrMany.php(368): tap()
#14 C:/Users/Admin/thalaivaa_api/vendor/laravel/sanctum/src/HasApiTokens.php(64): Illuminate/Database/Eloquent/Relations/HasOneOrMany->create()
#15 C:/Users/Admin/thalaivaa_api/app/Http/Controllers/Api/V1/AuthController.php(94): App/Models/User->createToken()
#16 C:/Users/Admin/thalaivaa_api/vendor/laravel/framework/src/Illuminate/Routing/ControllerDispatcher.php(47): App/Http/Controllers/Api/V1/AuthController->verifyOtp()
#17 C:/Users/Admin/thalaivaa_api/vendor/laravel/framework/src/Illuminate/Routing/Route.php(266): Illuminate/Routing/ControllerDispatcher->dispatch()
#18 C:/Users/Admin/thalaivaa_api/vendor/laravel/framework/src/Illuminate/Routing/Route.php(212): Illuminate/Routing/Route->runController()
#19 C:/Users/Admin/thalaivaa_api/vendor/laravel/framework/src/Illuminate/Routing/Router.php(808): Illuminate/Routing/Route->run()
#20 C:/Users/Admin/thalaivaa_api/vendor/laravel/framework/src/Illuminate/Pipeline/Pipeline.php(170): Illuminate/Routing/Router->{closure:Illuminate/Routing/Router::runRouteWithinStack():807}()
#21 C:/Users/Admin/thalaivaa_api/vendor/laravel/framework/src/Illuminate/Routing/Middleware/SubstituteBindings.php(51): Illuminate/Pipeline/Pipeline->{closure:Illuminate/Pipeline/Pipeline::prepareDestination():168}()
#22 C:/Users/Admin/thalaivaa_api/vendor/laravel/framework/src/Illuminate/Pipeline/Pipeline.php(209): Illuminate/Routing/Middleware/SubstituteBindings->handle()
#23 C:/Users/Admin/thalaivaa_api/vendor/laravel/framework/src/Illuminate/Pipeline/Pipeline.php(127): Illuminate/Pipeline/Pipeline->{closure:{closure:Illuminate/Pipeline/Pipeline::carry():184}:185}()
#24 C:/Users/Admin/thalaivaa_api/vendor/laravel/framework/src/Illuminate/Routing/Router.php(807): Illuminate/Pipeline/Pipeline->then()
#25 C:/Users/Admin/thalaivaa_api/vendor/laravel/framework/src/Illuminate/Routing/Router.php(786): Illuminate/Routing/Router->runRouteWithinStack()
#26 C:/Users/Admin/thalaivaa_api/vendor/laravel/framework/src/Illuminate/Routing/Router.php(750): Illuminate/Routing/Router->runRoute()
#27 C:/Users/Admin/thalaivaa_api/vendor/laravel/framework/src/Illuminate/Routing/Router.php(739): Illuminate/Routing/Router->dispatchToRoute()
#28 C:/Users/Admin/thalaivaa_api/vendor/laravel/framework/src/Illuminate/Foundation/Http/Kernel.php(201): Illuminate/Routing/Router->dispatch()
#29 C:/Users/Admin/thalaivaa_api/vendor/laravel/framework/src/Illuminate/Pipeline/Pipeline.php(170): Illuminate/Foundation/Http/Kernel->{closure:Illuminate/Foundation/Http/Kernel::dispatchToRouter():198}()
#30 C:/Users/Admin/thalaivaa_api/vendor/livewire/livewire/src/Features/SupportDisablingBackButtonCache/DisableBackButtonCacheMiddleware.php(19): Illuminate/Pipeline/Pipeline->{closure:Illuminate/Pipeline/Pipeline::prepareDestination():168}()
#31 C:/Users/Admin/thalaivaa_api/vendor/laravel/framework/src/Illuminate/Pipeline/Pipeline.php(209): Livewire/Features/SupportDisablingBackButtonCache/DisableBackButtonCacheMiddleware->handle()
#32 C:/Users/Admin/thalaivaa_api/vendor/laravel/framework/src/Illuminate/Foundation/Http/Middleware/TransformsRequest.php(21): Illuminate/Pipeline/Pipeline->{closure:{closure:Illuminate/Pipeline/Pipeline::carry():184}:185}()
#33 C:/Users/Admin/thalaivaa_api/vendor/laravel/framework/src/Illuminate/Foundation/Http/Middleware/ConvertEmptyStringsToNull.php(31): Illuminate/Foundation/Http/Middleware/TransformsRequest->handle()
#34 C:/Users/Admin/thalaivaa_api/vendor/laravel/framework/src/Illuminate/Pipeline/Pipeline.php(209): Illuminate/Foundation/Http/Middleware/ConvertEmptyStringsToNull->handle()
#35 C:/Users/Admin/thalaivaa_api/vendor/laravel/framework/src/Illuminate/Foundation/Http/Middleware/TransformsRequest.php(21): Illuminate/Pipeline/Pipeline->{closure:{closure:Illuminate/Pipeline/Pipeline::carry():184}:185}()
#36 C:/Users/Admin/thalaivaa_api/vendor/laravel/framework/src/Illuminate/Foundation/Http/Middleware/TrimStrings.php(51): Illuminate/Foundation/Http/Middleware/TransformsRequest->handle()
#37 C:/Users/Admin/thalaivaa_api/vendor/laravel/framework/src/Illuminate/Pipeline/Pipeline.php(209): Illuminate/Foundation/Http/Middleware/TrimStrings->handle()
#38 C:/Users/Admin/thalaivaa_api/vendor/laravel/framework/src/Illuminate/Http/Middleware/ValidatePostSize.php(27): Illuminate/Pipeline/Pipeline->{closure:{closure:Illuminate/Pipeline/Pipeline::carry():184}:185}()
#39 C:/Users/Admin/thalaivaa_api/vendor/laravel/framework/src/Illuminate/Pipeline/Pipeline.php(209): Illuminate/Http/Middleware/ValidatePostSize->handle()
#40 C:/Users/Admin/thalaivaa_api/vendor/laravel/framework/src/Illuminate/Foundation/Http/Middleware/PreventRequestsDuringMaintenance.php(110): Illuminate/Pipeline/Pipeline->{closure:{closure:Illuminate/Pipeline/Pipeline::carry():184}:185}()
#41 C:/Users/Admin/thalaivaa_api/vendor/laravel/framework/src/Illuminate/Pipeline/Pipeline.php(209): Illuminate/Foundation/Http/Middleware/PreventRequestsDuringMaintenance->handle()
#42 C:/Users/Admin/thalaivaa_api/vendor/laravel/framework/src/Illuminate/Http/Middleware/HandleCors.php(62): Illuminate/Pipeline/Pipeline->{closure:{closure:Illuminate/Pipeline/Pipeline::carry():184}:185}()
#43 C:/Users/Admin/thalaivaa_api/vendor/laravel/framework/src/Illuminate/Pipeline/Pipeline.php(209): Illuminate/Http/Middleware/HandleCors->handle()
#44 C:/Users/Admin/thalaivaa_api/vendor/laravel/framework/src/Illuminate/Http/Middleware/TrustProxies.php(58): Illuminate/Pipeline/Pipeline->{closure:{closure:Illuminate/Pipeline/Pipeline::carry():184}:185}()
#45 C:/Users/Admin/thalaivaa_api/vendor/laravel/framework/src/Illuminate/Pipeline/Pipeline.php(209): Illuminate/Http/Middleware/TrustProxies->handle()
#46 C:/Users/Admin/thalaivaa_api/vendor/laravel/framework/src/Illuminate/Foundation/Http/Middleware/InvokeDeferredCallbacks.php(22): Illuminate/Pipeline/Pipeline->{closure:{closure:Illuminate/Pipeline/Pipeline::carry():184}:185}()
#47 C:/Users/Admin/thalaivaa_api/vendor/laravel/framework/src/Illuminate/Pipeline/Pipeline.php(209): Illuminate/Foundation/Http/Middleware/InvokeDeferredCallbacks->handle()
#48 C:/Users/Admin/thalaivaa_api/vendor/laravel/framework/src/Illuminate/Pipeline/Pipeline.php(127): Illuminate/Pipeline/Pipeline->{closure:{closure:Illuminate/Pipeline/Pipeline::carry():184}:185}()
#49 C:/Users/Admin/thalaivaa_api/vendor/laravel/framework/src/Illuminate/Foundation/Http/Kernel.php(176): Illuminate/Pipeline/Pipeline->then()
#50 C:/Users/Admin/thalaivaa_api/vendor/laravel/framework/src/Illuminate/Foundation/Http/Kernel.php(145): Illuminate/Foundation/Http/Kernel->sendRequestThroughRouter()
#51 C:/Users/Admin/thalaivaa_api/vendor/laravel/framework/src/Illuminate/Foundation/Application.php(1220): Illuminate/Foundation/Http/Kernel->handle()
#52 C:/Users/Admin/thalaivaa_api/public/index.php(17): Illuminate/Foundation/Application->handleRequest()
#53 C:/Users/Admin/thalaivaa_api/vendor/laravel/framework/src/Illuminate/Foundation/resources/server.php(23): require_once('...')
#54 {main}
"} 
[2026-09-12 15:35:54] local.ERROR: Call to undefined relationship [payments] on model [App\Models\Order]. {"exception":"[object] (Illuminate\\Database\\Eloquent\\RelationNotFoundException(code: 0): Call to undefined relationship [payments] on model [App\\Models\\Order]. at C:/Users/Admin/thalaivaa_api/vendor/laravel/framework/src/Illuminate/Database/Eloquent/RelationNotFoundException.php:35)
[stacktrace]
#0 C:/Users/Admin/thalaivaa_api/vendor/laravel/framework/src/Illuminate/Database/Eloquent/Builder.php(878): Illuminate/Database/Eloquent/RelationNotFoundException::make()
#1 C:/Users/Admin/thalaivaa_api/vendor/laravel/framework/src/Illuminate/Database/Eloquent/Relations/Relation.php(120): Illuminate/Database/Eloquent/Builder->{closure:Illuminate/Database/Eloquent/Builder::getRelation():874}()
#2 C:/Users/Admin/thalaivaa_api/vendor/laravel/framework/src/Illuminate/Database/Eloquent/Builder.php(874): Illuminate/Database/Eloquent/Relations/Relation::noConstraints()
#3 C:/Users/Admin/thalaivaa_api/vendor/laravel/framework/src/Illuminate/Database/Eloquent/Builder.php(848): Illuminate/Database/Eloquent/Builder->getRelation()
#4 C:/Users/Admin/thalaivaa_api/vendor/laravel/framework/src/Illuminate/Database/Eloquent/Builder.php(828): Illuminate/Database/Eloquent/Builder->eagerLoadRelation()
#5 C:/Users/Admin/thalaivaa_api/vendor/laravel/framework/src/Illuminate/Database/Eloquent/Builder.php(794): Illuminate/Database/Eloquent/Builder->eagerLoadRelations()
#6 C:/Users/Admin/thalaivaa_api/vendor/laravel/framework/src/Illuminate/Database/Concerns/BuildsQueries.php(343): Illuminate/Database/Eloquent/Builder->get()
#7 C:/Users/Admin/thalaivaa_api/app/Http/Controllers/Api/V1/OrderController.php(118): Illuminate/Database/Eloquent/Builder->first()
#8 C:/Users/Admin/thalaivaa_api/vendor/laravel/framework/src/Illuminate/Routing/ControllerDispatcher.php(47): App/Http/Controllers/Api/V1/OrderController->show()
#9 C:/Users/Admin/thalaivaa_api/vendor/laravel/framework/src/Illuminate/Routing/Route.php(266): Illuminate/Routing/ControllerDispatcher->dispatch()
#10 C:/Users/Admin/thalaivaa_api/vendor/laravel/framework/src/Illuminate/Routing/Route.php(212): Illuminate/Routing/Route->runController()
#11 C:/Users/Admin/thalaivaa_api/vendor/laravel/framework/src/Illuminate/Routing/Router.php(808): Illuminate/Routing/Route->run()
#12 C:/Users/Admin/thalaivaa_api/vendor/laravel/framework/src/Illuminate/Pipeline/Pipeline.php(170): Illuminate/Routing/Router->{closure:Illuminate/Routing/Router::runRouteWithinStack():807}()
#13 C:/Users/Admin/thalaivaa_api/vendor/laravel/framework/src/Illuminate/Routing/Middleware/SubstituteBindings.php(51): Illuminate/Pipeline/Pipeline->{closure:Illuminate/Pipeline/Pipeline::prepareDestination():168}()
#14 C:/Users/Admin/thalaivaa_api/vendor/laravel/framework/src/Illuminate/Pipeline/Pipeline.php(209): Illuminate/Routing/Middleware/SubstituteBindings->handle()
#15 C:/Users/Admin/thalaivaa_api/vendor/laravel/framework/src/Illuminate/Pipeline/Pipeline.php(127): Illuminate/Pipeline/Pipeline->{closure:{closure:Illuminate/Pipeline/Pipeline::carry():184}:185}()
#16 C:/Users/Admin/thalaivaa_api/vendor/laravel/framework/src/Illuminate/Routing/Router.php(807): Illuminate/Pipeline/Pipeline->then()
#17 C:/Users/Admin/thalaivaa_api/vendor/laravel/framework/src/Illuminate/Routing/Router.php(786): Illuminate/Routing/Router->runRouteWithinStack()
#18 C:/Users/Admin/thalaivaa_api/vendor/laravel/framework/src/Illuminate/Routing/Router.php(750): Illuminate/Routing/Router->runRoute()
#19 C:/Users/Admin/thalaivaa_api/vendor/laravel/framework/src/Illuminate/Routing/Router.php(739): Illuminate/Routing/Router->dispatchToRoute()
#20 C:/Users/Admin/thalaivaa_api/vendor/laravel/framework/src/Illuminate/Foundation/Http/Kernel.php(201): Illuminate/Routing/Router->dispatch()
#21 C:/Users/Admin/thalaivaa_api/vendor/laravel/framework/src/Illuminate/Pipeline/Pipeline.php(170): Illuminate/Foundation/Http/Kernel->{closure:Illuminate/Foundation/Http/Kernel::dispatchToRouter():198}()
#22 C:/Users/Admin/thalaivaa_api/vendor/livewire/livewire/src/Features/SupportDisablingBackButtonCache/DisableBackButtonCacheMiddleware.php(19): Illuminate/Pipeline/Pipeline->{closure:Illuminate/Pipeline/Pipeline::prepareDestination():168}()
#23 C:/Users/Admin/thalaivaa_api/vendor/laravel/framework/src/Illuminate/Pipeline/Pipeline.php(209): Livewire/Features/SupportDisablingBackButtonCache/DisableBackButtonCacheMiddleware->handle()
#24 C:/Users/Admin/thalaivaa_api/vendor/laravel/framework/src/Illuminate/Foundation/Http/Middleware/TransformsRequest.php(21): Illuminate/Pipeline/Pipeline->{closure:{closure:Illuminate/Pipeline/Pipeline::carry():184}:185}()
#25 C:/Users/Admin/thalaivaa_api/vendor/laravel/framework/src/Illuminate/Foundation/Http/Middleware/ConvertEmptyStringsToNull.php(31): Illuminate/Foundation/Http/Middleware/TransformsRequest->handle()
#26 C:/Users/Admin/thalaivaa_api/vendor/laravel/framework/src/Illuminate/Pipeline/Pipeline.php(209): Illuminate/Foundation/Http/Middleware/ConvertEmptyStringsToNull->handle()
#27 C:/Users/Admin/thalaivaa_api/vendor/laravel/framework/src/Illuminate/Foundation/Http/Middleware/TransformsRequest.php(21): Illuminate/Pipeline/Pipeline->{closure:{closure:Illuminate/Pipeline/Pipeline::carry():184}:185}()
#28 C:/Users/Admin/thalaivaa_api/vendor/laravel/framework/src/Illuminate/Foundation/Http/Middleware/TrimStrings.php(51): Illuminate/Foundation/Http/Middleware/TransformsRequest->handle()
#29 C:/Users/Admin/thalaivaa_api/vendor/laravel/framework/src/Illuminate/Pipeline/Pipeline.php(209): Illuminate/Foundation/Http/Middleware/TrimStrings->handle()
#30 C:/Users/Admin/thalaivaa_api/vendor/laravel/framework/src/Illuminate/Http/Middleware/ValidatePostSize.php(27): Illuminate/Pipeline/Pipeline->{closure:{closure:Illuminate/Pipeline/Pipeline::carry():184}:185}()
#31 C:/Users/Admin/thalaivaa_api/vendor/laravel/framework/src/Illuminate/Pipeline/Pipeline.php(209): Illuminate/Http/Middleware/ValidatePostSize->handle()
#32 C:/Users/Admin/thalaivaa_api/vendor/laravel/framework/src/Illuminate/Foundation/Http/Middleware/PreventRequestsDuringMaintenance.php(110): Illuminate/Pipeline/Pipeline->{closure:{closure:Illuminate/Pipeline/Pipeline::carry():184}:185}()
#33 C:/Users/Admin/thalaivaa_api/vendor/laravel/framework/src/Illuminate/Pipeline/Pipeline.php(209): Illuminate/Foundation/Http/Middleware/PreventRequestsDuringMaintenance->handle()
#34 C:/Users/Admin/thalaivaa_api/vendor/laravel/framework/src/Illuminate/Http/Middleware/HandleCors.php(62): Illuminate/Pipeline/Pipeline->{closure:{closure:Illuminate/Pipeline/Pipeline::carry():184}:185}()
#35 C:/Users/Admin/thalaivaa_api/vendor/laravel/framework/src/Illuminate/Pipeline/Pipeline.php(209): Illuminate/Http/Middleware/HandleCors->handle()
#36 C:/Users/Admin/thalaivaa_api/vendor/laravel/framework/src/Illuminate/Http/Middleware/TrustProxies.php(58): Illuminate/Pipeline/Pipeline->{closure:{closure:Illuminate/Pipeline/Pipeline::carry():184}:185}()
#37 C:/Users/Admin/thalaivaa_api/vendor/laravel/framework/src/Illuminate/Pipeline/Pipeline.php(209): Illuminate/Http/Middleware/TrustProxies->handle()
#38 C:/Users/Admin/thalaivaa_api/vendor/laravel/framework/src/Illuminate/Foundation/Http/Middleware/InvokeDeferredCallbacks.php(22): Illuminate/Pipeline/Pipeline->{closure:{closure:Illuminate/Pipeline/Pipeline::carry():184}:185}()
#39 C:/Users/Admin/thalaivaa_api/vendor/laravel/framework/src/Illuminate/Pipeline/Pipeline.php(209): Illuminate/Foundation/Http/Middleware/InvokeDeferredCallbacks->handle()
#40 C:/Users/Admin/thalaivaa_api/vendor/laravel/framework/src/Illuminate/Pipeline/Pipeline.php(127): Illuminate/Pipeline/Pipeline->{closure:{closure:Illuminate/Pipeline/Pipeline::carry():184}:185}()
#41 C:/Users/Admin/thalaivaa_api/vendor/laravel/framework/src/Illuminate/Foundation/Http/Kernel.php(176): Illuminate/Pipeline/Pipeline->then()
#42 C:/Users/Admin/thalaivaa_api/vendor/laravel/framework/src/Illuminate/Foundation/Http/Kernel.php(145): Illuminate/Foundation/Http/Kernel->sendRequestThroughRouter()
#43 C:/Users/Admin/thalaivaa_api/vendor/laravel/framework/src/Illuminate/Foundation/Application.php(1220): Illuminate/Foundation/Http/Kernel->handle()
#44 C:/Users/Admin/thalaivaa_api/public/index.php(17): Illuminate/Foundation/Application->handleRequest()
#45 C:/Users/Admin/thalaivaa_api/vendor/laravel/framework/src/Illuminate/Foundation/resources/server.php(23): require_once('...')
#46 {main}
"} 
[2026-09-12 16:15:11] local.ERROR: Method Illuminate\Config\Repository::getIterator does not exist. {"exception":"[object] (BadMethodCallException(code: 0): Method Illuminate\\Config\\Repository::getIterator does not exist. at C:/Users/Admin/thalaivaa_api/vendor/laravel/framework/src/Illuminate/Macroable/Traits/Macroable.php:115)
[stacktrace]
#0 C:/Users/Admin/AppData/Local/Temp/opencode/probe_cfg.php(6): Illuminate/Config/Repository->__call()
#1 {main}
"} 
[2026-09-12 16:38:15] local.ERROR: Class "App\Filament\Resources\CategoryResource\Pages\ManageCategories" not found {"exception":"[object] (Error(code: 0): Class \"App\\Filament\\Resources\\CategoryResource\\Pages\\ManageCategories\" not found at C:/Users/Admin/thalaivaa_api/app/Filament/Resources/CategoryResource.php:59)
[stacktrace]
#0 C:/Users/Admin/thalaivaa_api/vendor/filament/filament/src/Panel/Concerns/HasComponents.php(525): App/Filament/Resources/CategoryResource::getPages()
#1 C:/Users/Admin/thalaivaa_api/vendor/filament/filament/src/Panel.php(69): Filament/Panel->registerLivewireComponents()
#2 C:/Users/Admin/thalaivaa_api/vendor/filament/filament/src/PanelRegistry.php(19): Filament/Panel->register()
#3 C:/Users/Admin/thalaivaa_api/vendor/filament/filament/src/Facades/Filament.php(140): Filament/PanelRegistry->register()
#4 C:/Users/Admin/thalaivaa_api/vendor/laravel/framework/src/Illuminate/Container/Container.php(1432): Filament/Facades/Filament::{closure:Filament/Facades/Filament::registerPanel():140}()
#5 C:/Users/Admin/thalaivaa_api/vendor/laravel/framework/src/Illuminate/Container/Container.php(1350): Illuminate/Container/Container->fireCallbackArray()
#6 C:/Users/Admin/thalaivaa_api/vendor/laravel/framework/src/Illuminate/Container/Container.php(850): Illuminate/Container/Container->fireResolvingCallbacks()
#7 C:/Users/Admin/thalaivaa_api/vendor/laravel/framework/src/Illuminate/Foundation/Application.php(1078): Illuminate/Container/Container->resolve()
#8 C:/Users/Admin/thalaivaa_api/vendor/laravel/framework/src/Illuminate/Container/Container.php(763): Illuminate/Foundation/Application->resolve()
#9 C:/Users/Admin/thalaivaa_api/vendor/laravel/framework/src/Illuminate/Foundation/Application.php(1058): Illuminate/Container/Container->make()
#10 C:/Users/Admin/thalaivaa_api/vendor/laravel/framework/src/Illuminate/Foundation/helpers.php(124): Illuminate/Foundation/Application->make()
#11 C:/Users/Admin/thalaivaa_api/vendor/filament/filament/src/FilamentManager.php(51): app()
#12 C:/Users/Admin/thalaivaa_api/vendor/filament/filament/src/FilamentServiceProvider.php(48): Filament/FilamentManager->__construct()
#13 C:/Users/Admin/thalaivaa_api/vendor/laravel/framework/src/Illuminate/Container/Container.php(952): Filament/FilamentServiceProvider->{closure:Filament/FilamentServiceProvider::packageRegistered():47}()
#14 C:/Users/Admin/thalaivaa_api/vendor/laravel/framework/src/Illuminate/Container/Container.php(832): Illuminate/Container/Container->build()
#15 C:/Users/Admin/thalaivaa_api/vendor/laravel/framework/src/Illuminate/Foundation/Application.php(1078): Illuminate/Container/Container->resolve()
#16 C:/Users/Admin/thalaivaa_api/vendor/laravel/framework/src/Illuminate/Container/Container.php(763): Illuminate/Foundation/Application->resolve()
#17 C:/Users/Admin/thalaivaa_api/vendor/laravel/framework/src/Illuminate/Foundation/Application.php(1058): Illuminate/Container/Container->make()
#18 C:/Users/Admin/thalaivaa_api/vendor/laravel/framework/src/Illuminate/Container/Container.php(1580): Illuminate/Foundation/Application->make()
#19 C:/Users/Admin/thalaivaa_api/vendor/laravel/framework/src/Illuminate/Support/Facades/Facade.php(239): Illuminate/Container/Container->offsetGet()
#20 C:/Users/Admin/thalaivaa_api/vendor/laravel/framework/src/Illuminate/Support/Facades/Facade.php(210): Illuminate/Support/Facades/Facade::resolveFacadeInstance()
#21 C:/Users/Admin/thalaivaa_api/vendor/laravel/framework/src/Illuminate/Support/Facades/Facade.php(355): Illuminate/Support/Facades/Facade::getFacadeRoot()
#22 C:/Users/Admin/thalaivaa_api/vendor/filament/filament/routes/web.php(15): Illuminate/Support/Facades/Facade::__callStatic()
#23 C:/Users/Admin/thalaivaa_api/vendor/laravel/framework/src/Illuminate/Routing/Router.php(511): Illuminate/Support/ServiceProvider->{closure:C:/Users/Admin/thalaivaa_api/vendor/filament/filament/routes/web.php:14}()
#24 C:/Users/Admin/thalaivaa_api/vendor/laravel/framework/src/Illuminate/Routing/Router.php(467): Illuminate/Routing/Router->loadRoutes()
#25 C:/Users/Admin/thalaivaa_api/vendor/laravel/framework/src/Illuminate/Routing/RouteRegistrar.php(207): Illuminate/Routing/Router->group()
#26 C:/Users/Admin/thalaivaa_api/vendor/filament/filament/routes/web.php(14): Illuminate/Routing/RouteRegistrar->group()
#27 C:/Users/Admin/thalaivaa_api/vendor/laravel/framework/src/Illuminate/Support/ServiceProvider.php(195): require('...')
#28 C:/Users/Admin/thalaivaa_api/vendor/spatie/laravel-package-tools/src/Concerns/PackageServiceProvider/ProcessRoutes.php(14): Illuminate/Support/ServiceProvider->loadRoutesFrom()
#29 C:/Users/Admin/thalaivaa_api/vendor/spatie/laravel-package-tools/src/PackageServiceProvider.php(85): Spatie/LaravelPackageTools/PackageServiceProvider->bootPackageRoutes()
#30 C:/Users/Admin/thalaivaa_api/vendor/laravel/framework/src/Illuminate/Container/BoundMethod.php(36): Spatie/LaravelPackageTools/PackageServiceProvider->boot()
#31 C:/Users/Admin/thalaivaa_api/vendor/laravel/framework/src/Illuminate/Container/Util.php(43): Illuminate/Container/BoundMethod::{closure:Illuminate/Container/BoundMethod::call():35}()
#32 C:/Users/Admin/thalaivaa_api/vendor/laravel/framework/src/Illuminate/Container/BoundMethod.php(95): Illuminate/Container/Util::unwrapIfClosure()
#33 C:/Users/Admin/thalaivaa_api/vendor/laravel/framework/src/Illuminate/Container/BoundMethod.php(35): Illuminate/Container/BoundMethod::callBoundMethod()
#34 C:/Users/Admin/thalaivaa_api/vendor/laravel/framework/src/Illuminate/Container/Container.php(696): Illuminate/Container/BoundMethod::call()
#35 C:/Users/Admin/thalaivaa_api/vendor/laravel/framework/src/Illuminate/Foundation/Application.php(1151): Illuminate/Container/Container->call()
#36 C:/Users/Admin/thalaivaa_api/vendor/laravel/framework/src/Illuminate/Foundation/Application.php(1132): Illuminate/Foundation/Application->bootProvider()
#37 [internal function]: Illuminate/Foundation/Application->{closure:Illuminate/Foundation/Application::boot():1131}()
#38 C:/Users/Admin/thalaivaa_api/vendor/laravel/framework/src/Illuminate/Foundation/Application.php(1131): array_walk()
#39 C:/Users/Admin/thalaivaa_api/vendor/laravel/framework/src/Illuminate/Foundation/Bootstrap/BootProviders.php(17): Illuminate/Foundation/Application->boot()
#40 C:/Users/Admin/thalaivaa_api/vendor/laravel/framework/src/Illuminate/Foundation/Application.php(342): Illuminate/Foundation/Bootstrap/BootProviders->bootstrap()
#41 C:/Users/Admin/thalaivaa_api/vendor/laravel/framework/src/Illuminate/Foundation/Console/Kernel.php(474): Illuminate/Foundation/Application->bootstrapWith()
#42 C:/Users/Admin/thalaivaa_api/vendor/laravel/framework/src/Illuminate/Foundation/Console/Kernel.php(196): Illuminate/Foundation/Console/Kernel->bootstrap()
#43 C:/Users/Admin/thalaivaa_api/vendor/laravel/framework/src/Illuminate/Foundation/Application.php(1235): Illuminate/Foundation/Console/Kernel->handle()
#44 C:/Users/Admin/thalaivaa_api/artisan(18): Illuminate/Foundation/Application->handleCommand()
#45 {main}
"} 
[2026-09-12 16:38:58] local.ERROR: SQLSTATE[HY000]: General error: 1 table branches has no column named address (Connection: sqlite, SQL: insert into "branches" ("slug", "name", "address", "phone", "is_active", "id", "updated_at", "created_at") values (thalaivaa-city-light, Thalaivaa - City Light (Main), Shop 12-14, City Light Town, Surat, Gujarat 395007, +91 92170 02598, 1, a2ba529f-46c5-4198-8a7f-d58150572633, 2026-09-12 16:38:58, 2026-09-12 16:38:58)) {"exception":"[object] (Illuminate\\Database\\QueryException(code: HY000): SQLSTATE[HY000]: General error: 1 table branches has no column named address (Connection: sqlite, SQL: insert into \"branches\" (\"slug\", \"name\", \"address\", \"phone\", \"is_active\", \"id\", \"updated_at\", \"created_at\") values (thalaivaa-city-light, Thalaivaa - City Light (Main), Shop 12-14, City Light Town, Surat, Gujarat 395007, +91 92170 02598, 1, a2ba529f-46c5-4198-8a7f-d58150572633, 2026-09-12 16:38:58, 2026-09-12 16:38:58)) at C:/Users/Admin/thalaivaa_api/vendor/laravel/framework/src/Illuminate/Database/Connection.php:825)
[stacktrace]
#0 C:/Users/Admin/thalaivaa_api/vendor/laravel/framework/src/Illuminate/Database/Connection.php(779): Illuminate/Database/Connection->runQueryCallback()
#1 C:/Users/Admin/thalaivaa_api/vendor/laravel/framework/src/Illuminate/Database/Connection.php(560): Illuminate/Database/Connection->run()
#2 C:/Users/Admin/thalaivaa_api/vendor/laravel/framework/src/Illuminate/Database/Connection.php(524): Illuminate/Database/Connection->statement()
#3 C:/Users/Admin/thalaivaa_api/vendor/laravel/framework/src/Illuminate/Database/Query/Builder.php(3717): Illuminate/Database/Connection->insert()
#4 C:/Users/Admin/thalaivaa_api/vendor/laravel/framework/src/Illuminate/Database/Eloquent/Builder.php(2120): Illuminate/Database/Query/Builder->insert()
#5 C:/Users/Admin/thalaivaa_api/vendor/laravel/framework/src/Illuminate/Database/Eloquent/Model.php(1335): Illuminate/Database/Eloquent/Builder->__call()
#6 C:/Users/Admin/thalaivaa_api/vendor/laravel/framework/src/Illuminate/Database/Eloquent/Model.php(1163): Illuminate/Database/Eloquent/Model->performInsert()
#7 C:/Users/Admin/thalaivaa_api/vendor/laravel/framework/src/Illuminate/Database/Eloquent/Builder.php(1128): Illuminate/Database/Eloquent/Model->save()
#8 C:/Users/Admin/thalaivaa_api/vendor/laravel/framework/src/Illuminate/Support/helpers.php(399): Illuminate/Database/Eloquent/Builder->{closure:Illuminate/Database/Eloquent/Builder::create():1127}()
#9 C:/Users/Admin/thalaivaa_api/vendor/laravel/framework/src/Illuminate/Database/Eloquent/Builder.php(1127): tap()
#10 C:/Users/Admin/thalaivaa_api/vendor/laravel/framework/src/Illuminate/Database/Eloquent/Builder.php(634): Illuminate/Database/Eloquent/Builder->create()
#11 C:/Users/Admin/thalaivaa_api/vendor/laravel/framework/src/Illuminate/Database/Eloquent/Builder.php(1864): Illuminate/Database/Eloquent/Builder->{closure:Illuminate/Database/Eloquent/Builder::createOrFirst():634}()
#12 C:/Users/Admin/thalaivaa_api/vendor/laravel/framework/src/Illuminate/Database/Eloquent/Builder.php(634): Illuminate/Database/Eloquent/Builder->withSavepointIfNeeded()
#13 C:/Users/Admin/thalaivaa_api/vendor/laravel/framework/src/Illuminate/Database/Eloquent/Builder.php(621): Illuminate/Database/Eloquent/Builder->createOrFirst()
#14 C:/Users/Admin/thalaivaa_api/vendor/laravel/framework/src/Illuminate/Support/Traits/ForwardsCalls.php(23): Illuminate/Database/Eloquent/Builder->firstOrCreate()
#15 C:/Users/Admin/thalaivaa_api/vendor/laravel/framework/src/Illuminate/Database/Eloquent/Model.php(2372): Illuminate/Database/Eloquent/Model->forwardCallTo()
#16 C:/Users/Admin/thalaivaa_api/vendor/laravel/framework/src/Illuminate/Database/Eloquent/Model.php(2384): Illuminate/Database/Eloquent/Model->__call()
#17 C:/Users/Admin/thalaivaa_api/database/seeders/DatabaseSeeder.php(27): Illuminate/Database/Eloquent/Model::__callStatic()
#18 C:/Users/Admin/thalaivaa_api/vendor/laravel/framework/src/Illuminate/Container/BoundMethod.php(36): Database/Seeders/DatabaseSeeder->run()
#19 C:/Users/Admin/thalaivaa_api/vendor/laravel/framework/src/Illuminate/Container/Util.php(43): Illuminate/Container/BoundMethod::{closure:Illuminate/Container/BoundMethod::call():35}()
#20 C:/Users/Admin/thalaivaa_api/vendor/laravel/framework/src/Illuminate/Container/BoundMethod.php(95): Illuminate/Container/Util::unwrapIfClosure()
#21 C:/Users/Admin/thalaivaa_api/vendor/laravel/framework/src/Illuminate/Container/BoundMethod.php(35): Illuminate/Container/BoundMethod::callBoundMethod()
#22 C:/Users/Admin/thalaivaa_api/vendor/laravel/framework/src/Illuminate/Container/Container.php(696): Illuminate/Container/BoundMethod::call()
#23 C:/Users/Admin/thalaivaa_api/vendor/laravel/framework/src/Illuminate/Database/Seeder.php(188): Illuminate/Container/Container->call()
#24 C:/Users/Admin/thalaivaa_api/vendor/laravel/framework/src/Illuminate/Database/Seeder.php(197): Illuminate/Database/Seeder->{closure:Illuminate/Database/Seeder::__invoke():187}()
#25 C:/Users/Admin/thalaivaa_api/vendor/laravel/framework/src/Illuminate/Database/Console/Seeds/SeedCommand.php(70): Illuminate/Database/Seeder->__invoke()
#26 C:/Users/Admin/thalaivaa_api/vendor/laravel/framework/src/Illuminate/Database/Eloquent/Concerns/GuardsAttributes.php(155): Illuminate/Database/Console/Seeds/SeedCommand->{closure:Illuminate/Database/Console/Seeds/SeedCommand::handle():69}()
#27 C:/Users/Admin/thalaivaa_api/vendor/laravel/framework/src/Illuminate/Database/Console/Seeds/SeedCommand.php(69): Illuminate/Database/Eloquent/Model::unguarded()
#28 C:/Users/Admin/thalaivaa_api/vendor/laravel/framework/src/Illuminate/Container/BoundMethod.php(36): Illuminate/Database/Console/Seeds/SeedCommand->handle()
#29 C:/Users/Admin/thalaivaa_api/vendor/laravel/framework/src/Illuminate/Container/Util.php(43): Illuminate/Container/BoundMethod::{closure:Illuminate/Container/BoundMethod::call():35}()
#30 C:/Users/Admin/thalaivaa_api/vendor/laravel/framework/src/Illuminate/Container/BoundMethod.php(95): Illuminate/Container/Util::unwrapIfClosure()
#31 C:/Users/Admin/thalaivaa_api/vendor/laravel/framework/src/Illuminate/Container/BoundMethod.php(35): Illuminate/Container/BoundMethod::callBoundMethod()
#32 C:/Users/Admin/thalaivaa_api/vendor/laravel/framework/src/Illuminate/Container/Container.php(696): Illuminate/Container/BoundMethod::call()
#33 C:/Users/Admin/thalaivaa_api/vendor/laravel/framework/src/Illuminate/Console/Command.php(213): Illuminate/Container/Container->call()
#34 C:/Users/Admin/thalaivaa_api/vendor/symfony/console/Command/Command.php(341): Illuminate/Console/Command->execute()
#35 C:/Users/Admin/thalaivaa_api/vendor/laravel/framework/src/Illuminate/Console/Command.php(182): Symfony/Component/Console/Command/Command->run()
#36 C:/Users/Admin/thalaivaa_api/vendor/laravel/framework/src/Illuminate/Console/Concerns/CallsCommands.php(68): Illuminate/Console/Command->run()
#37 C:/Users/Admin/thalaivaa_api/vendor/laravel/framework/src/Illuminate/Console/Concerns/CallsCommands.php(29): Illuminate/Console/Command->runCommand()
#38 C:/Users/Admin/thalaivaa_api/vendor/laravel/framework/src/Illuminate/Database/Console/Migrations/FreshCommand.php(122): Illuminate/Console/Command->call()
#39 C:/Users/Admin/thalaivaa_api/vendor/laravel/framework/src/Illuminate/Database/Console/Migrations/FreshCommand.php(98): Illuminate/Database/Console/Migrations/FreshCommand->runSeeder()
#40 C:/Users/Admin/thalaivaa_api/vendor/laravel/framework/src/Illuminate/Container/BoundMethod.php(36): Illuminate/Database/Console/Migrations/FreshCommand->handle()
#41 C:/Users/Admin/thalaivaa_api/vendor/laravel/framework/src/Illuminate/Container/Util.php(43): Illuminate/Container/BoundMethod::{closure:Illuminate/Container/BoundMethod::call():35}()
#42 C:/Users/Admin/thalaivaa_api/vendor/laravel/framework/src/Illuminate/Container/BoundMethod.php(95): Illuminate/Container/Util::unwrapIfClosure()
#43 C:/Users/Admin/thalaivaa_api/vendor/laravel/framework/src/Illuminate/Container/BoundMethod.php(35): Illuminate/Container/BoundMethod::callBoundMethod()
#44 C:/Users/Admin/thalaivaa_api/vendor/laravel/framework/src/Illuminate/Container/Container.php(696): Illuminate/Container/BoundMethod::call()
#45 C:/Users/Admin/thalaivaa_api/vendor/laravel/framework/src/Illuminate/Console/Command.php(213): Illuminate/Container/Container->call()
#46 C:/Users/Admin/thalaivaa_api/vendor/symfony/console/Command/Command.php(341): Illuminate/Console/Command->execute()
#47 C:/Users/Admin/thalaivaa_api/vendor/laravel/framework/src/Illuminate/Console/Command.php(182): Symfony/Component/Console/Command/Command->run()
#48 C:/Users/Admin/thalaivaa_api/vendor/symfony/console/Application.php(1117): Illuminate/Console/Command->run()
#49 C:/Users/Admin/thalaivaa_api/vendor/symfony/console/Application.php(356): Symfony/Component/Console/Application->doRunCommand()
#50 C:/Users/Admin/thalaivaa_api/vendor/symfony/console/Application.php(195): Symfony/Component/Console/Application->doRun()
#51 C:/Users/Admin/thalaivaa_api/vendor/laravel/framework/src/Illuminate/Foundation/Console/Kernel.php(198): Symfony/Component/Console/Application->run()
#52 C:/Users/Admin/thalaivaa_api/vendor/laravel/framework/src/Illuminate/Foundation/Application.php(1235): Illuminate/Foundation/Console/Kernel->handle()
#53 C:/Users/Admin/thalaivaa_api/artisan(18): Illuminate/Foundation/Application->handleCommand()
#54 {main}

[previous exception] [object] (PDOException(code: HY000): SQLSTATE[HY000]: General error: 1 table branches has no column named address at C:/Users/Admin/thalaivaa_api/vendor/laravel/framework/src/Illuminate/Database/Connection.php:565)
[stacktrace]
#0 C:/Users/Admin/thalaivaa_api/vendor/laravel/framework/src/Illuminate/Database/Connection.php(565): PDO->prepare()
#1 C:/Users/Admin/thalaivaa_api/vendor/laravel/framework/src/Illuminate/Database/Connection.php(812): Illuminate/Database/Connection->{closure:Illuminate/Database/Connection::statement():560}()
#2 C:/Users/Admin/thalaivaa_api/vendor/laravel/framework/src/Illuminate/Database/Connection.php(779): Illuminate/Database/Connection->runQueryCallback()
#3 C:/Users/Admin/thalaivaa_api/vendor/laravel/framework/src/Illuminate/Database/Connection.php(560): Illuminate/Database/Connection->run()
#4 C:/Users/Admin/thalaivaa_api/vendor/laravel/framework/src/Illuminate/Database/Connection.php(524): Illuminate/Database/Connection->statement()
#5 C:/Users/Admin/thalaivaa_api/vendor/laravel/framework/src/Illuminate/Database/Query/Builder.php(3717): Illuminate/Database/Connection->insert()
#6 C:/Users/Admin/thalaivaa_api/vendor/laravel/framework/src/Illuminate/Database/Eloquent/Builder.php(2120): Illuminate/Database/Query/Builder->insert()
#7 C:/Users/Admin/thalaivaa_api/vendor/laravel/framework/src/Illuminate/Database/Eloquent/Model.php(1335): Illuminate/Database/Eloquent/Builder->__call()
#8 C:/Users/Admin/thalaivaa_api/vendor/laravel/framework/src/Illuminate/Database/Eloquent/Model.php(1163): Illuminate/Database/Eloquent/Model->performInsert()
#9 C:/Users/Admin/thalaivaa_api/vendor/laravel/framework/src/Illuminate/Database/Eloquent/Builder.php(1128): Illuminate/Database/Eloquent/Model->save()
#10 C:/Users/Admin/thalaivaa_api/vendor/laravel/framework/src/Illuminate/Support/helpers.php(399): Illuminate/Database/Eloquent/Builder->{closure:Illuminate/Database/Eloquent/Builder::create():1127}()
#11 C:/Users/Admin/thalaivaa_api/vendor/laravel/framework/src/Illuminate/Database/Eloquent/Builder.php(1127): tap()
#12 C:/Users/Admin/thalaivaa_api/vendor/laravel/framework/src/Illuminate/Database/Eloquent/Builder.php(634): Illuminate/Database/Eloquent/Builder->create()
#13 C:/Users/Admin/thalaivaa_api/vendor/laravel/framework/src/Illuminate/Database/Eloquent/Builder.php(1864): Illuminate/Database/Eloquent/Builder->{closure:Illuminate/Database/Eloquent/Builder::createOrFirst():634}()
#14 C:/Users/Admin/thalaivaa_api/vendor/laravel/framework/src/Illuminate/Database/Eloquent/Builder.php(634): Illuminate/Database/Eloquent/Builder->withSavepointIfNeeded()
#15 C:/Users/Admin/thalaivaa_api/vendor/laravel/framework/src/Illuminate/Database/Eloquent/Builder.php(621): Illuminate/Database/Eloquent/Builder->createOrFirst()
#16 C:/Users/Admin/thalaivaa_api/vendor/laravel/framework/src/Illuminate/Support/Traits/ForwardsCalls.php(23): Illuminate/Database/Eloquent/Builder->firstOrCreate()
#17 C:/Users/Admin/thalaivaa_api/vendor/laravel/framework/src/Illuminate/Database/Eloquent/Model.php(2372): Illuminate/Database/Eloquent/Model->forwardCallTo()
#18 C:/Users/Admin/thalaivaa_api/vendor/laravel/framework/src/Illuminate/Database/Eloquent/Model.php(2384): Illuminate/Database/Eloquent/Model->__call()
#19 C:/Users/Admin/thalaivaa_api/database/seeders/DatabaseSeeder.php(27): Illuminate/Database/Eloquent/Model::__callStatic()
#20 C:/Users/Admin/thalaivaa_api/vendor/laravel/framework/src/Illuminate/Container/BoundMethod.php(36): Database/Seeders/DatabaseSeeder->run()
#21 C:/Users/Admin/thalaivaa_api/vendor/laravel/framework/src/Illuminate/Container/Util.php(43): Illuminate/Container/BoundMethod::{closure:Illuminate/Container/BoundMethod::call():35}()
#22 C:/Users/Admin/thalaivaa_api/vendor/laravel/framework/src/Illuminate/Container/BoundMethod.php(95): Illuminate/Container/Util::unwrapIfClosure()
#23 C:/Users/Admin/thalaivaa_api/vendor/laravel/framework/src/Illuminate/Container/BoundMethod.php(35): Illuminate/Container/BoundMethod::callBoundMethod()
#24 C:/Users/Admin/thalaivaa_api/vendor/laravel/framework/src/Illuminate/Container/Container.php(696): Illuminate/Container/BoundMethod::call()
#25 C:/Users/Admin/thalaivaa_api/vendor/laravel/framework/src/Illuminate/Database/Seeder.php(188): Illuminate/Container/Container->call()
#26 C:/Users/Admin/thalaivaa_api/vendor/laravel/framework/src/Illuminate/Database/Seeder.php(197): Illuminate/Database/Seeder->{closure:Illuminate/Database/Seeder::__invoke():187}()
#27 C:/Users/Admin/thalaivaa_api/vendor/laravel/framework/src/Illuminate/Database/Console/Seeds/SeedCommand.php(70): Illuminate/Database/Seeder->__invoke()
#28 C:/Users/Admin/thalaivaa_api/vendor/laravel/framework/src/Illuminate/Database/Eloquent/Concerns/GuardsAttributes.php(155): Illuminate/Database/Console/Seeds/SeedCommand->{closure:Illuminate/Database/Console/Seeds/SeedCommand::handle():69}()
#29 C:/Users/Admin/thalaivaa_api/vendor/laravel/framework/src/Illuminate/Database/Console/Seeds/SeedCommand.php(69): Illuminate/Database/Eloquent/Model::unguarded()
#30 C:/Users/Admin/thalaivaa_api/vendor/laravel/framework/src/Illuminate/Container/BoundMethod.php(36): Illuminate/Database/Console/Seeds/SeedCommand->handle()
#31 C:/Users/Admin/thalaivaa_api/vendor/laravel/framework/src/Illuminate/Container/Util.php(43): Illuminate/Container/BoundMethod::{closure:Illuminate/Container/BoundMethod::call():35}()
#32 C:/Users/Admin/thalaivaa_api/vendor/laravel/framework/src/Illuminate/Container/BoundMethod.php(95): Illuminate/Container/Util::unwrapIfClosure()
#33 C:/Users/Admin/thalaivaa_api/vendor/laravel/framework/src/Illuminate/Container/BoundMethod.php(35): Illuminate/Container/BoundMethod::callBoundMethod()
#34 C:/Users/Admin/thalaivaa_api/vendor/laravel/framework/src/Illuminate/Container/Container.php(696): Illuminate/Container/BoundMethod::call()
#35 C:/Users/Admin/thalaivaa_api/vendor/laravel/framework/src/Illuminate/Console/Command.php(213): Illuminate/Container/Container->call()
#36 C:/Users/Admin/thalaivaa_api/vendor/symfony/console/Command/Command.php(341): Illuminate/Console/Command->execute()
#37 C:/Users/Admin/thalaivaa_api/vendor/laravel/framework/src/Illuminate/Console/Command.php(182): Symfony/Component/Console/Command/Command->run()
#38 C:/Users/Admin/thalaivaa_api/vendor/laravel/framework/src/Illuminate/Console/Concerns/CallsCommands.php(68): Illuminate/Console/Command->run()
#39 C:/Users/Admin/thalaivaa_api/vendor/laravel/framework/src/Illuminate/Console/Concerns/CallsCommands.php(29): Illuminate/Console/Command->runCommand()
#40 C:/Users/Admin/thalaivaa_api/vendor/laravel/framework/src/Illuminate/Database/Console/Migrations/FreshCommand.php(122): Illuminate/Console/Command->call()
#41 C:/Users/Admin/thalaivaa_api/vendor/laravel/framework/src/Illuminate/Database/Console/Migrations/FreshCommand.php(98): Illuminate/Database/Console/Migrations/FreshCommand->runSeeder()
#42 C:/Users/Admin/thalaivaa_api/vendor/laravel/framework/src/Illuminate/Container/BoundMethod.php(36): Illuminate/Database/Console/Migrations/FreshCommand->handle()
#43 C:/Users/Admin/thalaivaa_api/vendor/laravel/framework/src/Illuminate/Container/Util.php(43): Illuminate/Container/BoundMethod::{closure:Illuminate/Container/BoundMethod::call():35}()
#44 C:/Users/Admin/thalaivaa_api/vendor/laravel/framework/src/Illuminate/Container/BoundMethod.php(95): Illuminate/Container/Util::unwrapIfClosure()
#45 C:/Users/Admin/thalaivaa_api/vendor/laravel/framework/src/Illuminate/Container/BoundMethod.php(35): Illuminate/Container/BoundMethod::callBoundMethod()
#46 C:/Users/Admin/thalaivaa_api/vendor/laravel/framework/src/Illuminate/Container/Container.php(696): Illuminate/Container/BoundMethod::call()
#47 C:/Users/Admin/thalaivaa_api/vendor/laravel/framework/src/Illuminate/Console/Command.php(213): Illuminate/Container/Container->call()
#48 C:/Users/Admin/thalaivaa_api/vendor/symfony/console/Command/Command.php(341): Illuminate/Console/Command->execute()
#49 C:/Users/Admin/thalaivaa_api/vendor/laravel/framework/src/Illuminate/Console/Command.php(182): Symfony/Component/Console/Command/Command->run()
#50 C:/Users/Admin/thalaivaa_api/vendor/symfony/console/Application.php(1117): Illuminate/Console/Command->run()
#51 C:/Users/Admin/thalaivaa_api/vendor/symfony/console/Application.php(356): Symfony/Component/Console/Application->doRunCommand()
#52 C:/Users/Admin/thalaivaa_api/vendor/symfony/console/Application.php(195): Symfony/Component/Console/Application->doRun()
#53 C:/Users/Admin/thalaivaa_api/vendor/laravel/framework/src/Illuminate/Foundation/Console/Kernel.php(198): Symfony/Component/Console/Application->run()
#54 C:/Users/Admin/thalaivaa_api/vendor/laravel/framework/src/Illuminate/Foundation/Application.php(1235): Illuminate/Foundation/Console/Kernel->handle()
#55 C:/Users/Admin/thalaivaa_api/artisan(18): Illuminate/Foundation/Application->handleCommand()
#56 {main}
"} 
[2026-09-12 16:39:14] local.ERROR: SQLSTATE[HY000]: General error: 1 table rbac_roles has no column named is_system_role (Connection: sqlite, SQL: insert into "rbac_roles" ("name", "display_name", "description", "is_system_role", "id", "updated_at", "created_at") values (super_admin, Super Administrator, Full unrestricted system access across all branches., 1, a2ba52b7-f76b-42da-8f2b-38c8612c5511, 2026-09-12 16:39:14, 2026-09-12 16:39:14)) {"exception":"[object] (Illuminate\\Database\\QueryException(code: HY000): SQLSTATE[HY000]: General error: 1 table rbac_roles has no column named is_system_role (Connection: sqlite, SQL: insert into \"rbac_roles\" (\"name\", \"display_name\", \"description\", \"is_system_role\", \"id\", \"updated_at\", \"created_at\") values (super_admin, Super Administrator, Full unrestricted system access across all branches., 1, a2ba52b7-f76b-42da-8f2b-38c8612c5511, 2026-09-12 16:39:14, 2026-09-12 16:39:14)) at C:/Users/Admin/thalaivaa_api/vendor/laravel/framework/src/Illuminate/Database/Connection.php:825)
[stacktrace]
#0 C:/Users/Admin/thalaivaa_api/vendor/laravel/framework/src/Illuminate/Database/Connection.php(779): Illuminate/Database/Connection->runQueryCallback()
#1 C:/Users/Admin/thalaivaa_api/vendor/laravel/framework/src/Illuminate/Database/Connection.php(560): Illuminate/Database/Connection->run()
#2 C:/Users/Admin/thalaivaa_api/vendor/laravel/framework/src/Illuminate/Database/Connection.php(524): Illuminate/Database/Connection->statement()
#3 C:/Users/Admin/thalaivaa_api/vendor/laravel/framework/src/Illuminate/Database/Query/Builder.php(3717): Illuminate/Database/Connection->insert()
#4 C:/Users/Admin/thalaivaa_api/vendor/laravel/framework/src/Illuminate/Database/Eloquent/Builder.php(2120): Illuminate/Database/Query/Builder->insert()
#5 C:/Users/Admin/thalaivaa_api/vendor/laravel/framework/src/Illuminate/Database/Eloquent/Model.php(1335): Illuminate/Database/Eloquent/Builder->__call()
#6 C:/Users/Admin/thalaivaa_api/vendor/laravel/framework/src/Illuminate/Database/Eloquent/Model.php(1163): Illuminate/Database/Eloquent/Model->performInsert()
#7 C:/Users/Admin/thalaivaa_api/vendor/laravel/framework/src/Illuminate/Database/Eloquent/Builder.php(1128): Illuminate/Database/Eloquent/Model->save()
#8 C:/Users/Admin/thalaivaa_api/vendor/laravel/framework/src/Illuminate/Support/helpers.php(399): Illuminate/Database/Eloquent/Builder->{closure:Illuminate/Database/Eloquent/Builder::create():1127}()
#9 C:/Users/Admin/thalaivaa_api/vendor/laravel/framework/src/Illuminate/Database/Eloquent/Builder.php(1127): tap()
#10 C:/Users/Admin/thalaivaa_api/vendor/laravel/framework/src/Illuminate/Database/Eloquent/Builder.php(634): Illuminate/Database/Eloquent/Builder->create()
#11 C:/Users/Admin/thalaivaa_api/vendor/laravel/framework/src/Illuminate/Database/Eloquent/Builder.php(1864): Illuminate/Database/Eloquent/Builder->{closure:Illuminate/Database/Eloquent/Builder::createOrFirst():634}()
#12 C:/Users/Admin/thalaivaa_api/vendor/laravel/framework/src/Illuminate/Database/Eloquent/Builder.php(634): Illuminate/Database/Eloquent/Builder->withSavepointIfNeeded()
#13 C:/Users/Admin/thalaivaa_api/vendor/laravel/framework/src/Illuminate/Database/Eloquent/Builder.php(621): Illuminate/Database/Eloquent/Builder->createOrFirst()
#14 C:/Users/Admin/thalaivaa_api/vendor/laravel/framework/src/Illuminate/Support/Traits/ForwardsCalls.php(23): Illuminate/Database/Eloquent/Builder->firstOrCreate()
#15 C:/Users/Admin/thalaivaa_api/vendor/laravel/framework/src/Illuminate/Database/Eloquent/Model.php(2372): Illuminate/Database/Eloquent/Model->forwardCallTo()
#16 C:/Users/Admin/thalaivaa_api/vendor/laravel/framework/src/Illuminate/Database/Eloquent/Model.php(2384): Illuminate/Database/Eloquent/Model->__call()
#17 C:/Users/Admin/thalaivaa_api/database/seeders/DatabaseSeeder.php(78): Illuminate/Database/Eloquent/Model::__callStatic()
#18 C:/Users/Admin/thalaivaa_api/vendor/laravel/framework/src/Illuminate/Container/BoundMethod.php(36): Database/Seeders/DatabaseSeeder->run()
#19 C:/Users/Admin/thalaivaa_api/vendor/laravel/framework/src/Illuminate/Container/Util.php(43): Illuminate/Container/BoundMethod::{closure:Illuminate/Container/BoundMethod::call():35}()
#20 C:/Users/Admin/thalaivaa_api/vendor/laravel/framework/src/Illuminate/Container/BoundMethod.php(95): Illuminate/Container/Util::unwrapIfClosure()
#21 C:/Users/Admin/thalaivaa_api/vendor/laravel/framework/src/Illuminate/Container/BoundMethod.php(35): Illuminate/Container/BoundMethod::callBoundMethod()
#22 C:/Users/Admin/thalaivaa_api/vendor/laravel/framework/src/Illuminate/Container/Container.php(696): Illuminate/Container/BoundMethod::call()
#23 C:/Users/Admin/thalaivaa_api/vendor/laravel/framework/src/Illuminate/Database/Seeder.php(188): Illuminate/Container/Container->call()
#24 C:/Users/Admin/thalaivaa_api/vendor/laravel/framework/src/Illuminate/Database/Seeder.php(197): Illuminate/Database/Seeder->{closure:Illuminate/Database/Seeder::__invoke():187}()
#25 C:/Users/Admin/thalaivaa_api/vendor/laravel/framework/src/Illuminate/Database/Console/Seeds/SeedCommand.php(70): Illuminate/Database/Seeder->__invoke()
#26 C:/Users/Admin/thalaivaa_api/vendor/laravel/framework/src/Illuminate/Database/Eloquent/Concerns/GuardsAttributes.php(155): Illuminate/Database/Console/Seeds/SeedCommand->{closure:Illuminate/Database/Console/Seeds/SeedCommand::handle():69}()
#27 C:/Users/Admin/thalaivaa_api/vendor/laravel/framework/src/Illuminate/Database/Console/Seeds/SeedCommand.php(69): Illuminate/Database/Eloquent/Model::unguarded()
#28 C:/Users/Admin/thalaivaa_api/vendor/laravel/framework/src/Illuminate/Container/BoundMethod.php(36): Illuminate/Database/Console/Seeds/SeedCommand->handle()
#29 C:/Users/Admin/thalaivaa_api/vendor/laravel/framework/src/Illuminate/Container/Util.php(43): Illuminate/Container/BoundMethod::{closure:Illuminate/Container/BoundMethod::call():35}()
#30 C:/Users/Admin/thalaivaa_api/vendor/laravel/framework/src/Illuminate/Container/BoundMethod.php(95): Illuminate/Container/Util::unwrapIfClosure()
#31 C:/Users/Admin/thalaivaa_api/vendor/laravel/framework/src/Illuminate/Container/BoundMethod.php(35): Illuminate/Container/BoundMethod::callBoundMethod()
#32 C:/Users/Admin/thalaivaa_api/vendor/laravel/framework/src/Illuminate/Container/Container.php(696): Illuminate/Container/BoundMethod::call()
#33 C:/Users/Admin/thalaivaa_api/vendor/laravel/framework/src/Illuminate/Console/Command.php(213): Illuminate/Container/Container->call()
#34 C:/Users/Admin/thalaivaa_api/vendor/symfony/console/Command/Command.php(341): Illuminate/Console/Command->execute()
#35 C:/Users/Admin/thalaivaa_api/vendor/laravel/framework/src/Illuminate/Console/Command.php(182): Symfony/Component/Console/Command/Command->run()
#36 C:/Users/Admin/thalaivaa_api/vendor/symfony/console/Application.php(1117): Illuminate/Console/Command->run()
#37 C:/Users/Admin/thalaivaa_api/vendor/symfony/console/Application.php(356): Symfony/Component/Console/Application->doRunCommand()
#38 C:/Users/Admin/thalaivaa_api/vendor/symfony/console/Application.php(195): Symfony/Component/Console/Application->doRun()
#39 C:/Users/Admin/thalaivaa_api/vendor/laravel/framework/src/Illuminate/Foundation/Console/Kernel.php(198): Symfony/Component/Console/Application->run()
#40 C:/Users/Admin/thalaivaa_api/vendor/laravel/framework/src/Illuminate/Foundation/Application.php(1235): Illuminate/Foundation/Console/Kernel->handle()
#41 C:/Users/Admin/thalaivaa_api/artisan(18): Illuminate/Foundation/Application->handleCommand()
#42 {main}

[previous exception] [object] (PDOException(code: HY000): SQLSTATE[HY000]: General error: 1 table rbac_roles has no column named is_system_role at C:/Users/Admin/thalaivaa_api/vendor/laravel/framework/src/Illuminate/Database/Connection.php:565)
[stacktrace]
#0 C:/Users/Admin/thalaivaa_api/vendor/laravel/framework/src/Illuminate/Database/Connection.php(565): PDO->prepare()
#1 C:/Users/Admin/thalaivaa_api/vendor/laravel/framework/src/Illuminate/Database/Connection.php(812): Illuminate/Database/Connection->{closure:Illuminate/Database/Connection::statement():560}()
#2 C:/Users/Admin/thalaivaa_api/vendor/laravel/framework/src/Illuminate/Database/Connection.php(779): Illuminate/Database/Connection->runQueryCallback()
#3 C:/Users/Admin/thalaivaa_api/vendor/laravel/framework/src/Illuminate/Database/Connection.php(560): Illuminate/Database/Connection->run()
#4 C:/Users/Admin/thalaivaa_api/vendor/laravel/framework/src/Illuminate/Database/Connection.php(524): Illuminate/Database/Connection->statement()
#5 C:/Users/Admin/thalaivaa_api/vendor/laravel/framework/src/Illuminate/Database/Query/Builder.php(3717): Illuminate/Database/Connection->insert()
#6 C:/Users/Admin/thalaivaa_api/vendor/laravel/framework/src/Illuminate/Database/Eloquent/Builder.php(2120): Illuminate/Database/Query/Builder->insert()
#7 C:/Users/Admin/thalaivaa_api/vendor/laravel/framework/src/Illuminate/Database/Eloquent/Model.php(1335): Illuminate/Database/Eloquent/Builder->__call()
#8 C:/Users/Admin/thalaivaa_api/vendor/laravel/framework/src/Illuminate/Database/Eloquent/Model.php(1163): Illuminate/Database/Eloquent/Model->performInsert()
#9 C:/Users/Admin/thalaivaa_api/vendor/laravel/framework/src/Illuminate/Database/Eloquent/Builder.php(1128): Illuminate/Database/Eloquent/Model->save()
#10 C:/Users/Admin/thalaivaa_api/vendor/laravel/framework/src/Illuminate/Support/helpers.php(399): Illuminate/Database/Eloquent/Builder->{closure:Illuminate/Database/Eloquent/Builder::create():1127}()
#11 C:/Users/Admin/thalaivaa_api/vendor/laravel/framework/src/Illuminate/Database/Eloquent/Builder.php(1127): tap()
#12 C:/Users/Admin/thalaivaa_api/vendor/laravel/framework/src/Illuminate/Database/Eloquent/Builder.php(634): Illuminate/Database/Eloquent/Builder->create()
#13 C:/Users/Admin/thalaivaa_api/vendor/laravel/framework/src/Illuminate/Database/Eloquent/Builder.php(1864): Illuminate/Database/Eloquent/Builder->{closure:Illuminate/Database/Eloquent/Builder::createOrFirst():634}()
#14 C:/Users/Admin/thalaivaa_api/vendor/laravel/framework/src/Illuminate/Database/Eloquent/Builder.php(634): Illuminate/Database/Eloquent/Builder->withSavepointIfNeeded()
#15 C:/Users/Admin/thalaivaa_api/vendor/laravel/framework/src/Illuminate/Database/Eloquent/Builder.php(621): Illuminate/Database/Eloquent/Builder->createOrFirst()
#16 C:/Users/Admin/thalaivaa_api/vendor/laravel/framework/src/Illuminate/Support/Traits/ForwardsCalls.php(23): Illuminate/Database/Eloquent/Builder->firstOrCreate()
#17 C:/Users/Admin/thalaivaa_api/vendor/laravel/framework/src/Illuminate/Database/Eloquent/Model.php(2372): Illuminate/Database/Eloquent/Model->forwardCallTo()
#18 C:/Users/Admin/thalaivaa_api/vendor/laravel/framework/src/Illuminate/Database/Eloquent/Model.php(2384): Illuminate/Database/Eloquent/Model->__call()
#19 C:/Users/Admin/thalaivaa_api/database/seeders/DatabaseSeeder.php(78): Illuminate/Database/Eloquent/Model::__callStatic()
#20 C:/Users/Admin/thalaivaa_api/vendor/laravel/framework/src/Illuminate/Container/BoundMethod.php(36): Database/Seeders/DatabaseSeeder->run()
#21 C:/Users/Admin/thalaivaa_api/vendor/laravel/framework/src/Illuminate/Container/Util.php(43): Illuminate/Container/BoundMethod::{closure:Illuminate/Container/BoundMethod::call():35}()
#22 C:/Users/Admin/thalaivaa_api/vendor/laravel/framework/src/Illuminate/Container/BoundMethod.php(95): Illuminate/Container/Util::unwrapIfClosure()
#23 C:/Users/Admin/thalaivaa_api/vendor/laravel/framework/src/Illuminate/Container/BoundMethod.php(35): Illuminate/Container/BoundMethod::callBoundMethod()
#24 C:/Users/Admin/thalaivaa_api/vendor/laravel/framework/src/Illuminate/Container/Container.php(696): Illuminate/Container/BoundMethod::call()
#25 C:/Users/Admin/thalaivaa_api/vendor/laravel/framework/src/Illuminate/Database/Seeder.php(188): Illuminate/Container/Container->call()
#26 C:/Users/Admin/thalaivaa_api/vendor/laravel/framework/src/Illuminate/Database/Seeder.php(197): Illuminate/Database/Seeder->{closure:Illuminate/Database/Seeder::__invoke():187}()
#27 C:/Users/Admin/thalaivaa_api/vendor/laravel/framework/src/Illuminate/Database/Console/Seeds/SeedCommand.php(70): Illuminate/Database/Seeder->__invoke()
#28 C:/Users/Admin/thalaivaa_api/vendor/laravel/framework/src/Illuminate/Database/Eloquent/Concerns/GuardsAttributes.php(155): Illuminate/Database/Console/Seeds/SeedCommand->{closure:Illuminate/Database/Console/Seeds/SeedCommand::handle():69}()
#29 C:/Users/Admin/thalaivaa_api/vendor/laravel/framework/src/Illuminate/Database/Console/Seeds/SeedCommand.php(69): Illuminate/Database/Eloquent/Model::unguarded()
#30 C:/Users/Admin/thalaivaa_api/vendor/laravel/framework/src/Illuminate/Container/BoundMethod.php(36): Illuminate/Database/Console/Seeds/SeedCommand->handle()
#31 C:/Users/Admin/thalaivaa_api/vendor/laravel/framework/src/Illuminate/Container/Util.php(43): Illuminate/Container/BoundMethod::{closure:Illuminate/Container/BoundMethod::call():35}()
#32 C:/Users/Admin/thalaivaa_api/vendor/laravel/framework/src/Illuminate/Container/BoundMethod.php(95): Illuminate/Container/Util::unwrapIfClosure()
#33 C:/Users/Admin/thalaivaa_api/vendor/laravel/framework/src/Illuminate/Container/BoundMethod.php(35): Illuminate/Container/BoundMethod::callBoundMethod()
#34 C:/Users/Admin/thalaivaa_api/vendor/laravel/framework/src/Illuminate/Container/Container.php(696): Illuminate/Container/BoundMethod::call()
#35 C:/Users/Admin/thalaivaa_api/vendor/laravel/framework/src/Illuminate/Console/Command.php(213): Illuminate/Container/Container->call()
#36 C:/Users/Admin/thalaivaa_api/vendor/symfony/console/Command/Command.php(341): Illuminate/Console/Command->execute()
#37 C:/Users/Admin/thalaivaa_api/vendor/laravel/framework/src/Illuminate/Console/Command.php(182): Symfony/Component/Console/Command/Command->run()
#38 C:/Users/Admin/thalaivaa_api/vendor/symfony/console/Application.php(1117): Illuminate/Console/Command->run()
#39 C:/Users/Admin/thalaivaa_api/vendor/symfony/console/Application.php(356): Symfony/Component/Console/Application->doRunCommand()
#40 C:/Users/Admin/thalaivaa_api/vendor/symfony/console/Application.php(195): Symfony/Component/Console/Application->doRun()
#41 C:/Users/Admin/thalaivaa_api/vendor/laravel/framework/src/Illuminate/Foundation/Console/Kernel.php(198): Symfony/Component/Console/Application->run()
#42 C:/Users/Admin/thalaivaa_api/vendor/laravel/framework/src/Illuminate/Foundation/Application.php(1235): Illuminate/Foundation/Console/Kernel->handle()
#43 C:/Users/Admin/thalaivaa_api/artisan(18): Illuminate/Foundation/Application->handleCommand()
#44 {main}
"} 
[2026-09-12 16:39:27] local.ERROR: SQLSTATE[HY000]: General error: 1 table rbac_permissions has no column named display_name (Connection: sqlite, SQL: insert into "rbac_permissions" ("name", "display_name", "module", "id", "updated_at", "created_at") values (catalog.manage, Manage Catalog, Catalog, a2ba52cd-048b-47aa-afc3-936e853dacb2, 2026-09-12 16:39:27, 2026-09-12 16:39:27)) {"exception":"[object] (Illuminate\\Database\\QueryException(code: HY000): SQLSTATE[HY000]: General error: 1 table rbac_permissions has no column named display_name (Connection: sqlite, SQL: insert into \"rbac_permissions\" (\"name\", \"display_name\", \"module\", \"id\", \"updated_at\", \"created_at\") values (catalog.manage, Manage Catalog, Catalog, a2ba52cd-048b-47aa-afc3-936e853dacb2, 2026-09-12 16:39:27, 2026-09-12 16:39:27)) at C:/Users/Admin/thalaivaa_api/vendor/laravel/framework/src/Illuminate/Database/Connection.php:825)
[stacktrace]
#0 C:/Users/Admin/thalaivaa_api/vendor/laravel/framework/src/Illuminate/Database/Connection.php(779): Illuminate/Database/Connection->runQueryCallback()
#1 C:/Users/Admin/thalaivaa_api/vendor/laravel/framework/src/Illuminate/Database/Connection.php(560): Illuminate/Database/Connection->run()
#2 C:/Users/Admin/thalaivaa_api/vendor/laravel/framework/src/Illuminate/Database/Connection.php(524): Illuminate/Database/Connection->statement()
#3 C:/Users/Admin/thalaivaa_api/vendor/laravel/framework/src/Illuminate/Database/Query/Builder.php(3717): Illuminate/Database/Connection->insert()
#4 C:/Users/Admin/thalaivaa_api/vendor/laravel/framework/src/Illuminate/Database/Eloquent/Builder.php(2120): Illuminate/Database/Query/Builder->insert()
#5 C:/Users/Admin/thalaivaa_api/vendor/laravel/framework/src/Illuminate/Database/Eloquent/Model.php(1335): Illuminate/Database/Eloquent/Builder->__call()
#6 C:/Users/Admin/thalaivaa_api/vendor/laravel/framework/src/Illuminate/Database/Eloquent/Model.php(1163): Illuminate/Database/Eloquent/Model->performInsert()
#7 C:/Users/Admin/thalaivaa_api/vendor/laravel/framework/src/Illuminate/Database/Eloquent/Builder.php(1128): Illuminate/Database/Eloquent/Model->save()
#8 C:/Users/Admin/thalaivaa_api/vendor/laravel/framework/src/Illuminate/Support/helpers.php(399): Illuminate/Database/Eloquent/Builder->{closure:Illuminate/Database/Eloquent/Builder::create():1127}()
#9 C:/Users/Admin/thalaivaa_api/vendor/laravel/framework/src/Illuminate/Database/Eloquent/Builder.php(1127): tap()
#10 C:/Users/Admin/thalaivaa_api/vendor/laravel/framework/src/Illuminate/Database/Eloquent/Builder.php(634): Illuminate/Database/Eloquent/Builder->create()
#11 C:/Users/Admin/thalaivaa_api/vendor/laravel/framework/src/Illuminate/Database/Eloquent/Builder.php(1864): Illuminate/Database/Eloquent/Builder->{closure:Illuminate/Database/Eloquent/Builder::createOrFirst():634}()
#12 C:/Users/Admin/thalaivaa_api/vendor/laravel/framework/src/Illuminate/Database/Eloquent/Builder.php(634): Illuminate/Database/Eloquent/Builder->withSavepointIfNeeded()
#13 C:/Users/Admin/thalaivaa_api/vendor/laravel/framework/src/Illuminate/Database/Eloquent/Builder.php(621): Illuminate/Database/Eloquent/Builder->createOrFirst()
#14 C:/Users/Admin/thalaivaa_api/vendor/laravel/framework/src/Illuminate/Support/Traits/ForwardsCalls.php(23): Illuminate/Database/Eloquent/Builder->firstOrCreate()
#15 C:/Users/Admin/thalaivaa_api/vendor/laravel/framework/src/Illuminate/Database/Eloquent/Model.php(2372): Illuminate/Database/Eloquent/Model->forwardCallTo()
#16 C:/Users/Admin/thalaivaa_api/vendor/laravel/framework/src/Illuminate/Database/Eloquent/Model.php(2384): Illuminate/Database/Eloquent/Model->__call()
#17 C:/Users/Admin/thalaivaa_api/database/seeders/DatabaseSeeder.php(114): Illuminate/Database/Eloquent/Model::__callStatic()
#18 C:/Users/Admin/thalaivaa_api/vendor/laravel/framework/src/Illuminate/Container/BoundMethod.php(36): Database/Seeders/DatabaseSeeder->run()
#19 C:/Users/Admin/thalaivaa_api/vendor/laravel/framework/src/Illuminate/Container/Util.php(43): Illuminate/Container/BoundMethod::{closure:Illuminate/Container/BoundMethod::call():35}()
#20 C:/Users/Admin/thalaivaa_api/vendor/laravel/framework/src/Illuminate/Container/BoundMethod.php(95): Illuminate/Container/Util::unwrapIfClosure()
#21 C:/Users/Admin/thalaivaa_api/vendor/laravel/framework/src/Illuminate/Container/BoundMethod.php(35): Illuminate/Container/BoundMethod::callBoundMethod()
#22 C:/Users/Admin/thalaivaa_api/vendor/laravel/framework/src/Illuminate/Container/Container.php(696): Illuminate/Container/BoundMethod::call()
#23 C:/Users/Admin/thalaivaa_api/vendor/laravel/framework/src/Illuminate/Database/Seeder.php(188): Illuminate/Container/Container->call()
#24 C:/Users/Admin/thalaivaa_api/vendor/laravel/framework/src/Illuminate/Database/Seeder.php(197): Illuminate/Database/Seeder->{closure:Illuminate/Database/Seeder::__invoke():187}()
#25 C:/Users/Admin/thalaivaa_api/vendor/laravel/framework/src/Illuminate/Database/Console/Seeds/SeedCommand.php(70): Illuminate/Database/Seeder->__invoke()
#26 C:/Users/Admin/thalaivaa_api/vendor/laravel/framework/src/Illuminate/Database/Eloquent/Concerns/GuardsAttributes.php(155): Illuminate/Database/Console/Seeds/SeedCommand->{closure:Illuminate/Database/Console/Seeds/SeedCommand::handle():69}()
#27 C:/Users/Admin/thalaivaa_api/vendor/laravel/framework/src/Illuminate/Database/Console/Seeds/SeedCommand.php(69): Illuminate/Database/Eloquent/Model::unguarded()
#28 C:/Users/Admin/thalaivaa_api/vendor/laravel/framework/src/Illuminate/Container/BoundMethod.php(36): Illuminate/Database/Console/Seeds/SeedCommand->handle()
#29 C:/Users/Admin/thalaivaa_api/vendor/laravel/framework/src/Illuminate/Container/Util.php(43): Illuminate/Container/BoundMethod::{closure:Illuminate/Container/BoundMethod::call():35}()
#30 C:/Users/Admin/thalaivaa_api/vendor/laravel/framework/src/Illuminate/Container/BoundMethod.php(95): Illuminate/Container/Util::unwrapIfClosure()
#31 C:/Users/Admin/thalaivaa_api/vendor/laravel/framework/src/Illuminate/Container/BoundMethod.php(35): Illuminate/Container/BoundMethod::callBoundMethod()
#32 C:/Users/Admin/thalaivaa_api/vendor/laravel/framework/src/Illuminate/Container/Container.php(696): Illuminate/Container/BoundMethod::call()
#33 C:/Users/Admin/thalaivaa_api/vendor/laravel/framework/src/Illuminate/Console/Command.php(213): Illuminate/Container/Container->call()
#34 C:/Users/Admin/thalaivaa_api/vendor/symfony/console/Command/Command.php(341): Illuminate/Console/Command->execute()
#35 C:/Users/Admin/thalaivaa_api/vendor/laravel/framework/src/Illuminate/Console/Command.php(182): Symfony/Component/Console/Command/Command->run()
#36 C:/Users/Admin/thalaivaa_api/vendor/symfony/console/Application.php(1117): Illuminate/Console/Command->run()
#37 C:/Users/Admin/thalaivaa_api/vendor/symfony/console/Application.php(356): Symfony/Component/Console/Application->doRunCommand()
#38 C:/Users/Admin/thalaivaa_api/vendor/symfony/console/Application.php(195): Symfony/Component/Console/Application->doRun()
#39 C:/Users/Admin/thalaivaa_api/vendor/laravel/framework/src/Illuminate/Foundation/Console/Kernel.php(198): Symfony/Component/Console/Application->run()
#40 C:/Users/Admin/thalaivaa_api/vendor/laravel/framework/src/Illuminate/Foundation/Application.php(1235): Illuminate/Foundation/Console/Kernel->handle()
#41 C:/Users/Admin/thalaivaa_api/artisan(18): Illuminate/Foundation/Application->handleCommand()
#42 {main}

[previous exception] [object] (PDOException(code: HY000): SQLSTATE[HY000]: General error: 1 table rbac_permissions has no column named display_name at C:/Users/Admin/thalaivaa_api/vendor/laravel/framework/src/Illuminate/Database/Connection.php:565)
[stacktrace]
#0 C:/Users/Admin/thalaivaa_api/vendor/laravel/framework/src/Illuminate/Database/Connection.php(565): PDO->prepare()
#1 C:/Users/Admin/thalaivaa_api/vendor/laravel/framework/src/Illuminate/Database/Connection.php(812): Illuminate/Database/Connection->{closure:Illuminate/Database/Connection::statement():560}()
#2 C:/Users/Admin/thalaivaa_api/vendor/laravel/framework/src/Illuminate/Database/Connection.php(779): Illuminate/Database/Connection->runQueryCallback()
#3 C:/Users/Admin/thalaivaa_api/vendor/laravel/framework/src/Illuminate/Database/Connection.php(560): Illuminate/Database/Connection->run()
#4 C:/Users/Admin/thalaivaa_api/vendor/laravel/framework/src/Illuminate/Database/Connection.php(524): Illuminate/Database/Connection->statement()
#5 C:/Users/Admin/thalaivaa_api/vendor/laravel/framework/src/Illuminate/Database/Query/Builder.php(3717): Illuminate/Database/Connection->insert()
#6 C:/Users/Admin/thalaivaa_api/vendor/laravel/framework/src/Illuminate/Database/Eloquent/Builder.php(2120): Illuminate/Database/Query/Builder->insert()
#7 C:/Users/Admin/thalaivaa_api/vendor/laravel/framework/src/Illuminate/Database/Eloquent/Model.php(1335): Illuminate/Database/Eloquent/Builder->__call()
#8 C:/Users/Admin/thalaivaa_api/vendor/laravel/framework/src/Illuminate/Database/Eloquent/Model.php(1163): Illuminate/Database/Eloquent/Model->performInsert()
#9 C:/Users/Admin/thalaivaa_api/vendor/laravel/framework/src/Illuminate/Database/Eloquent/Builder.php(1128): Illuminate/Database/Eloquent/Model->save()
#10 C:/Users/Admin/thalaivaa_api/vendor/laravel/framework/src/Illuminate/Support/helpers.php(399): Illuminate/Database/Eloquent/Builder->{closure:Illuminate/Database/Eloquent/Builder::create():1127}()
#11 C:/Users/Admin/thalaivaa_api/vendor/laravel/framework/src/Illuminate/Database/Eloquent/Builder.php(1127): tap()
#12 C:/Users/Admin/thalaivaa_api/vendor/laravel/framework/src/Illuminate/Database/Eloquent/Builder.php(634): Illuminate/Database/Eloquent/Builder->create()
#13 C:/Users/Admin/thalaivaa_api/vendor/laravel/framework/src/Illuminate/Database/Eloquent/Builder.php(1864): Illuminate/Database/Eloquent/Builder->{closure:Illuminate/Database/Eloquent/Builder::createOrFirst():634}()
#14 C:/Users/Admin/thalaivaa_api/vendor/laravel/framework/src/Illuminate/Database/Eloquent/Builder.php(634): Illuminate/Database/Eloquent/Builder->withSavepointIfNeeded()
#15 C:/Users/Admin/thalaivaa_api/vendor/laravel/framework/src/Illuminate/Database/Eloquent/Builder.php(621): Illuminate/Database/Eloquent/Builder->createOrFirst()
#16 C:/Users/Admin/thalaivaa_api/vendor/laravel/framework/src/Illuminate/Support/Traits/ForwardsCalls.php(23): Illuminate/Database/Eloquent/Builder->firstOrCreate()
#17 C:/Users/Admin/thalaivaa_api/vendor/laravel/framework/src/Illuminate/Database/Eloquent/Model.php(2372): Illuminate/Database/Eloquent/Model->forwardCallTo()
#18 C:/Users/Admin/thalaivaa_api/vendor/laravel/framework/src/Illuminate/Database/Eloquent/Model.php(2384): Illuminate/Database/Eloquent/Model->__call()
#19 C:/Users/Admin/thalaivaa_api/database/seeders/DatabaseSeeder.php(114): Illuminate/Database/Eloquent/Model::__callStatic()
#20 C:/Users/Admin/thalaivaa_api/vendor/laravel/framework/src/Illuminate/Container/BoundMethod.php(36): Database/Seeders/DatabaseSeeder->run()
#21 C:/Users/Admin/thalaivaa_api/vendor/laravel/framework/src/Illuminate/Container/Util.php(43): Illuminate/Container/BoundMethod::{closure:Illuminate/Container/BoundMethod::call():35}()
#22 C:/Users/Admin/thalaivaa_api/vendor/laravel/framework/src/Illuminate/Container/BoundMethod.php(95): Illuminate/Container/Util::unwrapIfClosure()
#23 C:/Users/Admin/thalaivaa_api/vendor/laravel/framework/src/Illuminate/Container/BoundMethod.php(35): Illuminate/Container/BoundMethod::callBoundMethod()
#24 C:/Users/Admin/thalaivaa_api/vendor/laravel/framework/src/Illuminate/Container/Container.php(696): Illuminate/Container/BoundMethod::call()
#25 C:/Users/Admin/thalaivaa_api/vendor/laravel/framework/src/Illuminate/Database/Seeder.php(188): Illuminate/Container/Container->call()
#26 C:/Users/Admin/thalaivaa_api/vendor/laravel/framework/src/Illuminate/Database/Seeder.php(197): Illuminate/Database/Seeder->{closure:Illuminate/Database/Seeder::__invoke():187}()
#27 C:/Users/Admin/thalaivaa_api/vendor/laravel/framework/src/Illuminate/Database/Console/Seeds/SeedCommand.php(70): Illuminate/Database/Seeder->__invoke()
#28 C:/Users/Admin/thalaivaa_api/vendor/laravel/framework/src/Illuminate/Database/Eloquent/Concerns/GuardsAttributes.php(155): Illuminate/Database/Console/Seeds/SeedCommand->{closure:Illuminate/Database/Console/Seeds/SeedCommand::handle():69}()
#29 C:/Users/Admin/thalaivaa_api/vendor/laravel/framework/src/Illuminate/Database/Console/Seeds/SeedCommand.php(69): Illuminate/Database/Eloquent/Model::unguarded()
#30 C:/Users/Admin/thalaivaa_api/vendor/laravel/framework/src/Illuminate/Container/BoundMethod.php(36): Illuminate/Database/Console/Seeds/SeedCommand->handle()
#31 C:/Users/Admin/thalaivaa_api/vendor/laravel/framework/src/Illuminate/Container/Util.php(43): Illuminate/Container/BoundMethod::{closure:Illuminate/Container/BoundMethod::call():35}()
#32 C:/Users/Admin/thalaivaa_api/vendor/laravel/framework/src/Illuminate/Container/BoundMethod.php(95): Illuminate/Container/Util::unwrapIfClosure()
#33 C:/Users/Admin/thalaivaa_api/vendor/laravel/framework/src/Illuminate/Container/BoundMethod.php(35): Illuminate/Container/BoundMethod::callBoundMethod()
#34 C:/Users/Admin/thalaivaa_api/vendor/laravel/framework/src/Illuminate/Container/Container.php(696): Illuminate/Container/BoundMethod::call()
#35 C:/Users/Admin/thalaivaa_api/vendor/laravel/framework/src/Illuminate/Console/Command.php(213): Illuminate/Container/Container->call()
#36 C:/Users/Admin/thalaivaa_api/vendor/symfony/console/Command/Command.php(341): Illuminate/Console/Command->execute()
#37 C:/Users/Admin/thalaivaa_api/vendor/laravel/framework/src/Illuminate/Console/Command.php(182): Symfony/Component/Console/Command/Command->run()
#38 C:/Users/Admin/thalaivaa_api/vendor/symfony/console/Application.php(1117): Illuminate/Console/Command->run()
#39 C:/Users/Admin/thalaivaa_api/vendor/symfony/console/Application.php(356): Symfony/Component/Console/Application->doRunCommand()
#40 C:/Users/Admin/thalaivaa_api/vendor/symfony/console/Application.php(195): Symfony/Component/Console/Application->doRun()
#41 C:/Users/Admin/thalaivaa_api/vendor/laravel/framework/src/Illuminate/Foundation/Console/Kernel.php(198): Symfony/Component/Console/Application->run()
#42 C:/Users/Admin/thalaivaa_api/vendor/laravel/framework/src/Illuminate/Foundation/Application.php(1235): Illuminate/Foundation/Console/Kernel->handle()
#43 C:/Users/Admin/thalaivaa_api/artisan(18): Illuminate/Foundation/Application->handleCommand()
#44 {main}
"} 
[2026-09-12 16:39:38] local.ERROR: SQLSTATE[HY000]: General error: 1 table rbac_role_permissions has no column named id (Connection: sqlite, SQL: insert into "rbac_role_permissions" ("role_id", "permission_id", "id", "updated_at", "created_at") values (a2ba52cc-fc4a-4990-a151-967f0de6fbe8, a2ba52dc-e911-4d1f-8d08-6f059108f83f, a2ba52dc-edf5-4314-b751-f9a2cc8165f1, 2026-09-12 16:39:38, 2026-09-12 16:39:38)) {"exception":"[object] (Illuminate\\Database\\QueryException(code: HY000): SQLSTATE[HY000]: General error: 1 table rbac_role_permissions has no column named id (Connection: sqlite, SQL: insert into \"rbac_role_permissions\" (\"role_id\", \"permission_id\", \"id\", \"updated_at\", \"created_at\") values (a2ba52cc-fc4a-4990-a151-967f0de6fbe8, a2ba52dc-e911-4d1f-8d08-6f059108f83f, a2ba52dc-edf5-4314-b751-f9a2cc8165f1, 2026-09-12 16:39:38, 2026-09-12 16:39:38)) at C:/Users/Admin/thalaivaa_api/vendor/laravel/framework/src/Illuminate/Database/Connection.php:825)
[stacktrace]
#0 C:/Users/Admin/thalaivaa_api/vendor/laravel/framework/src/Illuminate/Database/Connection.php(779): Illuminate/Database/Connection->runQueryCallback()
#1 C:/Users/Admin/thalaivaa_api/vendor/laravel/framework/src/Illuminate/Database/Connection.php(560): Illuminate/Database/Connection->run()
#2 C:/Users/Admin/thalaivaa_api/vendor/laravel/framework/src/Illuminate/Database/Connection.php(524): Illuminate/Database/Connection->statement()
#3 C:/Users/Admin/thalaivaa_api/vendor/laravel/framework/src/Illuminate/Database/Query/Builder.php(3717): Illuminate/Database/Connection->insert()
#4 C:/Users/Admin/thalaivaa_api/vendor/laravel/framework/src/Illuminate/Database/Eloquent/Builder.php(2120): Illuminate/Database/Query/Builder->insert()
#5 C:/Users/Admin/thalaivaa_api/vendor/laravel/framework/src/Illuminate/Database/Eloquent/Model.php(1335): Illuminate/Database/Eloquent/Builder->__call()
#6 C:/Users/Admin/thalaivaa_api/vendor/laravel/framework/src/Illuminate/Database/Eloquent/Model.php(1163): Illuminate/Database/Eloquent/Model->performInsert()
#7 C:/Users/Admin/thalaivaa_api/vendor/laravel/framework/src/Illuminate/Database/Eloquent/Builder.php(1128): Illuminate/Database/Eloquent/Model->save()
#8 C:/Users/Admin/thalaivaa_api/vendor/laravel/framework/src/Illuminate/Support/helpers.php(399): Illuminate/Database/Eloquent/Builder->{closure:Illuminate/Database/Eloquent/Builder::create():1127}()
#9 C:/Users/Admin/thalaivaa_api/vendor/laravel/framework/src/Illuminate/Database/Eloquent/Builder.php(1127): tap()
#10 C:/Users/Admin/thalaivaa_api/vendor/laravel/framework/src/Illuminate/Database/Eloquent/Builder.php(634): Illuminate/Database/Eloquent/Builder->create()
#11 C:/Users/Admin/thalaivaa_api/vendor/laravel/framework/src/Illuminate/Database/Eloquent/Builder.php(1864): Illuminate/Database/Eloquent/Builder->{closure:Illuminate/Database/Eloquent/Builder::createOrFirst():634}()
#12 C:/Users/Admin/thalaivaa_api/vendor/laravel/framework/src/Illuminate/Database/Eloquent/Builder.php(634): Illuminate/Database/Eloquent/Builder->withSavepointIfNeeded()
#13 C:/Users/Admin/thalaivaa_api/vendor/laravel/framework/src/Illuminate/Database/Eloquent/Builder.php(621): Illuminate/Database/Eloquent/Builder->createOrFirst()
#14 C:/Users/Admin/thalaivaa_api/vendor/laravel/framework/src/Illuminate/Support/Traits/ForwardsCalls.php(23): Illuminate/Database/Eloquent/Builder->firstOrCreate()
#15 C:/Users/Admin/thalaivaa_api/vendor/laravel/framework/src/Illuminate/Database/Eloquent/Model.php(2372): Illuminate/Database/Eloquent/Model->forwardCallTo()
#16 C:/Users/Admin/thalaivaa_api/vendor/laravel/framework/src/Illuminate/Database/Eloquent/Model.php(2384): Illuminate/Database/Eloquent/Model->__call()
#17 C:/Users/Admin/thalaivaa_api/database/seeders/DatabaseSeeder.php(122): Illuminate/Database/Eloquent/Model::__callStatic()
#18 C:/Users/Admin/thalaivaa_api/vendor/laravel/framework/src/Illuminate/Container/BoundMethod.php(36): Database/Seeders/DatabaseSeeder->run()
#19 C:/Users/Admin/thalaivaa_api/vendor/laravel/framework/src/Illuminate/Container/Util.php(43): Illuminate/Container/BoundMethod::{closure:Illuminate/Container/BoundMethod::call():35}()
#20 C:/Users/Admin/thalaivaa_api/vendor/laravel/framework/src/Illuminate/Container/BoundMethod.php(95): Illuminate/Container/Util::unwrapIfClosure()
#21 C:/Users/Admin/thalaivaa_api/vendor/laravel/framework/src/Illuminate/Container/BoundMethod.php(35): Illuminate/Container/BoundMethod::callBoundMethod()
#22 C:/Users/Admin/thalaivaa_api/vendor/laravel/framework/src/Illuminate/Container/Container.php(696): Illuminate/Container/BoundMethod::call()
#23 C:/Users/Admin/thalaivaa_api/vendor/laravel/framework/src/Illuminate/Database/Seeder.php(188): Illuminate/Container/Container->call()
#24 C:/Users/Admin/thalaivaa_api/vendor/laravel/framework/src/Illuminate/Database/Seeder.php(197): Illuminate/Database/Seeder->{closure:Illuminate/Database/Seeder::__invoke():187}()
#25 C:/Users/Admin/thalaivaa_api/vendor/laravel/framework/src/Illuminate/Database/Console/Seeds/SeedCommand.php(70): Illuminate/Database/Seeder->__invoke()
#26 C:/Users/Admin/thalaivaa_api/vendor/laravel/framework/src/Illuminate/Database/Eloquent/Concerns/GuardsAttributes.php(155): Illuminate/Database/Console/Seeds/SeedCommand->{closure:Illuminate/Database/Console/Seeds/SeedCommand::handle():69}()
#27 C:/Users/Admin/thalaivaa_api/vendor/laravel/framework/src/Illuminate/Database/Console/Seeds/SeedCommand.php(69): Illuminate/Database/Eloquent/Model::unguarded()
#28 C:/Users/Admin/thalaivaa_api/vendor/laravel/framework/src/Illuminate/Container/BoundMethod.php(36): Illuminate/Database/Console/Seeds/SeedCommand->handle()
#29 C:/Users/Admin/thalaivaa_api/vendor/laravel/framework/src/Illuminate/Container/Util.php(43): Illuminate/Container/BoundMethod::{closure:Illuminate/Container/BoundMethod::call():35}()
#30 C:/Users/Admin/thalaivaa_api/vendor/laravel/framework/src/Illuminate/Container/BoundMethod.php(95): Illuminate/Container/Util::unwrapIfClosure()
#31 C:/Users/Admin/thalaivaa_api/vendor/laravel/framework/src/Illuminate/Container/BoundMethod.php(35): Illuminate/Container/BoundMethod::callBoundMethod()
#32 C:/Users/Admin/thalaivaa_api/vendor/laravel/framework/src/Illuminate/Container/Container.php(696): Illuminate/Container/BoundMethod::call()
#33 C:/Users/Admin/thalaivaa_api/vendor/laravel/framework/src/Illuminate/Console/Command.php(213): Illuminate/Container/Container->call()
#34 C:/Users/Admin/thalaivaa_api/vendor/symfony/console/Command/Command.php(341): Illuminate/Console/Command->execute()
#35 C:/Users/Admin/thalaivaa_api/vendor/laravel/framework/src/Illuminate/Console/Command.php(182): Symfony/Component/Console/Command/Command->run()
#36 C:/Users/Admin/thalaivaa_api/vendor/symfony/console/Application.php(1117): Illuminate/Console/Command->run()
#37 C:/Users/Admin/thalaivaa_api/vendor/symfony/console/Application.php(356): Symfony/Component/Console/Application->doRunCommand()
#38 C:/Users/Admin/thalaivaa_api/vendor/symfony/console/Application.php(195): Symfony/Component/Console/Application->doRun()
#39 C:/Users/Admin/thalaivaa_api/vendor/laravel/framework/src/Illuminate/Foundation/Console/Kernel.php(198): Symfony/Component/Console/Application->run()
#40 C:/Users/Admin/thalaivaa_api/vendor/laravel/framework/src/Illuminate/Foundation/Application.php(1235): Illuminate/Foundation/Console/Kernel->handle()
#41 C:/Users/Admin/thalaivaa_api/artisan(18): Illuminate/Foundation/Application->handleCommand()
#42 {main}

[previous exception] [object] (PDOException(code: HY000): SQLSTATE[HY000]: General error: 1 table rbac_role_permissions has no column named id at C:/Users/Admin/thalaivaa_api/vendor/laravel/framework/src/Illuminate/Database/Connection.php:565)
[stacktrace]
#0 C:/Users/Admin/thalaivaa_api/vendor/laravel/framework/src/Illuminate/Database/Connection.php(565): PDO->prepare()
#1 C:/Users/Admin/thalaivaa_api/vendor/laravel/framework/src/Illuminate/Database/Connection.php(812): Illuminate/Database/Connection->{closure:Illuminate/Database/Connection::statement():560}()
#2 C:/Users/Admin/thalaivaa_api/vendor/laravel/framework/src/Illuminate/Database/Connection.php(779): Illuminate/Database/Connection->runQueryCallback()
#3 C:/Users/Admin/thalaivaa_api/vendor/laravel/framework/src/Illuminate/Database/Connection.php(560): Illuminate/Database/Connection->run()
#4 C:/Users/Admin/thalaivaa_api/vendor/laravel/framework/src/Illuminate/Database/Connection.php(524): Illuminate/Database/Connection->statement()
#5 C:/Users/Admin/thalaivaa_api/vendor/laravel/framework/src/Illuminate/Database/Query/Builder.php(3717): Illuminate/Database/Connection->insert()
#6 C:/Users/Admin/thalaivaa_api/vendor/laravel/framework/src/Illuminate/Database/Eloquent/Builder.php(2120): Illuminate/Database/Query/Builder->insert()
#7 C:/Users/Admin/thalaivaa_api/vendor/laravel/framework/src/Illuminate/Database/Eloquent/Model.php(1335): Illuminate/Database/Eloquent/Builder->__call()
#8 C:/Users/Admin/thalaivaa_api/vendor/laravel/framework/src/Illuminate/Database/Eloquent/Model.php(1163): Illuminate/Database/Eloquent/Model->performInsert()
#9 C:/Users/Admin/thalaivaa_api/vendor/laravel/framework/src/Illuminate/Database/Eloquent/Builder.php(1128): Illuminate/Database/Eloquent/Model->save()
#10 C:/Users/Admin/thalaivaa_api/vendor/laravel/framework/src/Illuminate/Support/helpers.php(399): Illuminate/Database/Eloquent/Builder->{closure:Illuminate/Database/Eloquent/Builder::create():1127}()
#11 C:/Users/Admin/thalaivaa_api/vendor/laravel/framework/src/Illuminate/Database/Eloquent/Builder.php(1127): tap()
#12 C:/Users/Admin/thalaivaa_api/vendor/laravel/framework/src/Illuminate/Database/Eloquent/Builder.php(634): Illuminate/Database/Eloquent/Builder->create()
#13 C:/Users/Admin/thalaivaa_api/vendor/laravel/framework/src/Illuminate/Database/Eloquent/Builder.php(1864): Illuminate/Database/Eloquent/Builder->{closure:Illuminate/Database/Eloquent/Builder::createOrFirst():634}()
#14 C:/Users/Admin/thalaivaa_api/vendor/laravel/framework/src/Illuminate/Database/Eloquent/Builder.php(634): Illuminate/Database/Eloquent/Builder->withSavepointIfNeeded()
#15 C:/Users/Admin/thalaivaa_api/vendor/laravel/framework/src/Illuminate/Database/Eloquent/Builder.php(621): Illuminate/Database/Eloquent/Builder->createOrFirst()
#16 C:/Users/Admin/thalaivaa_api/vendor/laravel/framework/src/Illuminate/Support/Traits/ForwardsCalls.php(23): Illuminate/Database/Eloquent/Builder->firstOrCreate()
#17 C:/Users/Admin/thalaivaa_api/vendor/laravel/framework/src/Illuminate/Database/Eloquent/Model.php(2372): Illuminate/Database/Eloquent/Model->forwardCallTo()
#18 C:/Users/Admin/thalaivaa_api/vendor/laravel/framework/src/Illuminate/Database/Eloquent/Model.php(2384): Illuminate/Database/Eloquent/Model->__call()
#19 C:/Users/Admin/thalaivaa_api/database/seeders/DatabaseSeeder.php(122): Illuminate/Database/Eloquent/Model::__callStatic()
#20 C:/Users/Admin/thalaivaa_api/vendor/laravel/framework/src/Illuminate/Container/BoundMethod.php(36): Database/Seeders/DatabaseSeeder->run()
#21 C:/Users/Admin/thalaivaa_api/vendor/laravel/framework/src/Illuminate/Container/Util.php(43): Illuminate/Container/BoundMethod::{closure:Illuminate/Container/BoundMethod::call():35}()
#22 C:/Users/Admin/thalaivaa_api/vendor/laravel/framework/src/Illuminate/Container/BoundMethod.php(95): Illuminate/Container/Util::unwrapIfClosure()
#23 C:/Users/Admin/thalaivaa_api/vendor/laravel/framework/src/Illuminate/Container/BoundMethod.php(35): Illuminate/Container/BoundMethod::callBoundMethod()
#24 C:/Users/Admin/thalaivaa_api/vendor/laravel/framework/src/Illuminate/Container/Container.php(696): Illuminate/Container/BoundMethod::call()
#25 C:/Users/Admin/thalaivaa_api/vendor/laravel/framework/src/Illuminate/Database/Seeder.php(188): Illuminate/Container/Container->call()
#26 C:/Users/Admin/thalaivaa_api/vendor/laravel/framework/src/Illuminate/Database/Seeder.php(197): Illuminate/Database/Seeder->{closure:Illuminate/Database/Seeder::__invoke():187}()
#27 C:/Users/Admin/thalaivaa_api/vendor/laravel/framework/src/Illuminate/Database/Console/Seeds/SeedCommand.php(70): Illuminate/Database/Seeder->__invoke()
#28 C:/Users/Admin/thalaivaa_api/vendor/laravel/framework/src/Illuminate/Database/Eloquent/Concerns/GuardsAttributes.php(155): Illuminate/Database/Console/Seeds/SeedCommand->{closure:Illuminate/Database/Console/Seeds/SeedCommand::handle():69}()
#29 C:/Users/Admin/thalaivaa_api/vendor/laravel/framework/src/Illuminate/Database/Console/Seeds/SeedCommand.php(69): Illuminate/Database/Eloquent/Model::unguarded()
#30 C:/Users/Admin/thalaivaa_api/vendor/laravel/framework/src/Illuminate/Container/BoundMethod.php(36): Illuminate/Database/Console/Seeds/SeedCommand->handle()
#31 C:/Users/Admin/thalaivaa_api/vendor/laravel/framework/src/Illuminate/Container/Util.php(43): Illuminate/Container/BoundMethod::{closure:Illuminate/Container/BoundMethod::call():35}()
#32 C:/Users/Admin/thalaivaa_api/vendor/laravel/framework/src/Illuminate/Container/BoundMethod.php(95): Illuminate/Container/Util::unwrapIfClosure()
#33 C:/Users/Admin/thalaivaa_api/vendor/laravel/framework/src/Illuminate/Container/BoundMethod.php(35): Illuminate/Container/BoundMethod::callBoundMethod()
#34 C:/Users/Admin/thalaivaa_api/vendor/laravel/framework/src/Illuminate/Container/Container.php(696): Illuminate/Container/BoundMethod::call()
#35 C:/Users/Admin/thalaivaa_api/vendor/laravel/framework/src/Illuminate/Console/Command.php(213): Illuminate/Container/Container->call()
#36 C:/Users/Admin/thalaivaa_api/vendor/symfony/console/Command/Command.php(341): Illuminate/Console/Command->execute()
#37 C:/Users/Admin/thalaivaa_api/vendor/laravel/framework/src/Illuminate/Console/Command.php(182): Symfony/Component/Console/Command/Command->run()
#38 C:/Users/Admin/thalaivaa_api/vendor/symfony/console/Application.php(1117): Illuminate/Console/Command->run()
#39 C:/Users/Admin/thalaivaa_api/vendor/symfony/console/Application.php(356): Symfony/Component/Console/Application->doRunCommand()
#40 C:/Users/Admin/thalaivaa_api/vendor/symfony/console/Application.php(195): Symfony/Component/Console/Application->doRun()
#41 C:/Users/Admin/thalaivaa_api/vendor/laravel/framework/src/Illuminate/Foundation/Console/Kernel.php(198): Symfony/Component/Console/Application->run()
#42 C:/Users/Admin/thalaivaa_api/vendor/laravel/framework/src/Illuminate/Foundation/Application.php(1235): Illuminate/Foundation/Console/Kernel->handle()
#43 C:/Users/Admin/thalaivaa_api/artisan(18): Illuminate/Foundation/Application->handleCommand()
#44 {main}
"} 
[2026-09-12 16:39:59] local.ERROR: SQLSTATE[HY000]: General error: 1 table coupons has no column named discount_type (Connection: sqlite, SQL: insert into "coupons" ("code", "branch_id", "discount_type", "discount_value", "min_order_value", "valid_from", "valid_to", "max_uses", "used_count", "is_active", "id", "updated_at", "created_at") values (THALAIVAA50, a2ba52b6-f9db-4334-9d5f-894d6ee9f384, fixed, 50, 20000, 2026-09-11 16:39:59, 2027-03-12 16:39:59, 5000, 12, 1, a2ba52fd-fbb2-4691-8b20-b0cf394ee3f2, 2026-09-12 16:39:59, 2026-09-12 16:39:59)) {"exception":"[object] (Illuminate\\Database\\QueryException(code: HY000): SQLSTATE[HY000]: General error: 1 table coupons has no column named discount_type (Connection: sqlite, SQL: insert into \"coupons\" (\"code\", \"branch_id\", \"discount_type\", \"discount_value\", \"min_order_value\", \"valid_from\", \"valid_to\", \"max_uses\", \"used_count\", \"is_active\", \"id\", \"updated_at\", \"created_at\") values (THALAIVAA50, a2ba52b6-f9db-4334-9d5f-894d6ee9f384, fixed, 50, 20000, 2026-09-11 16:39:59, 2027-03-12 16:39:59, 5000, 12, 1, a2ba52fd-fbb2-4691-8b20-b0cf394ee3f2, 2026-09-12 16:39:59, 2026-09-12 16:39:59)) at C:/Users/Admin/thalaivaa_api/vendor/laravel/framework/src/Illuminate/Database/Connection.php:825)
[stacktrace]
#0 C:/Users/Admin/thalaivaa_api/vendor/laravel/framework/src/Illuminate/Database/Connection.php(779): Illuminate/Database/Connection->runQueryCallback()
#1 C:/Users/Admin/thalaivaa_api/vendor/laravel/framework/src/Illuminate/Database/Connection.php(560): Illuminate/Database/Connection->run()
#2 C:/Users/Admin/thalaivaa_api/vendor/laravel/framework/src/Illuminate/Database/Connection.php(524): Illuminate/Database/Connection->statement()
#3 C:/Users/Admin/thalaivaa_api/vendor/laravel/framework/src/Illuminate/Database/Query/Builder.php(3717): Illuminate/Database/Connection->insert()
#4 C:/Users/Admin/thalaivaa_api/vendor/laravel/framework/src/Illuminate/Database/Eloquent/Builder.php(2120): Illuminate/Database/Query/Builder->insert()
#5 C:/Users/Admin/thalaivaa_api/vendor/laravel/framework/src/Illuminate/Database/Eloquent/Model.php(1335): Illuminate/Database/Eloquent/Builder->__call()
#6 C:/Users/Admin/thalaivaa_api/vendor/laravel/framework/src/Illuminate/Database/Eloquent/Model.php(1163): Illuminate/Database/Eloquent/Model->performInsert()
#7 C:/Users/Admin/thalaivaa_api/vendor/laravel/framework/src/Illuminate/Database/Eloquent/Builder.php(1128): Illuminate/Database/Eloquent/Model->save()
#8 C:/Users/Admin/thalaivaa_api/vendor/laravel/framework/src/Illuminate/Support/helpers.php(399): Illuminate/Database/Eloquent/Builder->{closure:Illuminate/Database/Eloquent/Builder::create():1127}()
#9 C:/Users/Admin/thalaivaa_api/vendor/laravel/framework/src/Illuminate/Database/Eloquent/Builder.php(1127): tap()
#10 C:/Users/Admin/thalaivaa_api/vendor/laravel/framework/src/Illuminate/Database/Eloquent/Builder.php(634): Illuminate/Database/Eloquent/Builder->create()
#11 C:/Users/Admin/thalaivaa_api/vendor/laravel/framework/src/Illuminate/Database/Eloquent/Builder.php(1864): Illuminate/Database/Eloquent/Builder->{closure:Illuminate/Database/Eloquent/Builder::createOrFirst():634}()
#12 C:/Users/Admin/thalaivaa_api/vendor/laravel/framework/src/Illuminate/Database/Eloquent/Builder.php(634): Illuminate/Database/Eloquent/Builder->withSavepointIfNeeded()
#13 C:/Users/Admin/thalaivaa_api/vendor/laravel/framework/src/Illuminate/Database/Eloquent/Builder.php(621): Illuminate/Database/Eloquent/Builder->createOrFirst()
#14 C:/Users/Admin/thalaivaa_api/vendor/laravel/framework/src/Illuminate/Support/Traits/ForwardsCalls.php(23): Illuminate/Database/Eloquent/Builder->firstOrCreate()
#15 C:/Users/Admin/thalaivaa_api/vendor/laravel/framework/src/Illuminate/Database/Eloquent/Model.php(2372): Illuminate/Database/Eloquent/Model->forwardCallTo()
#16 C:/Users/Admin/thalaivaa_api/vendor/laravel/framework/src/Illuminate/Database/Eloquent/Model.php(2384): Illuminate/Database/Eloquent/Model->__call()
#17 C:/Users/Admin/thalaivaa_api/database/seeders/DatabaseSeeder.php(136): Illuminate/Database/Eloquent/Model::__callStatic()
#18 C:/Users/Admin/thalaivaa_api/vendor/laravel/framework/src/Illuminate/Container/BoundMethod.php(36): Database/Seeders/DatabaseSeeder->run()
#19 C:/Users/Admin/thalaivaa_api/vendor/laravel/framework/src/Illuminate/Container/Util.php(43): Illuminate/Container/BoundMethod::{closure:Illuminate/Container/BoundMethod::call():35}()
#20 C:/Users/Admin/thalaivaa_api/vendor/laravel/framework/src/Illuminate/Container/BoundMethod.php(95): Illuminate/Container/Util::unwrapIfClosure()
#21 C:/Users/Admin/thalaivaa_api/vendor/laravel/framework/src/Illuminate/Container/BoundMethod.php(35): Illuminate/Container/BoundMethod::callBoundMethod()
#22 C:/Users/Admin/thalaivaa_api/vendor/laravel/framework/src/Illuminate/Container/Container.php(696): Illuminate/Container/BoundMethod::call()
#23 C:/Users/Admin/thalaivaa_api/vendor/laravel/framework/src/Illuminate/Database/Seeder.php(188): Illuminate/Container/Container->call()
#24 C:/Users/Admin/thalaivaa_api/vendor/laravel/framework/src/Illuminate/Database/Seeder.php(197): Illuminate/Database/Seeder->{closure:Illuminate/Database/Seeder::__invoke():187}()
#25 C:/Users/Admin/thalaivaa_api/vendor/laravel/framework/src/Illuminate/Database/Console/Seeds/SeedCommand.php(70): Illuminate/Database/Seeder->__invoke()
#26 C:/Users/Admin/thalaivaa_api/vendor/laravel/framework/src/Illuminate/Database/Eloquent/Concerns/GuardsAttributes.php(155): Illuminate/Database/Console/Seeds/SeedCommand->{closure:Illuminate/Database/Console/Seeds/SeedCommand::handle():69}()
#27 C:/Users/Admin/thalaivaa_api/vendor/laravel/framework/src/Illuminate/Database/Console/Seeds/SeedCommand.php(69): Illuminate/Database/Eloquent/Model::unguarded()
#28 C:/Users/Admin/thalaivaa_api/vendor/laravel/framework/src/Illuminate/Container/BoundMethod.php(36): Illuminate/Database/Console/Seeds/SeedCommand->handle()
#29 C:/Users/Admin/thalaivaa_api/vendor/laravel/framework/src/Illuminate/Container/Util.php(43): Illuminate/Container/BoundMethod::{closure:Illuminate/Container/BoundMethod::call():35}()
#30 C:/Users/Admin/thalaivaa_api/vendor/laravel/framework/src/Illuminate/Container/BoundMethod.php(95): Illuminate/Container/Util::unwrapIfClosure()
#31 C:/Users/Admin/thalaivaa_api/vendor/laravel/framework/src/Illuminate/Container/BoundMethod.php(35): Illuminate/Container/BoundMethod::callBoundMethod()
#32 C:/Users/Admin/thalaivaa_api/vendor/laravel/framework/src/Illuminate/Container/Container.php(696): Illuminate/Container/BoundMethod::call()
#33 C:/Users/Admin/thalaivaa_api/vendor/laravel/framework/src/Illuminate/Console/Command.php(213): Illuminate/Container/Container->call()
#34 C:/Users/Admin/thalaivaa_api/vendor/symfony/console/Command/Command.php(341): Illuminate/Console/Command->execute()
#35 C:/Users/Admin/thalaivaa_api/vendor/laravel/framework/src/Illuminate/Console/Command.php(182): Symfony/Component/Console/Command/Command->run()
#36 C:/Users/Admin/thalaivaa_api/vendor/symfony/console/Application.php(1117): Illuminate/Console/Command->run()
#37 C:/Users/Admin/thalaivaa_api/vendor/symfony/console/Application.php(356): Symfony/Component/Console/Application->doRunCommand()
#38 C:/Users/Admin/thalaivaa_api/vendor/symfony/console/Application.php(195): Symfony/Component/Console/Application->doRun()
#39 C:/Users/Admin/thalaivaa_api/vendor/laravel/framework/src/Illuminate/Foundation/Console/Kernel.php(198): Symfony/Component/Console/Application->run()
#40 C:/Users/Admin/thalaivaa_api/vendor/laravel/framework/src/Illuminate/Foundation/Application.php(1235): Illuminate/Foundation/Console/Kernel->handle()
#41 C:/Users/Admin/thalaivaa_api/artisan(18): Illuminate/Foundation/Application->handleCommand()
#42 {main}

[previous exception] [object] (PDOException(code: HY000): SQLSTATE[HY000]: General error: 1 table coupons has no column named discount_type at C:/Users/Admin/thalaivaa_api/vendor/laravel/framework/src/Illuminate/Database/Connection.php:565)
[stacktrace]
#0 C:/Users/Admin/thalaivaa_api/vendor/laravel/framework/src/Illuminate/Database/Connection.php(565): PDO->prepare()
#1 C:/Users/Admin/thalaivaa_api/vendor/laravel/framework/src/Illuminate/Database/Connection.php(812): Illuminate/Database/Connection->{closure:Illuminate/Database/Connection::statement():560}()
#2 C:/Users/Admin/thalaivaa_api/vendor/laravel/framework/src/Illuminate/Database/Connection.php(779): Illuminate/Database/Connection->runQueryCallback()
#3 C:/Users/Admin/thalaivaa_api/vendor/laravel/framework/src/Illuminate/Database/Connection.php(560): Illuminate/Database/Connection->run()
#4 C:/Users/Admin/thalaivaa_api/vendor/laravel/framework/src/Illuminate/Database/Connection.php(524): Illuminate/Database/Connection->statement()
#5 C:/Users/Admin/thalaivaa_api/vendor/laravel/framework/src/Illuminate/Database/Query/Builder.php(3717): Illuminate/Database/Connection->insert()
#6 C:/Users/Admin/thalaivaa_api/vendor/laravel/framework/src/Illuminate/Database/Eloquent/Builder.php(2120): Illuminate/Database/Query/Builder->insert()
#7 C:/Users/Admin/thalaivaa_api/vendor/laravel/framework/src/Illuminate/Database/Eloquent/Model.php(1335): Illuminate/Database/Eloquent/Builder->__call()
#8 C:/Users/Admin/thalaivaa_api/vendor/laravel/framework/src/Illuminate/Database/Eloquent/Model.php(1163): Illuminate/Database/Eloquent/Model->performInsert()
#9 C:/Users/Admin/thalaivaa_api/vendor/laravel/framework/src/Illuminate/Database/Eloquent/Builder.php(1128): Illuminate/Database/Eloquent/Model->save()
#10 C:/Users/Admin/thalaivaa_api/vendor/laravel/framework/src/Illuminate/Support/helpers.php(399): Illuminate/Database/Eloquent/Builder->{closure:Illuminate/Database/Eloquent/Builder::create():1127}()
#11 C:/Users/Admin/thalaivaa_api/vendor/laravel/framework/src/Illuminate/Database/Eloquent/Builder.php(1127): tap()
#12 C:/Users/Admin/thalaivaa_api/vendor/laravel/framework/src/Illuminate/Database/Eloquent/Builder.php(634): Illuminate/Database/Eloquent/Builder->create()
#13 C:/Users/Admin/thalaivaa_api/vendor/laravel/framework/src/Illuminate/Database/Eloquent/Builder.php(1864): Illuminate/Database/Eloquent/Builder->{closure:Illuminate/Database/Eloquent/Builder::createOrFirst():634}()
#14 C:/Users/Admin/thalaivaa_api/vendor/laravel/framework/src/Illuminate/Database/Eloquent/Builder.php(634): Illuminate/Database/Eloquent/Builder->withSavepointIfNeeded()
#15 C:/Users/Admin/thalaivaa_api/vendor/laravel/framework/src/Illuminate/Database/Eloquent/Builder.php(621): Illuminate/Database/Eloquent/Builder->createOrFirst()
#16 C:/Users/Admin/thalaivaa_api/vendor/laravel/framework/src/Illuminate/Support/Traits/ForwardsCalls.php(23): Illuminate/Database/Eloquent/Builder->firstOrCreate()
#17 C:/Users/Admin/thalaivaa_api/vendor/laravel/framework/src/Illuminate/Database/Eloquent/Model.php(2372): Illuminate/Database/Eloquent/Model->forwardCallTo()
#18 C:/Users/Admin/thalaivaa_api/vendor/laravel/framework/src/Illuminate/Database/Eloquent/Model.php(2384): Illuminate/Database/Eloquent/Model->__call()
#19 C:/Users/Admin/thalaivaa_api/database/seeders/DatabaseSeeder.php(136): Illuminate/Database/Eloquent/Model::__callStatic()
#20 C:/Users/Admin/thalaivaa_api/vendor/laravel/framework/src/Illuminate/Container/BoundMethod.php(36): Database/Seeders/DatabaseSeeder->run()
#21 C:/Users/Admin/thalaivaa_api/vendor/laravel/framework/src/Illuminate/Container/Util.php(43): Illuminate/Container/BoundMethod::{closure:Illuminate/Container/BoundMethod::call():35}()
#22 C:/Users/Admin/thalaivaa_api/vendor/laravel/framework/src/Illuminate/Container/BoundMethod.php(95): Illuminate/Container/Util::unwrapIfClosure()
#23 C:/Users/Admin/thalaivaa_api/vendor/laravel/framework/src/Illuminate/Container/BoundMethod.php(35): Illuminate/Container/BoundMethod::callBoundMethod()
#24 C:/Users/Admin/thalaivaa_api/vendor/laravel/framework/src/Illuminate/Container/Container.php(696): Illuminate/Container/BoundMethod::call()
#25 C:/Users/Admin/thalaivaa_api/vendor/laravel/framework/src/Illuminate/Database/Seeder.php(188): Illuminate/Container/Container->call()
#26 C:/Users/Admin/thalaivaa_api/vendor/laravel/framework/src/Illuminate/Database/Seeder.php(197): Illuminate/Database/Seeder->{closure:Illuminate/Database/Seeder::__invoke():187}()
#27 C:/Users/Admin/thalaivaa_api/vendor/laravel/framework/src/Illuminate/Database/Console/Seeds/SeedCommand.php(70): Illuminate/Database/Seeder->__invoke()
#28 C:/Users/Admin/thalaivaa_api/vendor/laravel/framework/src/Illuminate/Database/Eloquent/Concerns/GuardsAttributes.php(155): Illuminate/Database/Console/Seeds/SeedCommand->{closure:Illuminate/Database/Console/Seeds/SeedCommand::handle():69}()
#29 C:/Users/Admin/thalaivaa_api/vendor/laravel/framework/src/Illuminate/Database/Console/Seeds/SeedCommand.php(69): Illuminate/Database/Eloquent/Model::unguarded()
#30 C:/Users/Admin/thalaivaa_api/vendor/laravel/framework/src/Illuminate/Container/BoundMethod.php(36): Illuminate/Database/Console/Seeds/SeedCommand->handle()
#31 C:/Users/Admin/thalaivaa_api/vendor/laravel/framework/src/Illuminate/Container/Util.php(43): Illuminate/Container/BoundMethod::{closure:Illuminate/Container/BoundMethod::call():35}()
#32 C:/Users/Admin/thalaivaa_api/vendor/laravel/framework/src/Illuminate/Container/BoundMethod.php(95): Illuminate/Container/Util::unwrapIfClosure()
#33 C:/Users/Admin/thalaivaa_api/vendor/laravel/framework/src/Illuminate/Container/BoundMethod.php(35): Illuminate/Container/BoundMethod::callBoundMethod()
#34 C:/Users/Admin/thalaivaa_api/vendor/laravel/framework/src/Illuminate/Container/Container.php(696): Illuminate/Container/BoundMethod::call()
#35 C:/Users/Admin/thalaivaa_api/vendor/laravel/framework/src/Illuminate/Console/Command.php(213): Illuminate/Container/Container->call()
#36 C:/Users/Admin/thalaivaa_api/vendor/symfony/console/Command/Command.php(341): Illuminate/Console/Command->execute()
#37 C:/Users/Admin/thalaivaa_api/vendor/laravel/framework/src/Illuminate/Console/Command.php(182): Symfony/Component/Console/Command/Command->run()
#38 C:/Users/Admin/thalaivaa_api/vendor/symfony/console/Application.php(1117): Illuminate/Console/Command->run()
#39 C:/Users/Admin/thalaivaa_api/vendor/symfony/console/Application.php(356): Symfony/Component/Console/Application->doRunCommand()
#40 C:/Users/Admin/thalaivaa_api/vendor/symfony/console/Application.php(195): Symfony/Component/Console/Application->doRun()
#41 C:/Users/Admin/thalaivaa_api/vendor/laravel/framework/src/Illuminate/Foundation/Console/Kernel.php(198): Symfony/Component/Console/Application->run()
#42 C:/Users/Admin/thalaivaa_api/vendor/laravel/framework/src/Illuminate/Foundation/Application.php(1235): Illuminate/Foundation/Console/Kernel->handle()
#43 C:/Users/Admin/thalaivaa_api/artisan(18): Illuminate/Foundation/Application->handleCommand()
#44 {main}
"} 
[2026-09-12 16:40:26] local.ERROR: SQLSTATE[23000]: Integrity constraint violation: 19 UNIQUE constraint failed: coupons.code (Connection: sqlite, SQL: insert into "coupons" ("code", "branch_id", "type", "value", "valid_from", "valid_to", "max_uses", "used_count", "is_active", "id", "updated_at", "created_at") values (THALAIVAA50, a2ba52b7-0bec-432a-acd9-e3feed208916, fixed, 50, 2026-09-11 16:40:26, 2027-03-12 16:40:26, 5000, 12, 1, a2ba5325-ed16-4bac-9d41-ca632dda5e5d, 2026-09-12 16:40:26, 2026-09-12 16:40:26)) {"exception":"[object] (Illuminate\\Database\\UniqueConstraintViolationException(code: 23000): SQLSTATE[23000]: Integrity constraint violation: 19 UNIQUE constraint failed: coupons.code (Connection: sqlite, SQL: insert into \"coupons\" (\"code\", \"branch_id\", \"type\", \"value\", \"valid_from\", \"valid_to\", \"max_uses\", \"used_count\", \"is_active\", \"id\", \"updated_at\", \"created_at\") values (THALAIVAA50, a2ba52b7-0bec-432a-acd9-e3feed208916, fixed, 50, 2026-09-11 16:40:26, 2027-03-12 16:40:26, 5000, 12, 1, a2ba5325-ed16-4bac-9d41-ca632dda5e5d, 2026-09-12 16:40:26, 2026-09-12 16:40:26)) at C:/Users/Admin/thalaivaa_api/vendor/laravel/framework/src/Illuminate/Database/Connection.php:820)
[stacktrace]
#0 C:/Users/Admin/thalaivaa_api/vendor/laravel/framework/src/Illuminate/Database/Connection.php(779): Illuminate/Database/Connection->runQueryCallback()
#1 C:/Users/Admin/thalaivaa_api/vendor/laravel/framework/src/Illuminate/Database/Connection.php(560): Illuminate/Database/Connection->run()
#2 C:/Users/Admin/thalaivaa_api/vendor/laravel/framework/src/Illuminate/Database/Connection.php(524): Illuminate/Database/Connection->statement()
#3 C:/Users/Admin/thalaivaa_api/vendor/laravel/framework/src/Illuminate/Database/Query/Builder.php(3717): Illuminate/Database/Connection->insert()
#4 C:/Users/Admin/thalaivaa_api/vendor/laravel/framework/src/Illuminate/Database/Eloquent/Builder.php(2120): Illuminate/Database/Query/Builder->insert()
#5 C:/Users/Admin/thalaivaa_api/vendor/laravel/framework/src/Illuminate/Database/Eloquent/Model.php(1335): Illuminate/Database/Eloquent/Builder->__call()
#6 C:/Users/Admin/thalaivaa_api/vendor/laravel/framework/src/Illuminate/Database/Eloquent/Model.php(1163): Illuminate/Database/Eloquent/Model->performInsert()
#7 C:/Users/Admin/thalaivaa_api/vendor/laravel/framework/src/Illuminate/Database/Eloquent/Builder.php(1128): Illuminate/Database/Eloquent/Model->save()
#8 C:/Users/Admin/thalaivaa_api/vendor/laravel/framework/src/Illuminate/Support/helpers.php(399): Illuminate/Database/Eloquent/Builder->{closure:Illuminate/Database/Eloquent/Builder::create():1127}()
#9 C:/Users/Admin/thalaivaa_api/vendor/laravel/framework/src/Illuminate/Database/Eloquent/Builder.php(1127): tap()
#10 C:/Users/Admin/thalaivaa_api/vendor/laravel/framework/src/Illuminate/Database/Eloquent/Builder.php(634): Illuminate/Database/Eloquent/Builder->create()
#11 C:/Users/Admin/thalaivaa_api/vendor/laravel/framework/src/Illuminate/Database/Eloquent/Builder.php(1864): Illuminate/Database/Eloquent/Builder->{closure:Illuminate/Database/Eloquent/Builder::createOrFirst():634}()
#12 C:/Users/Admin/thalaivaa_api/vendor/laravel/framework/src/Illuminate/Database/Eloquent/Builder.php(634): Illuminate/Database/Eloquent/Builder->withSavepointIfNeeded()
#13 C:/Users/Admin/thalaivaa_api/vendor/laravel/framework/src/Illuminate/Database/Eloquent/Builder.php(621): Illuminate/Database/Eloquent/Builder->createOrFirst()
#14 C:/Users/Admin/thalaivaa_api/vendor/laravel/framework/src/Illuminate/Support/Traits/ForwardsCalls.php(23): Illuminate/Database/Eloquent/Builder->firstOrCreate()
#15 C:/Users/Admin/thalaivaa_api/vendor/laravel/framework/src/Illuminate/Database/Eloquent/Model.php(2372): Illuminate/Database/Eloquent/Model->forwardCallTo()
#16 C:/Users/Admin/thalaivaa_api/vendor/laravel/framework/src/Illuminate/Database/Eloquent/Model.php(2384): Illuminate/Database/Eloquent/Model->__call()
#17 C:/Users/Admin/thalaivaa_api/database/seeders/DatabaseSeeder.php(136): Illuminate/Database/Eloquent/Model::__callStatic()
#18 C:/Users/Admin/thalaivaa_api/vendor/laravel/framework/src/Illuminate/Container/BoundMethod.php(36): Database/Seeders/DatabaseSeeder->run()
#19 C:/Users/Admin/thalaivaa_api/vendor/laravel/framework/src/Illuminate/Container/Util.php(43): Illuminate/Container/BoundMethod::{closure:Illuminate/Container/BoundMethod::call():35}()
#20 C:/Users/Admin/thalaivaa_api/vendor/laravel/framework/src/Illuminate/Container/BoundMethod.php(95): Illuminate/Container/Util::unwrapIfClosure()
#21 C:/Users/Admin/thalaivaa_api/vendor/laravel/framework/src/Illuminate/Container/BoundMethod.php(35): Illuminate/Container/BoundMethod::callBoundMethod()
#22 C:/Users/Admin/thalaivaa_api/vendor/laravel/framework/src/Illuminate/Container/Container.php(696): Illuminate/Container/BoundMethod::call()
#23 C:/Users/Admin/thalaivaa_api/vendor/laravel/framework/src/Illuminate/Database/Seeder.php(188): Illuminate/Container/Container->call()
#24 C:/Users/Admin/thalaivaa_api/vendor/laravel/framework/src/Illuminate/Database/Seeder.php(197): Illuminate/Database/Seeder->{closure:Illuminate/Database/Seeder::__invoke():187}()
#25 C:/Users/Admin/thalaivaa_api/vendor/laravel/framework/src/Illuminate/Database/Console/Seeds/SeedCommand.php(70): Illuminate/Database/Seeder->__invoke()
#26 C:/Users/Admin/thalaivaa_api/vendor/laravel/framework/src/Illuminate/Database/Eloquent/Concerns/GuardsAttributes.php(155): Illuminate/Database/Console/Seeds/SeedCommand->{closure:Illuminate/Database/Console/Seeds/SeedCommand::handle():69}()
#27 C:/Users/Admin/thalaivaa_api/vendor/laravel/framework/src/Illuminate/Database/Console/Seeds/SeedCommand.php(69): Illuminate/Database/Eloquent/Model::unguarded()
#28 C:/Users/Admin/thalaivaa_api/vendor/laravel/framework/src/Illuminate/Container/BoundMethod.php(36): Illuminate/Database/Console/Seeds/SeedCommand->handle()
#29 C:/Users/Admin/thalaivaa_api/vendor/laravel/framework/src/Illuminate/Container/Util.php(43): Illuminate/Container/BoundMethod::{closure:Illuminate/Container/BoundMethod::call():35}()
#30 C:/Users/Admin/thalaivaa_api/vendor/laravel/framework/src/Illuminate/Container/BoundMethod.php(95): Illuminate/Container/Util::unwrapIfClosure()
#31 C:/Users/Admin/thalaivaa_api/vendor/laravel/framework/src/Illuminate/Container/BoundMethod.php(35): Illuminate/Container/BoundMethod::callBoundMethod()
#32 C:/Users/Admin/thalaivaa_api/vendor/laravel/framework/src/Illuminate/Container/Container.php(696): Illuminate/Container/BoundMethod::call()
#33 C:/Users/Admin/thalaivaa_api/vendor/laravel/framework/src/Illuminate/Console/Command.php(213): Illuminate/Container/Container->call()
#34 C:/Users/Admin/thalaivaa_api/vendor/symfony/console/Command/Command.php(341): Illuminate/Console/Command->execute()
#35 C:/Users/Admin/thalaivaa_api/vendor/laravel/framework/src/Illuminate/Console/Command.php(182): Symfony/Component/Console/Command/Command->run()
#36 C:/Users/Admin/thalaivaa_api/vendor/symfony/console/Application.php(1117): Illuminate/Console/Command->run()
#37 C:/Users/Admin/thalaivaa_api/vendor/symfony/console/Application.php(356): Symfony/Component/Console/Application->doRunCommand()
#38 C:/Users/Admin/thalaivaa_api/vendor/symfony/console/Application.php(195): Symfony/Component/Console/Application->doRun()
#39 C:/Users/Admin/thalaivaa_api/vendor/laravel/framework/src/Illuminate/Foundation/Console/Kernel.php(198): Symfony/Component/Console/Application->run()
#40 C:/Users/Admin/thalaivaa_api/vendor/laravel/framework/src/Illuminate/Foundation/Application.php(1235): Illuminate/Foundation/Console/Kernel->handle()
#41 C:/Users/Admin/thalaivaa_api/artisan(18): Illuminate/Foundation/Application->handleCommand()
#42 {main}

[previous exception] [object] (PDOException(code: 23000): SQLSTATE[23000]: Integrity constraint violation: 19 UNIQUE constraint failed: coupons.code at C:/Users/Admin/thalaivaa_api/vendor/laravel/framework/src/Illuminate/Database/Connection.php:571)
[stacktrace]
#0 C:/Users/Admin/thalaivaa_api/vendor/laravel/framework/src/Illuminate/Database/Connection.php(571): PDOStatement->execute()
#1 C:/Users/Admin/thalaivaa_api/vendor/laravel/framework/src/Illuminate/Database/Connection.php(812): Illuminate/Database/Connection->{closure:Illuminate/Database/Connection::statement():560}()
#2 C:/Users/Admin/thalaivaa_api/vendor/laravel/framework/src/Illuminate/Database/Connection.php(779): Illuminate/Database/Connection->runQueryCallback()
#3 C:/Users/Admin/thalaivaa_api/vendor/laravel/framework/src/Illuminate/Database/Connection.php(560): Illuminate/Database/Connection->run()
#4 C:/Users/Admin/thalaivaa_api/vendor/laravel/framework/src/Illuminate/Database/Connection.php(524): Illuminate/Database/Connection->statement()
#5 C:/Users/Admin/thalaivaa_api/vendor/laravel/framework/src/Illuminate/Database/Query/Builder.php(3717): Illuminate/Database/Connection->insert()
#6 C:/Users/Admin/thalaivaa_api/vendor/laravel/framework/src/Illuminate/Database/Eloquent/Builder.php(2120): Illuminate/Database/Query/Builder->insert()
#7 C:/Users/Admin/thalaivaa_api/vendor/laravel/framework/src/Illuminate/Database/Eloquent/Model.php(1335): Illuminate/Database/Eloquent/Builder->__call()
#8 C:/Users/Admin/thalaivaa_api/vendor/laravel/framework/src/Illuminate/Database/Eloquent/Model.php(1163): Illuminate/Database/Eloquent/Model->performInsert()
#9 C:/Users/Admin/thalaivaa_api/vendor/laravel/framework/src/Illuminate/Database/Eloquent/Builder.php(1128): Illuminate/Database/Eloquent/Model->save()
#10 C:/Users/Admin/thalaivaa_api/vendor/laravel/framework/src/Illuminate/Support/helpers.php(399): Illuminate/Database/Eloquent/Builder->{closure:Illuminate/Database/Eloquent/Builder::create():1127}()
#11 C:/Users/Admin/thalaivaa_api/vendor/laravel/framework/src/Illuminate/Database/Eloquent/Builder.php(1127): tap()
#12 C:/Users/Admin/thalaivaa_api/vendor/laravel/framework/src/Illuminate/Database/Eloquent/Builder.php(634): Illuminate/Database/Eloquent/Builder->create()
#13 C:/Users/Admin/thalaivaa_api/vendor/laravel/framework/src/Illuminate/Database/Eloquent/Builder.php(1864): Illuminate/Database/Eloquent/Builder->{closure:Illuminate/Database/Eloquent/Builder::createOrFirst():634}()
#14 C:/Users/Admin/thalaivaa_api/vendor/laravel/framework/src/Illuminate/Database/Eloquent/Builder.php(634): Illuminate/Database/Eloquent/Builder->withSavepointIfNeeded()
#15 C:/Users/Admin/thalaivaa_api/vendor/laravel/framework/src/Illuminate/Database/Eloquent/Builder.php(621): Illuminate/Database/Eloquent/Builder->createOrFirst()
#16 C:/Users/Admin/thalaivaa_api/vendor/laravel/framework/src/Illuminate/Support/Traits/ForwardsCalls.php(23): Illuminate/Database/Eloquent/Builder->firstOrCreate()
#17 C:/Users/Admin/thalaivaa_api/vendor/laravel/framework/src/Illuminate/Database/Eloquent/Model.php(2372): Illuminate/Database/Eloquent/Model->forwardCallTo()
#18 C:/Users/Admin/thalaivaa_api/vendor/laravel/framework/src/Illuminate/Database/Eloquent/Model.php(2384): Illuminate/Database/Eloquent/Model->__call()
#19 C:/Users/Admin/thalaivaa_api/database/seeders/DatabaseSeeder.php(136): Illuminate/Database/Eloquent/Model::__callStatic()
#20 C:/Users/Admin/thalaivaa_api/vendor/laravel/framework/src/Illuminate/Container/BoundMethod.php(36): Database/Seeders/DatabaseSeeder->run()
#21 C:/Users/Admin/thalaivaa_api/vendor/laravel/framework/src/Illuminate/Container/Util.php(43): Illuminate/Container/BoundMethod::{closure:Illuminate/Container/BoundMethod::call():35}()
#22 C:/Users/Admin/thalaivaa_api/vendor/laravel/framework/src/Illuminate/Container/BoundMethod.php(95): Illuminate/Container/Util::unwrapIfClosure()
#23 C:/Users/Admin/thalaivaa_api/vendor/laravel/framework/src/Illuminate/Container/BoundMethod.php(35): Illuminate/Container/BoundMethod::callBoundMethod()
#24 C:/Users/Admin/thalaivaa_api/vendor/laravel/framework/src/Illuminate/Container/Container.php(696): Illuminate/Container/BoundMethod::call()
#25 C:/Users/Admin/thalaivaa_api/vendor/laravel/framework/src/Illuminate/Database/Seeder.php(188): Illuminate/Container/Container->call()
#26 C:/Users/Admin/thalaivaa_api/vendor/laravel/framework/src/Illuminate/Database/Seeder.php(197): Illuminate/Database/Seeder->{closure:Illuminate/Database/Seeder::__invoke():187}()
#27 C:/Users/Admin/thalaivaa_api/vendor/laravel/framework/src/Illuminate/Database/Console/Seeds/SeedCommand.php(70): Illuminate/Database/Seeder->__invoke()
#28 C:/Users/Admin/thalaivaa_api/vendor/laravel/framework/src/Illuminate/Database/Eloquent/Concerns/GuardsAttributes.php(155): Illuminate/Database/Console/Seeds/SeedCommand->{closure:Illuminate/Database/Console/Seeds/SeedCommand::handle():69}()
#29 C:/Users/Admin/thalaivaa_api/vendor/laravel/framework/src/Illuminate/Database/Console/Seeds/SeedCommand.php(69): Illuminate/Database/Eloquent/Model::unguarded()
#30 C:/Users/Admin/thalaivaa_api/vendor/laravel/framework/src/Illuminate/Container/BoundMethod.php(36): Illuminate/Database/Console/Seeds/SeedCommand->handle()
#31 C:/Users/Admin/thalaivaa_api/vendor/laravel/framework/src/Illuminate/Container/Util.php(43): Illuminate/Container/BoundMethod::{closure:Illuminate/Container/BoundMethod::call():35}()
#32 C:/Users/Admin/thalaivaa_api/vendor/laravel/framework/src/Illuminate/Container/BoundMethod.php(95): Illuminate/Container/Util::unwrapIfClosure()
#33 C:/Users/Admin/thalaivaa_api/vendor/laravel/framework/src/Illuminate/Container/BoundMethod.php(35): Illuminate/Container/BoundMethod::callBoundMethod()
#34 C:/Users/Admin/thalaivaa_api/vendor/laravel/framework/src/Illuminate/Container/Container.php(696): Illuminate/Container/BoundMethod::call()
#35 C:/Users/Admin/thalaivaa_api/vendor/laravel/framework/src/Illuminate/Console/Command.php(213): Illuminate/Container/Container->call()
#36 C:/Users/Admin/thalaivaa_api/vendor/symfony/console/Command/Command.php(341): Illuminate/Console/Command->execute()
#37 C:/Users/Admin/thalaivaa_api/vendor/laravel/framework/src/Illuminate/Console/Command.php(182): Symfony/Component/Console/Command/Command->run()
#38 C:/Users/Admin/thalaivaa_api/vendor/symfony/console/Application.php(1117): Illuminate/Console/Command->run()
#39 C:/Users/Admin/thalaivaa_api/vendor/symfony/console/Application.php(356): Symfony/Component/Console/Application->doRunCommand()
#40 C:/Users/Admin/thalaivaa_api/vendor/symfony/console/Application.php(195): Symfony/Component/Console/Application->doRun()
#41 C:/Users/Admin/thalaivaa_api/vendor/laravel/framework/src/Illuminate/Foundation/Console/Kernel.php(198): Symfony/Component/Console/Application->run()
#42 C:/Users/Admin/thalaivaa_api/vendor/laravel/framework/src/Illuminate/Foundation/Application.php(1235): Illuminate/Foundation/Console/Kernel->handle()
#43 C:/Users/Admin/thalaivaa_api/artisan(18): Illuminate/Foundation/Application->handleCommand()
#44 {main}
"} 
[2026-09-12 16:40:37] local.ERROR: SQLSTATE[HY000]: General error: 1 table categories has no column named display_order (Connection: sqlite, SQL: insert into "categories" ("branch_id", "slug", "name", "is_active", "display_order", "id", "updated_at", "created_at") values (a2ba5337-51ff-429f-9fd2-91c5b1d6eb8b, morning-tiffin-thalaivaa-city-light, Morning Tiffin & Tiffin, 1, 1, a2ba5337-e0e0-4765-b229-fe14db402b09, 2026-09-12 16:40:37, 2026-09-12 16:40:37)) {"exception":"[object] (Illuminate\\Database\\QueryException(code: HY000): SQLSTATE[HY000]: General error: 1 table categories has no column named display_order (Connection: sqlite, SQL: insert into \"categories\" (\"branch_id\", \"slug\", \"name\", \"is_active\", \"display_order\", \"id\", \"updated_at\", \"created_at\") values (a2ba5337-51ff-429f-9fd2-91c5b1d6eb8b, morning-tiffin-thalaivaa-city-light, Morning Tiffin & Tiffin, 1, 1, a2ba5337-e0e0-4765-b229-fe14db402b09, 2026-09-12 16:40:37, 2026-09-12 16:40:37)) at C:/Users/Admin/thalaivaa_api/vendor/laravel/framework/src/Illuminate/Database/Connection.php:825)
[stacktrace]
#0 C:/Users/Admin/thalaivaa_api/vendor/laravel/framework/src/Illuminate/Database/Connection.php(779): Illuminate/Database/Connection->runQueryCallback()
#1 C:/Users/Admin/thalaivaa_api/vendor/laravel/framework/src/Illuminate/Database/Connection.php(560): Illuminate/Database/Connection->run()
#2 C:/Users/Admin/thalaivaa_api/vendor/laravel/framework/src/Illuminate/Database/Connection.php(524): Illuminate/Database/Connection->statement()
#3 C:/Users/Admin/thalaivaa_api/vendor/laravel/framework/src/Illuminate/Database/Query/Builder.php(3717): Illuminate/Database/Connection->insert()
#4 C:/Users/Admin/thalaivaa_api/vendor/laravel/framework/src/Illuminate/Database/Eloquent/Builder.php(2120): Illuminate/Database/Query/Builder->insert()
#5 C:/Users/Admin/thalaivaa_api/vendor/laravel/framework/src/Illuminate/Database/Eloquent/Model.php(1335): Illuminate/Database/Eloquent/Builder->__call()
#6 C:/Users/Admin/thalaivaa_api/vendor/laravel/framework/src/Illuminate/Database/Eloquent/Model.php(1163): Illuminate/Database/Eloquent/Model->performInsert()
#7 C:/Users/Admin/thalaivaa_api/vendor/laravel/framework/src/Illuminate/Database/Eloquent/Builder.php(1128): Illuminate/Database/Eloquent/Model->save()
#8 C:/Users/Admin/thalaivaa_api/vendor/laravel/framework/src/Illuminate/Support/helpers.php(399): Illuminate/Database/Eloquent/Builder->{closure:Illuminate/Database/Eloquent/Builder::create():1127}()
#9 C:/Users/Admin/thalaivaa_api/vendor/laravel/framework/src/Illuminate/Database/Eloquent/Builder.php(1127): tap()
#10 C:/Users/Admin/thalaivaa_api/vendor/laravel/framework/src/Illuminate/Database/Eloquent/Builder.php(634): Illuminate/Database/Eloquent/Builder->create()
#11 C:/Users/Admin/thalaivaa_api/vendor/laravel/framework/src/Illuminate/Database/Eloquent/Builder.php(1864): Illuminate/Database/Eloquent/Builder->{closure:Illuminate/Database/Eloquent/Builder::createOrFirst():634}()
#12 C:/Users/Admin/thalaivaa_api/vendor/laravel/framework/src/Illuminate/Database/Eloquent/Builder.php(634): Illuminate/Database/Eloquent/Builder->withSavepointIfNeeded()
#13 C:/Users/Admin/thalaivaa_api/vendor/laravel/framework/src/Illuminate/Database/Eloquent/Builder.php(621): Illuminate/Database/Eloquent/Builder->createOrFirst()
#14 C:/Users/Admin/thalaivaa_api/vendor/laravel/framework/src/Illuminate/Support/Traits/ForwardsCalls.php(23): Illuminate/Database/Eloquent/Builder->firstOrCreate()
#15 C:/Users/Admin/thalaivaa_api/vendor/laravel/framework/src/Illuminate/Database/Eloquent/Model.php(2372): Illuminate/Database/Eloquent/Model->forwardCallTo()
#16 C:/Users/Admin/thalaivaa_api/vendor/laravel/framework/src/Illuminate/Database/Eloquent/Model.php(2384): Illuminate/Database/Eloquent/Model->__call()
#17 C:/Users/Admin/thalaivaa_api/database/seeders/DatabaseSeeder.php(177): Illuminate/Database/Eloquent/Model::__callStatic()
#18 C:/Users/Admin/thalaivaa_api/vendor/laravel/framework/src/Illuminate/Container/BoundMethod.php(36): Database/Seeders/DatabaseSeeder->run()
#19 C:/Users/Admin/thalaivaa_api/vendor/laravel/framework/src/Illuminate/Container/Util.php(43): Illuminate/Container/BoundMethod::{closure:Illuminate/Container/BoundMethod::call():35}()
#20 C:/Users/Admin/thalaivaa_api/vendor/laravel/framework/src/Illuminate/Container/BoundMethod.php(95): Illuminate/Container/Util::unwrapIfClosure()
#21 C:/Users/Admin/thalaivaa_api/vendor/laravel/framework/src/Illuminate/Container/BoundMethod.php(35): Illuminate/Container/BoundMethod::callBoundMethod()
#22 C:/Users/Admin/thalaivaa_api/vendor/laravel/framework/src/Illuminate/Container/Container.php(696): Illuminate/Container/BoundMethod::call()
#23 C:/Users/Admin/thalaivaa_api/vendor/laravel/framework/src/Illuminate/Database/Seeder.php(188): Illuminate/Container/Container->call()
#24 C:/Users/Admin/thalaivaa_api/vendor/laravel/framework/src/Illuminate/Database/Seeder.php(197): Illuminate/Database/Seeder->{closure:Illuminate/Database/Seeder::__invoke():187}()
#25 C:/Users/Admin/thalaivaa_api/vendor/laravel/framework/src/Illuminate/Database/Console/Seeds/SeedCommand.php(70): Illuminate/Database/Seeder->__invoke()
#26 C:/Users/Admin/thalaivaa_api/vendor/laravel/framework/src/Illuminate/Database/Eloquent/Concerns/GuardsAttributes.php(155): Illuminate/Database/Console/Seeds/SeedCommand->{closure:Illuminate/Database/Console/Seeds/SeedCommand::handle():69}()
#27 C:/Users/Admin/thalaivaa_api/vendor/laravel/framework/src/Illuminate/Database/Console/Seeds/SeedCommand.php(69): Illuminate/Database/Eloquent/Model::unguarded()
#28 C:/Users/Admin/thalaivaa_api/vendor/laravel/framework/src/Illuminate/Container/BoundMethod.php(36): Illuminate/Database/Console/Seeds/SeedCommand->handle()
#29 C:/Users/Admin/thalaivaa_api/vendor/laravel/framework/src/Illuminate/Container/Util.php(43): Illuminate/Container/BoundMethod::{closure:Illuminate/Container/BoundMethod::call():35}()
#30 C:/Users/Admin/thalaivaa_api/vendor/laravel/framework/src/Illuminate/Container/BoundMethod.php(95): Illuminate/Container/Util::unwrapIfClosure()
#31 C:/Users/Admin/thalaivaa_api/vendor/laravel/framework/src/Illuminate/Container/BoundMethod.php(35): Illuminate/Container/BoundMethod::callBoundMethod()
#32 C:/Users/Admin/thalaivaa_api/vendor/laravel/framework/src/Illuminate/Container/Container.php(696): Illuminate/Container/BoundMethod::call()
#33 C:/Users/Admin/thalaivaa_api/vendor/laravel/framework/src/Illuminate/Console/Command.php(213): Illuminate/Container/Container->call()
#34 C:/Users/Admin/thalaivaa_api/vendor/symfony/console/Command/Command.php(341): Illuminate/Console/Command->execute()
#35 C:/Users/Admin/thalaivaa_api/vendor/laravel/framework/src/Illuminate/Console/Command.php(182): Symfony/Component/Console/Command/Command->run()
#36 C:/Users/Admin/thalaivaa_api/vendor/laravel/framework/src/Illuminate/Console/Concerns/CallsCommands.php(68): Illuminate/Console/Command->run()
#37 C:/Users/Admin/thalaivaa_api/vendor/laravel/framework/src/Illuminate/Console/Concerns/CallsCommands.php(29): Illuminate/Console/Command->runCommand()
#38 C:/Users/Admin/thalaivaa_api/vendor/laravel/framework/src/Illuminate/Database/Console/Migrations/FreshCommand.php(122): Illuminate/Console/Command->call()
#39 C:/Users/Admin/thalaivaa_api/vendor/laravel/framework/src/Illuminate/Database/Console/Migrations/FreshCommand.php(98): Illuminate/Database/Console/Migrations/FreshCommand->runSeeder()
#40 C:/Users/Admin/thalaivaa_api/vendor/laravel/framework/src/Illuminate/Container/BoundMethod.php(36): Illuminate/Database/Console/Migrations/FreshCommand->handle()
#41 C:/Users/Admin/thalaivaa_api/vendor/laravel/framework/src/Illuminate/Container/Util.php(43): Illuminate/Container/BoundMethod::{closure:Illuminate/Container/BoundMethod::call():35}()
#42 C:/Users/Admin/thalaivaa_api/vendor/laravel/framework/src/Illuminate/Container/BoundMethod.php(95): Illuminate/Container/Util::unwrapIfClosure()
#43 C:/Users/Admin/thalaivaa_api/vendor/laravel/framework/src/Illuminate/Container/BoundMethod.php(35): Illuminate/Container/BoundMethod::callBoundMethod()
#44 C:/Users/Admin/thalaivaa_api/vendor/laravel/framework/src/Illuminate/Container/Container.php(696): Illuminate/Container/BoundMethod::call()
#45 C:/Users/Admin/thalaivaa_api/vendor/laravel/framework/src/Illuminate/Console/Command.php(213): Illuminate/Container/Container->call()
#46 C:/Users/Admin/thalaivaa_api/vendor/symfony/console/Command/Command.php(341): Illuminate/Console/Command->execute()
#47 C:/Users/Admin/thalaivaa_api/vendor/laravel/framework/src/Illuminate/Console/Command.php(182): Symfony/Component/Console/Command/Command->run()
#48 C:/Users/Admin/thalaivaa_api/vendor/symfony/console/Application.php(1117): Illuminate/Console/Command->run()
#49 C:/Users/Admin/thalaivaa_api/vendor/symfony/console/Application.php(356): Symfony/Component/Console/Application->doRunCommand()
#50 C:/Users/Admin/thalaivaa_api/vendor/symfony/console/Application.php(195): Symfony/Component/Console/Application->doRun()
#51 C:/Users/Admin/thalaivaa_api/vendor/laravel/framework/src/Illuminate/Foundation/Console/Kernel.php(198): Symfony/Component/Console/Application->run()
#52 C:/Users/Admin/thalaivaa_api/vendor/laravel/framework/src/Illuminate/Foundation/Application.php(1235): Illuminate/Foundation/Console/Kernel->handle()
#53 C:/Users/Admin/thalaivaa_api/artisan(18): Illuminate/Foundation/Application->handleCommand()
#54 {main}

[previous exception] [object] (PDOException(code: HY000): SQLSTATE[HY000]: General error: 1 table categories has no column named display_order at C:/Users/Admin/thalaivaa_api/vendor/laravel/framework/src/Illuminate/Database/Connection.php:565)
[stacktrace]
#0 C:/Users/Admin/thalaivaa_api/vendor/laravel/framework/src/Illuminate/Database/Connection.php(565): PDO->prepare()
#1 C:/Users/Admin/thalaivaa_api/vendor/laravel/framework/src/Illuminate/Database/Connection.php(812): Illuminate/Database/Connection->{closure:Illuminate/Database/Connection::statement():560}()
#2 C:/Users/Admin/thalaivaa_api/vendor/laravel/framework/src/Illuminate/Database/Connection.php(779): Illuminate/Database/Connection->runQueryCallback()
#3 C:/Users/Admin/thalaivaa_api/vendor/laravel/framework/src/Illuminate/Database/Connection.php(560): Illuminate/Database/Connection->run()
#4 C:/Users/Admin/thalaivaa_api/vendor/laravel/framework/src/Illuminate/Database/Connection.php(524): Illuminate/Database/Connection->statement()
#5 C:/Users/Admin/thalaivaa_api/vendor/laravel/framework/src/Illuminate/Database/Query/Builder.php(3717): Illuminate/Database/Connection->insert()
#6 C:/Users/Admin/thalaivaa_api/vendor/laravel/framework/src/Illuminate/Database/Eloquent/Builder.php(2120): Illuminate/Database/Query/Builder->insert()
#7 C:/Users/Admin/thalaivaa_api/vendor/laravel/framework/src/Illuminate/Database/Eloquent/Model.php(1335): Illuminate/Database/Eloquent/Builder->__call()
#8 C:/Users/Admin/thalaivaa_api/vendor/laravel/framework/src/Illuminate/Database/Eloquent/Model.php(1163): Illuminate/Database/Eloquent/Model->performInsert()
#9 C:/Users/Admin/thalaivaa_api/vendor/laravel/framework/src/Illuminate/Database/Eloquent/Builder.php(1128): Illuminate/Database/Eloquent/Model->save()
#10 C:/Users/Admin/thalaivaa_api/vendor/laravel/framework/src/Illuminate/Support/helpers.php(399): Illuminate/Database/Eloquent/Builder->{closure:Illuminate/Database/Eloquent/Builder::create():1127}()
#11 C:/Users/Admin/thalaivaa_api/vendor/laravel/framework/src/Illuminate/Database/Eloquent/Builder.php(1127): tap()
#12 C:/Users/Admin/thalaivaa_api/vendor/laravel/framework/src/Illuminate/Database/Eloquent/Builder.php(634): Illuminate/Database/Eloquent/Builder->create()
#13 C:/Users/Admin/thalaivaa_api/vendor/laravel/framework/src/Illuminate/Database/Eloquent/Builder.php(1864): Illuminate/Database/Eloquent/Builder->{closure:Illuminate/Database/Eloquent/Builder::createOrFirst():634}()
#14 C:/Users/Admin/thalaivaa_api/vendor/laravel/framework/src/Illuminate/Database/Eloquent/Builder.php(634): Illuminate/Database/Eloquent/Builder->withSavepointIfNeeded()
#15 C:/Users/Admin/thalaivaa_api/vendor/laravel/framework/src/Illuminate/Database/Eloquent/Builder.php(621): Illuminate/Database/Eloquent/Builder->createOrFirst()
#16 C:/Users/Admin/thalaivaa_api/vendor/laravel/framework/src/Illuminate/Support/Traits/ForwardsCalls.php(23): Illuminate/Database/Eloquent/Builder->firstOrCreate()
#17 C:/Users/Admin/thalaivaa_api/vendor/laravel/framework/src/Illuminate/Database/Eloquent/Model.php(2372): Illuminate/Database/Eloquent/Model->forwardCallTo()
#18 C:/Users/Admin/thalaivaa_api/vendor/laravel/framework/src/Illuminate/Database/Eloquent/Model.php(2384): Illuminate/Database/Eloquent/Model->__call()
#19 C:/Users/Admin/thalaivaa_api/database/seeders/DatabaseSeeder.php(177): Illuminate/Database/Eloquent/Model::__callStatic()
#20 C:/Users/Admin/thalaivaa_api/vendor/laravel/framework/src/Illuminate/Container/BoundMethod.php(36): Database/Seeders/DatabaseSeeder->run()
#21 C:/Users/Admin/thalaivaa_api/vendor/laravel/framework/src/Illuminate/Container/Util.php(43): Illuminate/Container/BoundMethod::{closure:Illuminate/Container/BoundMethod::call():35}()
#22 C:/Users/Admin/thalaivaa_api/vendor/laravel/framework/src/Illuminate/Container/BoundMethod.php(95): Illuminate/Container/Util::unwrapIfClosure()
#23 C:/Users/Admin/thalaivaa_api/vendor/laravel/framework/src/Illuminate/Container/BoundMethod.php(35): Illuminate/Container/BoundMethod::callBoundMethod()
#24 C:/Users/Admin/thalaivaa_api/vendor/laravel/framework/src/Illuminate/Container/Container.php(696): Illuminate/Container/BoundMethod::call()
#25 C:/Users/Admin/thalaivaa_api/vendor/laravel/framework/src/Illuminate/Database/Seeder.php(188): Illuminate/Container/Container->call()
#26 C:/Users/Admin/thalaivaa_api/vendor/laravel/framework/src/Illuminate/Database/Seeder.php(197): Illuminate/Database/Seeder->{closure:Illuminate/Database/Seeder::__invoke():187}()
#27 C:/Users/Admin/thalaivaa_api/vendor/laravel/framework/src/Illuminate/Database/Console/Seeds/SeedCommand.php(70): Illuminate/Database/Seeder->__invoke()
#28 C:/Users/Admin/thalaivaa_api/vendor/laravel/framework/src/Illuminate/Database/Eloquent/Concerns/GuardsAttributes.php(155): Illuminate/Database/Console/Seeds/SeedCommand->{closure:Illuminate/Database/Console/Seeds/SeedCommand::handle():69}()
#29 C:/Users/Admin/thalaivaa_api/vendor/laravel/framework/src/Illuminate/Database/Console/Seeds/SeedCommand.php(69): Illuminate/Database/Eloquent/Model::unguarded()
#30 C:/Users/Admin/thalaivaa_api/vendor/laravel/framework/src/Illuminate/Container/BoundMethod.php(36): Illuminate/Database/Console/Seeds/SeedCommand->handle()
#31 C:/Users/Admin/thalaivaa_api/vendor/laravel/framework/src/Illuminate/Container/Util.php(43): Illuminate/Container/BoundMethod::{closure:Illuminate/Container/BoundMethod::call():35}()
#32 C:/Users/Admin/thalaivaa_api/vendor/laravel/framework/src/Illuminate/Container/BoundMethod.php(95): Illuminate/Container/Util::unwrapIfClosure()
#33 C:/Users/Admin/thalaivaa_api/vendor/laravel/framework/src/Illuminate/Container/BoundMethod.php(35): Illuminate/Container/BoundMethod::callBoundMethod()
#34 C:/Users/Admin/thalaivaa_api/vendor/laravel/framework/src/Illuminate/Container/Container.php(696): Illuminate/Container/BoundMethod::call()
#35 C:/Users/Admin/thalaivaa_api/vendor/laravel/framework/src/Illuminate/Console/Command.php(213): Illuminate/Container/Container->call()
#36 C:/Users/Admin/thalaivaa_api/vendor/symfony/console/Command/Command.php(341): Illuminate/Console/Command->execute()
#37 C:/Users/Admin/thalaivaa_api/vendor/laravel/framework/src/Illuminate/Console/Command.php(182): Symfony/Component/Console/Command/Command->run()
#38 C:/Users/Admin/thalaivaa_api/vendor/laravel/framework/src/Illuminate/Console/Concerns/CallsCommands.php(68): Illuminate/Console/Command->run()
#39 C:/Users/Admin/thalaivaa_api/vendor/laravel/framework/src/Illuminate/Console/Concerns/CallsCommands.php(29): Illuminate/Console/Command->runCommand()
#40 C:/Users/Admin/thalaivaa_api/vendor/laravel/framework/src/Illuminate/Database/Console/Migrations/FreshCommand.php(122): Illuminate/Console/Command->call()
#41 C:/Users/Admin/thalaivaa_api/vendor/laravel/framework/src/Illuminate/Database/Console/Migrations/FreshCommand.php(98): Illuminate/Database/Console/Migrations/FreshCommand->runSeeder()
#42 C:/Users/Admin/thalaivaa_api/vendor/laravel/framework/src/Illuminate/Container/BoundMethod.php(36): Illuminate/Database/Console/Migrations/FreshCommand->handle()
#43 C:/Users/Admin/thalaivaa_api/vendor/laravel/framework/src/Illuminate/Container/Util.php(43): Illuminate/Container/BoundMethod::{closure:Illuminate/Container/BoundMethod::call():35}()
#44 C:/Users/Admin/thalaivaa_api/vendor/laravel/framework/src/Illuminate/Container/BoundMethod.php(95): Illuminate/Container/Util::unwrapIfClosure()
#45 C:/Users/Admin/thalaivaa_api/vendor/laravel/framework/src/Illuminate/Container/BoundMethod.php(35): Illuminate/Container/BoundMethod::callBoundMethod()
#46 C:/Users/Admin/thalaivaa_api/vendor/laravel/framework/src/Illuminate/Container/Container.php(696): Illuminate/Container/BoundMethod::call()
#47 C:/Users/Admin/thalaivaa_api/vendor/laravel/framework/src/Illuminate/Console/Command.php(213): Illuminate/Container/Container->call()
#48 C:/Users/Admin/thalaivaa_api/vendor/symfony/console/Command/Command.php(341): Illuminate/Console/Command->execute()
#49 C:/Users/Admin/thalaivaa_api/vendor/laravel/framework/src/Illuminate/Console/Command.php(182): Symfony/Component/Console/Command/Command->run()
#50 C:/Users/Admin/thalaivaa_api/vendor/symfony/console/Application.php(1117): Illuminate/Console/Command->run()
#51 C:/Users/Admin/thalaivaa_api/vendor/symfony/console/Application.php(356): Symfony/Component/Console/Application->doRunCommand()
#52 C:/Users/Admin/thalaivaa_api/vendor/symfony/console/Application.php(195): Symfony/Component/Console/Application->doRun()
#53 C:/Users/Admin/thalaivaa_api/vendor/laravel/framework/src/Illuminate/Foundation/Console/Kernel.php(198): Symfony/Component/Console/Application->run()
#54 C:/Users/Admin/thalaivaa_api/vendor/laravel/framework/src/Illuminate/Foundation/Application.php(1235): Illuminate/Foundation/Console/Kernel->handle()
#55 C:/Users/Admin/thalaivaa_api/artisan(18): Illuminate/Foundation/Application->handleCommand()
#56 {main}
"} 
[2026-09-12 16:40:48] local.ERROR: SQLSTATE[HY000]: General error: 1 table modifier_groups has no column named description (Connection: sqlite, SQL: insert into "modifier_groups" ("branch_id", "name", "description", "min_selections", "max_selections", "is_required", "is_active", "id", "updated_at", "created_at") values (a2ba5347-c8cb-474b-a2e2-8a0a58d356a1, Chutney & Ghee Accompaniments, Authentic sides and pure cow ghee toppings, 0, 3, 0, 1, a2ba5348-5df1-4cff-b84c-ec4428e612ad, 2026-09-12 16:40:48, 2026-09-12 16:40:48)) {"exception":"[object] (Illuminate\\Database\\QueryException(code: HY000): SQLSTATE[HY000]: General error: 1 table modifier_groups has no column named description (Connection: sqlite, SQL: insert into \"modifier_groups\" (\"branch_id\", \"name\", \"description\", \"min_selections\", \"max_selections\", \"is_required\", \"is_active\", \"id\", \"updated_at\", \"created_at\") values (a2ba5347-c8cb-474b-a2e2-8a0a58d356a1, Chutney & Ghee Accompaniments, Authentic sides and pure cow ghee toppings, 0, 3, 0, 1, a2ba5348-5df1-4cff-b84c-ec4428e612ad, 2026-09-12 16:40:48, 2026-09-12 16:40:48)) at C:/Users/Admin/thalaivaa_api/vendor/laravel/framework/src/Illuminate/Database/Connection.php:825)
[stacktrace]
#0 C:/Users/Admin/thalaivaa_api/vendor/laravel/framework/src/Illuminate/Database/Connection.php(779): Illuminate/Database/Connection->runQueryCallback()
#1 C:/Users/Admin/thalaivaa_api/vendor/laravel/framework/src/Illuminate/Database/Connection.php(560): Illuminate/Database/Connection->run()
#2 C:/Users/Admin/thalaivaa_api/vendor/laravel/framework/src/Illuminate/Database/Connection.php(524): Illuminate/Database/Connection->statement()
#3 C:/Users/Admin/thalaivaa_api/vendor/laravel/framework/src/Illuminate/Database/Query/Builder.php(3717): Illuminate/Database/Connection->insert()
#4 C:/Users/Admin/thalaivaa_api/vendor/laravel/framework/src/Illuminate/Database/Eloquent/Builder.php(2120): Illuminate/Database/Query/Builder->insert()
#5 C:/Users/Admin/thalaivaa_api/vendor/laravel/framework/src/Illuminate/Database/Eloquent/Model.php(1335): Illuminate/Database/Eloquent/Builder->__call()
#6 C:/Users/Admin/thalaivaa_api/vendor/laravel/framework/src/Illuminate/Database/Eloquent/Model.php(1163): Illuminate/Database/Eloquent/Model->performInsert()
#7 C:/Users/Admin/thalaivaa_api/vendor/laravel/framework/src/Illuminate/Database/Eloquent/Builder.php(1128): Illuminate/Database/Eloquent/Model->save()
#8 C:/Users/Admin/thalaivaa_api/vendor/laravel/framework/src/Illuminate/Support/helpers.php(399): Illuminate/Database/Eloquent/Builder->{closure:Illuminate/Database/Eloquent/Builder::create():1127}()
#9 C:/Users/Admin/thalaivaa_api/vendor/laravel/framework/src/Illuminate/Database/Eloquent/Builder.php(1127): tap()
#10 C:/Users/Admin/thalaivaa_api/vendor/laravel/framework/src/Illuminate/Database/Eloquent/Builder.php(634): Illuminate/Database/Eloquent/Builder->create()
#11 C:/Users/Admin/thalaivaa_api/vendor/laravel/framework/src/Illuminate/Database/Eloquent/Builder.php(1864): Illuminate/Database/Eloquent/Builder->{closure:Illuminate/Database/Eloquent/Builder::createOrFirst():634}()
#12 C:/Users/Admin/thalaivaa_api/vendor/laravel/framework/src/Illuminate/Database/Eloquent/Builder.php(634): Illuminate/Database/Eloquent/Builder->withSavepointIfNeeded()
#13 C:/Users/Admin/thalaivaa_api/vendor/laravel/framework/src/Illuminate/Database/Eloquent/Builder.php(621): Illuminate/Database/Eloquent/Builder->createOrFirst()
#14 C:/Users/Admin/thalaivaa_api/vendor/laravel/framework/src/Illuminate/Support/Traits/ForwardsCalls.php(23): Illuminate/Database/Eloquent/Builder->firstOrCreate()
#15 C:/Users/Admin/thalaivaa_api/vendor/laravel/framework/src/Illuminate/Database/Eloquent/Model.php(2372): Illuminate/Database/Eloquent/Model->forwardCallTo()
#16 C:/Users/Admin/thalaivaa_api/vendor/laravel/framework/src/Illuminate/Database/Eloquent/Model.php(2384): Illuminate/Database/Eloquent/Model->__call()
#17 C:/Users/Admin/thalaivaa_api/database/seeders/DatabaseSeeder.php(191): Illuminate/Database/Eloquent/Model::__callStatic()
#18 C:/Users/Admin/thalaivaa_api/vendor/laravel/framework/src/Illuminate/Container/BoundMethod.php(36): Database/Seeders/DatabaseSeeder->run()
#19 C:/Users/Admin/thalaivaa_api/vendor/laravel/framework/src/Illuminate/Container/Util.php(43): Illuminate/Container/BoundMethod::{closure:Illuminate/Container/BoundMethod::call():35}()
#20 C:/Users/Admin/thalaivaa_api/vendor/laravel/framework/src/Illuminate/Container/BoundMethod.php(95): Illuminate/Container/Util::unwrapIfClosure()
#21 C:/Users/Admin/thalaivaa_api/vendor/laravel/framework/src/Illuminate/Container/BoundMethod.php(35): Illuminate/Container/BoundMethod::callBoundMethod()
#22 C:/Users/Admin/thalaivaa_api/vendor/laravel/framework/src/Illuminate/Container/Container.php(696): Illuminate/Container/BoundMethod::call()
#23 C:/Users/Admin/thalaivaa_api/vendor/laravel/framework/src/Illuminate/Database/Seeder.php(188): Illuminate/Container/Container->call()
#24 C:/Users/Admin/thalaivaa_api/vendor/laravel/framework/src/Illuminate/Database/Seeder.php(197): Illuminate/Database/Seeder->{closure:Illuminate/Database/Seeder::__invoke():187}()
#25 C:/Users/Admin/thalaivaa_api/vendor/laravel/framework/src/Illuminate/Database/Console/Seeds/SeedCommand.php(70): Illuminate/Database/Seeder->__invoke()
#26 C:/Users/Admin/thalaivaa_api/vendor/laravel/framework/src/Illuminate/Database/Eloquent/Concerns/GuardsAttributes.php(155): Illuminate/Database/Console/Seeds/SeedCommand->{closure:Illuminate/Database/Console/Seeds/SeedCommand::handle():69}()
#27 C:/Users/Admin/thalaivaa_api/vendor/laravel/framework/src/Illuminate/Database/Console/Seeds/SeedCommand.php(69): Illuminate/Database/Eloquent/Model::unguarded()
#28 C:/Users/Admin/thalaivaa_api/vendor/laravel/framework/src/Illuminate/Container/BoundMethod.php(36): Illuminate/Database/Console/Seeds/SeedCommand->handle()
#29 C:/Users/Admin/thalaivaa_api/vendor/laravel/framework/src/Illuminate/Container/Util.php(43): Illuminate/Container/BoundMethod::{closure:Illuminate/Container/BoundMethod::call():35}()
#30 C:/Users/Admin/thalaivaa_api/vendor/laravel/framework/src/Illuminate/Container/BoundMethod.php(95): Illuminate/Container/Util::unwrapIfClosure()
#31 C:/Users/Admin/thalaivaa_api/vendor/laravel/framework/src/Illuminate/Container/BoundMethod.php(35): Illuminate/Container/BoundMethod::callBoundMethod()
#32 C:/Users/Admin/thalaivaa_api/vendor/laravel/framework/src/Illuminate/Container/Container.php(696): Illuminate/Container/BoundMethod::call()
#33 C:/Users/Admin/thalaivaa_api/vendor/laravel/framework/src/Illuminate/Console/Command.php(213): Illuminate/Container/Container->call()
#34 C:/Users/Admin/thalaivaa_api/vendor/symfony/console/Command/Command.php(341): Illuminate/Console/Command->execute()
#35 C:/Users/Admin/thalaivaa_api/vendor/laravel/framework/src/Illuminate/Console/Command.php(182): Symfony/Component/Console/Command/Command->run()
#36 C:/Users/Admin/thalaivaa_api/vendor/laravel/framework/src/Illuminate/Console/Concerns/CallsCommands.php(68): Illuminate/Console/Command->run()
#37 C:/Users/Admin/thalaivaa_api/vendor/laravel/framework/src/Illuminate/Console/Concerns/CallsCommands.php(29): Illuminate/Console/Command->runCommand()
#38 C:/Users/Admin/thalaivaa_api/vendor/laravel/framework/src/Illuminate/Database/Console/Migrations/FreshCommand.php(122): Illuminate/Console/Command->call()
#39 C:/Users/Admin/thalaivaa_api/vendor/laravel/framework/src/Illuminate/Database/Console/Migrations/FreshCommand.php(98): Illuminate/Database/Console/Migrations/FreshCommand->runSeeder()
#40 C:/Users/Admin/thalaivaa_api/vendor/laravel/framework/src/Illuminate/Container/BoundMethod.php(36): Illuminate/Database/Console/Migrations/FreshCommand->handle()
#41 C:/Users/Admin/thalaivaa_api/vendor/laravel/framework/src/Illuminate/Container/Util.php(43): Illuminate/Container/BoundMethod::{closure:Illuminate/Container/BoundMethod::call():35}()
#42 C:/Users/Admin/thalaivaa_api/vendor/laravel/framework/src/Illuminate/Container/BoundMethod.php(95): Illuminate/Container/Util::unwrapIfClosure()
#43 C:/Users/Admin/thalaivaa_api/vendor/laravel/framework/src/Illuminate/Container/BoundMethod.php(35): Illuminate/Container/BoundMethod::callBoundMethod()
#44 C:/Users/Admin/thalaivaa_api/vendor/laravel/framework/src/Illuminate/Container/Container.php(696): Illuminate/Container/BoundMethod::call()
#45 C:/Users/Admin/thalaivaa_api/vendor/laravel/framework/src/Illuminate/Console/Command.php(213): Illuminate/Container/Container->call()
#46 C:/Users/Admin/thalaivaa_api/vendor/symfony/console/Command/Command.php(341): Illuminate/Console/Command->execute()
#47 C:/Users/Admin/thalaivaa_api/vendor/laravel/framework/src/Illuminate/Console/Command.php(182): Symfony/Component/Console/Command/Command->run()
#48 C:/Users/Admin/thalaivaa_api/vendor/symfony/console/Application.php(1117): Illuminate/Console/Command->run()
#49 C:/Users/Admin/thalaivaa_api/vendor/symfony/console/Application.php(356): Symfony/Component/Console/Application->doRunCommand()
#50 C:/Users/Admin/thalaivaa_api/vendor/symfony/console/Application.php(195): Symfony/Component/Console/Application->doRun()
#51 C:/Users/Admin/thalaivaa_api/vendor/laravel/framework/src/Illuminate/Foundation/Console/Kernel.php(198): Symfony/Component/Console/Application->run()
#52 C:/Users/Admin/thalaivaa_api/vendor/laravel/framework/src/Illuminate/Foundation/Application.php(1235): Illuminate/Foundation/Console/Kernel->handle()
#53 C:/Users/Admin/thalaivaa_api/artisan(18): Illuminate/Foundation/Application->handleCommand()
#54 {main}

[previous exception] [object] (PDOException(code: HY000): SQLSTATE[HY000]: General error: 1 table modifier_groups has no column named description at C:/Users/Admin/thalaivaa_api/vendor/laravel/framework/src/Illuminate/Database/Connection.php:565)
[stacktrace]
#0 C:/Users/Admin/thalaivaa_api/vendor/laravel/framework/src/Illuminate/Database/Connection.php(565): PDO->prepare()
#1 C:/Users/Admin/thalaivaa_api/vendor/laravel/framework/src/Illuminate/Database/Connection.php(812): Illuminate/Database/Connection->{closure:Illuminate/Database/Connection::statement():560}()
#2 C:/Users/Admin/thalaivaa_api/vendor/laravel/framework/src/Illuminate/Database/Connection.php(779): Illuminate/Database/Connection->runQueryCallback()
#3 C:/Users/Admin/thalaivaa_api/vendor/laravel/framework/src/Illuminate/Database/Connection.php(560): Illuminate/Database/Connection->run()
#4 C:/Users/Admin/thalaivaa_api/vendor/laravel/framework/src/Illuminate/Database/Connection.php(524): Illuminate/Database/Connection->statement()
#5 C:/Users/Admin/thalaivaa_api/vendor/laravel/framework/src/Illuminate/Database/Query/Builder.php(3717): Illuminate/Database/Connection->insert()
#6 C:/Users/Admin/thalaivaa_api/vendor/laravel/framework/src/Illuminate/Database/Eloquent/Builder.php(2120): Illuminate/Database/Query/Builder->insert()
#7 C:/Users/Admin/thalaivaa_api/vendor/laravel/framework/src/Illuminate/Database/Eloquent/Model.php(1335): Illuminate/Database/Eloquent/Builder->__call()
#8 C:/Users/Admin/thalaivaa_api/vendor/laravel/framework/src/Illuminate/Database/Eloquent/Model.php(1163): Illuminate/Database/Eloquent/Model->performInsert()
#9 C:/Users/Admin/thalaivaa_api/vendor/laravel/framework/src/Illuminate/Database/Eloquent/Builder.php(1128): Illuminate/Database/Eloquent/Model->save()
#10 C:/Users/Admin/thalaivaa_api/vendor/laravel/framework/src/Illuminate/Support/helpers.php(399): Illuminate/Database/Eloquent/Builder->{closure:Illuminate/Database/Eloquent/Builder::create():1127}()
#11 C:/Users/Admin/thalaivaa_api/vendor/laravel/framework/src/Illuminate/Database/Eloquent/Builder.php(1127): tap()
#12 C:/Users/Admin/thalaivaa_api/vendor/laravel/framework/src/Illuminate/Database/Eloquent/Builder.php(634): Illuminate/Database/Eloquent/Builder->create()
#13 C:/Users/Admin/thalaivaa_api/vendor/laravel/framework/src/Illuminate/Database/Eloquent/Builder.php(1864): Illuminate/Database/Eloquent/Builder->{closure:Illuminate/Database/Eloquent/Builder::createOrFirst():634}()
#14 C:/Users/Admin/thalaivaa_api/vendor/laravel/framework/src/Illuminate/Database/Eloquent/Builder.php(634): Illuminate/Database/Eloquent/Builder->withSavepointIfNeeded()
#15 C:/Users/Admin/thalaivaa_api/vendor/laravel/framework/src/Illuminate/Database/Eloquent/Builder.php(621): Illuminate/Database/Eloquent/Builder->createOrFirst()
#16 C:/Users/Admin/thalaivaa_api/vendor/laravel/framework/src/Illuminate/Support/Traits/ForwardsCalls.php(23): Illuminate/Database/Eloquent/Builder->firstOrCreate()
#17 C:/Users/Admin/thalaivaa_api/vendor/laravel/framework/src/Illuminate/Database/Eloquent/Model.php(2372): Illuminate/Database/Eloquent/Model->forwardCallTo()
#18 C:/Users/Admin/thalaivaa_api/vendor/laravel/framework/src/Illuminate/Database/Eloquent/Model.php(2384): Illuminate/Database/Eloquent/Model->__call()
#19 C:/Users/Admin/thalaivaa_api/database/seeders/DatabaseSeeder.php(191): Illuminate/Database/Eloquent/Model::__callStatic()
#20 C:/Users/Admin/thalaivaa_api/vendor/laravel/framework/src/Illuminate/Container/BoundMethod.php(36): Database/Seeders/DatabaseSeeder->run()
#21 C:/Users/Admin/thalaivaa_api/vendor/laravel/framework/src/Illuminate/Container/Util.php(43): Illuminate/Container/BoundMethod::{closure:Illuminate/Container/BoundMethod::call():35}()
#22 C:/Users/Admin/thalaivaa_api/vendor/laravel/framework/src/Illuminate/Container/BoundMethod.php(95): Illuminate/Container/Util::unwrapIfClosure()
#23 C:/Users/Admin/thalaivaa_api/vendor/laravel/framework/src/Illuminate/Container/BoundMethod.php(35): Illuminate/Container/BoundMethod::callBoundMethod()
#24 C:/Users/Admin/thalaivaa_api/vendor/laravel/framework/src/Illuminate/Container/Container.php(696): Illuminate/Container/BoundMethod::call()
#25 C:/Users/Admin/thalaivaa_api/vendor/laravel/framework/src/Illuminate/Database/Seeder.php(188): Illuminate/Container/Container->call()
#26 C:/Users/Admin/thalaivaa_api/vendor/laravel/framework/src/Illuminate/Database/Seeder.php(197): Illuminate/Database/Seeder->{closure:Illuminate/Database/Seeder::__invoke():187}()
#27 C:/Users/Admin/thalaivaa_api/vendor/laravel/framework/src/Illuminate/Database/Console/Seeds/SeedCommand.php(70): Illuminate/Database/Seeder->__invoke()
#28 C:/Users/Admin/thalaivaa_api/vendor/laravel/framework/src/Illuminate/Database/Eloquent/Concerns/GuardsAttributes.php(155): Illuminate/Database/Console/Seeds/SeedCommand->{closure:Illuminate/Database/Console/Seeds/SeedCommand::handle():69}()
#29 C:/Users/Admin/thalaivaa_api/vendor/laravel/framework/src/Illuminate/Database/Console/Seeds/SeedCommand.php(69): Illuminate/Database/Eloquent/Model::unguarded()
#30 C:/Users/Admin/thalaivaa_api/vendor/laravel/framework/src/Illuminate/Container/BoundMethod.php(36): Illuminate/Database/Console/Seeds/SeedCommand->handle()
#31 C:/Users/Admin/thalaivaa_api/vendor/laravel/framework/src/Illuminate/Container/Util.php(43): Illuminate/Container/BoundMethod::{closure:Illuminate/Container/BoundMethod::call():35}()
#32 C:/Users/Admin/thalaivaa_api/vendor/laravel/framework/src/Illuminate/Container/BoundMethod.php(95): Illuminate/Container/Util::unwrapIfClosure()
#33 C:/Users/Admin/thalaivaa_api/vendor/laravel/framework/src/Illuminate/Container/BoundMethod.php(35): Illuminate/Container/BoundMethod::callBoundMethod()
#34 C:/Users/Admin/thalaivaa_api/vendor/laravel/framework/src/Illuminate/Container/Container.php(696): Illuminate/Container/BoundMethod::call()
#35 C:/Users/Admin/thalaivaa_api/vendor/laravel/framework/src/Illuminate/Console/Command.php(213): Illuminate/Container/Container->call()
#36 C:/Users/Admin/thalaivaa_api/vendor/symfony/console/Command/Command.php(341): Illuminate/Console/Command->execute()
#37 C:/Users/Admin/thalaivaa_api/vendor/laravel/framework/src/Illuminate/Console/Command.php(182): Symfony/Component/Console/Command/Command->run()
#38 C:/Users/Admin/thalaivaa_api/vendor/laravel/framework/src/Illuminate/Console/Concerns/CallsCommands.php(68): Illuminate/Console/Command->run()
#39 C:/Users/Admin/thalaivaa_api/vendor/laravel/framework/src/Illuminate/Console/Concerns/CallsCommands.php(29): Illuminate/Console/Command->runCommand()
#40 C:/Users/Admin/thalaivaa_api/vendor/laravel/framework/src/Illuminate/Database/Console/Migrations/FreshCommand.php(122): Illuminate/Console/Command->call()
#41 C:/Users/Admin/thalaivaa_api/vendor/laravel/framework/src/Illuminate/Database/Console/Migrations/FreshCommand.php(98): Illuminate/Database/Console/Migrations/FreshCommand->runSeeder()
#42 C:/Users/Admin/thalaivaa_api/vendor/laravel/framework/src/Illuminate/Container/BoundMethod.php(36): Illuminate/Database/Console/Migrations/FreshCommand->handle()
#43 C:/Users/Admin/thalaivaa_api/vendor/laravel/framework/src/Illuminate/Container/Util.php(43): Illuminate/Container/BoundMethod::{closure:Illuminate/Container/BoundMethod::call():35}()
#44 C:/Users/Admin/thalaivaa_api/vendor/laravel/framework/src/Illuminate/Container/BoundMethod.php(95): Illuminate/Container/Util::unwrapIfClosure()
#45 C:/Users/Admin/thalaivaa_api/vendor/laravel/framework/src/Illuminate/Container/BoundMethod.php(35): Illuminate/Container/BoundMethod::callBoundMethod()
#46 C:/Users/Admin/thalaivaa_api/vendor/laravel/framework/src/Illuminate/Container/Container.php(696): Illuminate/Container/BoundMethod::call()
#47 C:/Users/Admin/thalaivaa_api/vendor/laravel/framework/src/Illuminate/Console/Command.php(213): Illuminate/Container/Container->call()
#48 C:/Users/Admin/thalaivaa_api/vendor/symfony/console/Command/Command.php(341): Illuminate/Console/Command->execute()
#49 C:/Users/Admin/thalaivaa_api/vendor/laravel/framework/src/Illuminate/Console/Command.php(182): Symfony/Component/Console/Command/Command->run()
#50 C:/Users/Admin/thalaivaa_api/vendor/symfony/console/Application.php(1117): Illuminate/Console/Command->run()
#51 C:/Users/Admin/thalaivaa_api/vendor/symfony/console/Application.php(356): Symfony/Component/Console/Application->doRunCommand()
#52 C:/Users/Admin/thalaivaa_api/vendor/symfony/console/Application.php(195): Symfony/Component/Console/Application->doRun()
#53 C:/Users/Admin/thalaivaa_api/vendor/laravel/framework/src/Illuminate/Foundation/Console/Kernel.php(198): Symfony/Component/Console/Application->run()
#54 C:/Users/Admin/thalaivaa_api/vendor/laravel/framework/src/Illuminate/Foundation/Application.php(1235): Illuminate/Foundation/Console/Kernel->handle()
#55 C:/Users/Admin/thalaivaa_api/artisan(18): Illuminate/Foundation/Application->handleCommand()
#56 {main}
"} 
[2026-09-12 16:41:13] local.ERROR: SQLSTATE[HY000]: General error: 1 table products has no column named base_price_paise (Connection: sqlite, SQL: insert into "products" ("branch_id", "slug", "category_id", "name", "base_price_paise", "is_veg", "is_spicy", "is_available", "meta_json", "id", "updated_at", "created_at") values (a2ba536d-a1aa-461e-bc42-f6e08254e635, ghee-roast-masala-dosa-thalaivaa-city-light, a2ba536e-2c34-45ad-88fd-c5fe986127db, Ghee Roast Masala Dosa, 18000, 1, 0, 1, {"emoji":"\ud83e\udd5e","description":"Crispy golden crepe roasted in pure desi ghee with spiced potato masala.","rating":4.9,"rating_count":523}, a2ba536e-46b8-4d7a-a777-5379df581d9a, 2026-09-12 16:41:13, 2026-09-12 16:41:13)) {"exception":"[object] (Illuminate\\Database\\QueryException(code: HY000): SQLSTATE[HY000]: General error: 1 table products has no column named base_price_paise (Connection: sqlite, SQL: insert into \"products\" (\"branch_id\", \"slug\", \"category_id\", \"name\", \"base_price_paise\", \"is_veg\", \"is_spicy\", \"is_available\", \"meta_json\", \"id\", \"updated_at\", \"created_at\") values (a2ba536d-a1aa-461e-bc42-f6e08254e635, ghee-roast-masala-dosa-thalaivaa-city-light, a2ba536e-2c34-45ad-88fd-c5fe986127db, Ghee Roast Masala Dosa, 18000, 1, 0, 1, {\"emoji\":\"\\ud83e\\udd5e\",\"description\":\"Crispy golden crepe roasted in pure desi ghee with spiced potato masala.\",\"rating\":4.9,\"rating_count\":523}, a2ba536e-46b8-4d7a-a777-5379df581d9a, 2026-09-12 16:41:13, 2026-09-12 16:41:13)) at C:/Users/Admin/thalaivaa_api/vendor/laravel/framework/src/Illuminate/Database/Connection.php:825)
[stacktrace]
#0 C:/Users/Admin/thalaivaa_api/vendor/laravel/framework/src/Illuminate/Database/Connection.php(779): Illuminate/Database/Connection->runQueryCallback()
#1 C:/Users/Admin/thalaivaa_api/vendor/laravel/framework/src/Illuminate/Database/Connection.php(560): Illuminate/Database/Connection->run()
#2 C:/Users/Admin/thalaivaa_api/vendor/laravel/framework/src/Illuminate/Database/Connection.php(524): Illuminate/Database/Connection->statement()
#3 C:/Users/Admin/thalaivaa_api/vendor/laravel/framework/src/Illuminate/Database/Query/Builder.php(3717): Illuminate/Database/Connection->insert()
#4 C:/Users/Admin/thalaivaa_api/vendor/laravel/framework/src/Illuminate/Database/Eloquent/Builder.php(2120): Illuminate/Database/Query/Builder->insert()
#5 C:/Users/Admin/thalaivaa_api/vendor/laravel/framework/src/Illuminate/Database/Eloquent/Model.php(1335): Illuminate/Database/Eloquent/Builder->__call()
#6 C:/Users/Admin/thalaivaa_api/vendor/laravel/framework/src/Illuminate/Database/Eloquent/Model.php(1163): Illuminate/Database/Eloquent/Model->performInsert()
#7 C:/Users/Admin/thalaivaa_api/vendor/laravel/framework/src/Illuminate/Database/Eloquent/Builder.php(1128): Illuminate/Database/Eloquent/Model->save()
#8 C:/Users/Admin/thalaivaa_api/vendor/laravel/framework/src/Illuminate/Support/helpers.php(399): Illuminate/Database/Eloquent/Builder->{closure:Illuminate/Database/Eloquent/Builder::create():1127}()
#9 C:/Users/Admin/thalaivaa_api/vendor/laravel/framework/src/Illuminate/Database/Eloquent/Builder.php(1127): tap()
#10 C:/Users/Admin/thalaivaa_api/vendor/laravel/framework/src/Illuminate/Database/Eloquent/Builder.php(634): Illuminate/Database/Eloquent/Builder->create()
#11 C:/Users/Admin/thalaivaa_api/vendor/laravel/framework/src/Illuminate/Database/Eloquent/Builder.php(1864): Illuminate/Database/Eloquent/Builder->{closure:Illuminate/Database/Eloquent/Builder::createOrFirst():634}()
#12 C:/Users/Admin/thalaivaa_api/vendor/laravel/framework/src/Illuminate/Database/Eloquent/Builder.php(634): Illuminate/Database/Eloquent/Builder->withSavepointIfNeeded()
#13 C:/Users/Admin/thalaivaa_api/vendor/laravel/framework/src/Illuminate/Database/Eloquent/Builder.php(621): Illuminate/Database/Eloquent/Builder->createOrFirst()
#14 C:/Users/Admin/thalaivaa_api/vendor/laravel/framework/src/Illuminate/Support/Traits/ForwardsCalls.php(23): Illuminate/Database/Eloquent/Builder->firstOrCreate()
#15 C:/Users/Admin/thalaivaa_api/vendor/laravel/framework/src/Illuminate/Database/Eloquent/Model.php(2372): Illuminate/Database/Eloquent/Model->forwardCallTo()
#16 C:/Users/Admin/thalaivaa_api/vendor/laravel/framework/src/Illuminate/Database/Eloquent/Model.php(2384): Illuminate/Database/Eloquent/Model->__call()
#17 C:/Users/Admin/thalaivaa_api/database/seeders/DatabaseSeeder.php(285): Illuminate/Database/Eloquent/Model::__callStatic()
#18 C:/Users/Admin/thalaivaa_api/vendor/laravel/framework/src/Illuminate/Container/BoundMethod.php(36): Database/Seeders/DatabaseSeeder->run()
#19 C:/Users/Admin/thalaivaa_api/vendor/laravel/framework/src/Illuminate/Container/Util.php(43): Illuminate/Container/BoundMethod::{closure:Illuminate/Container/BoundMethod::call():35}()
#20 C:/Users/Admin/thalaivaa_api/vendor/laravel/framework/src/Illuminate/Container/BoundMethod.php(95): Illuminate/Container/Util::unwrapIfClosure()
#21 C:/Users/Admin/thalaivaa_api/vendor/laravel/framework/src/Illuminate/Container/BoundMethod.php(35): Illuminate/Container/BoundMethod::callBoundMethod()
#22 C:/Users/Admin/thalaivaa_api/vendor/laravel/framework/src/Illuminate/Container/Container.php(696): Illuminate/Container/BoundMethod::call()
#23 C:/Users/Admin/thalaivaa_api/vendor/laravel/framework/src/Illuminate/Database/Seeder.php(188): Illuminate/Container/Container->call()
#24 C:/Users/Admin/thalaivaa_api/vendor/laravel/framework/src/Illuminate/Database/Seeder.php(197): Illuminate/Database/Seeder->{closure:Illuminate/Database/Seeder::__invoke():187}()
#25 C:/Users/Admin/thalaivaa_api/vendor/laravel/framework/src/Illuminate/Database/Console/Seeds/SeedCommand.php(70): Illuminate/Database/Seeder->__invoke()
#26 C:/Users/Admin/thalaivaa_api/vendor/laravel/framework/src/Illuminate/Database/Eloquent/Concerns/GuardsAttributes.php(155): Illuminate/Database/Console/Seeds/SeedCommand->{closure:Illuminate/Database/Console/Seeds/SeedCommand::handle():69}()
#27 C:/Users/Admin/thalaivaa_api/vendor/laravel/framework/src/Illuminate/Database/Console/Seeds/SeedCommand.php(69): Illuminate/Database/Eloquent/Model::unguarded()
#28 C:/Users/Admin/thalaivaa_api/vendor/laravel/framework/src/Illuminate/Container/BoundMethod.php(36): Illuminate/Database/Console/Seeds/SeedCommand->handle()
#29 C:/Users/Admin/thalaivaa_api/vendor/laravel/framework/src/Illuminate/Container/Util.php(43): Illuminate/Container/BoundMethod::{closure:Illuminate/Container/BoundMethod::call():35}()
#30 C:/Users/Admin/thalaivaa_api/vendor/laravel/framework/src/Illuminate/Container/BoundMethod.php(95): Illuminate/Container/Util::unwrapIfClosure()
#31 C:/Users/Admin/thalaivaa_api/vendor/laravel/framework/src/Illuminate/Container/BoundMethod.php(35): Illuminate/Container/BoundMethod::callBoundMethod()
#32 C:/Users/Admin/thalaivaa_api/vendor/laravel/framework/src/Illuminate/Container/Container.php(696): Illuminate/Container/BoundMethod::call()
#33 C:/Users/Admin/thalaivaa_api/vendor/laravel/framework/src/Illuminate/Console/Command.php(213): Illuminate/Container/Container->call()
#34 C:/Users/Admin/thalaivaa_api/vendor/symfony/console/Command/Command.php(341): Illuminate/Console/Command->execute()
#35 C:/Users/Admin/thalaivaa_api/vendor/laravel/framework/src/Illuminate/Console/Command.php(182): Symfony/Component/Console/Command/Command->run()
#36 C:/Users/Admin/thalaivaa_api/vendor/laravel/framework/src/Illuminate/Console/Concerns/CallsCommands.php(68): Illuminate/Console/Command->run()
#37 C:/Users/Admin/thalaivaa_api/vendor/laravel/framework/src/Illuminate/Console/Concerns/CallsCommands.php(29): Illuminate/Console/Command->runCommand()
#38 C:/Users/Admin/thalaivaa_api/vendor/laravel/framework/src/Illuminate/Database/Console/Migrations/FreshCommand.php(122): Illuminate/Console/Command->call()
#39 C:/Users/Admin/thalaivaa_api/vendor/laravel/framework/src/Illuminate/Database/Console/Migrations/FreshCommand.php(98): Illuminate/Database/Console/Migrations/FreshCommand->runSeeder()
#40 C:/Users/Admin/thalaivaa_api/vendor/laravel/framework/src/Illuminate/Container/BoundMethod.php(36): Illuminate/Database/Console/Migrations/FreshCommand->handle()
#41 C:/Users/Admin/thalaivaa_api/vendor/laravel/framework/src/Illuminate/Container/Util.php(43): Illuminate/Container/BoundMethod::{closure:Illuminate/Container/BoundMethod::call():35}()
#42 C:/Users/Admin/thalaivaa_api/vendor/laravel/framework/src/Illuminate/Container/BoundMethod.php(95): Illuminate/Container/Util::unwrapIfClosure()
#43 C:/Users/Admin/thalaivaa_api/vendor/laravel/framework/src/Illuminate/Container/BoundMethod.php(35): Illuminate/Container/BoundMethod::callBoundMethod()
#44 C:/Users/Admin/thalaivaa_api/vendor/laravel/framework/src/Illuminate/Container/Container.php(696): Illuminate/Container/BoundMethod::call()
#45 C:/Users/Admin/thalaivaa_api/vendor/laravel/framework/src/Illuminate/Console/Command.php(213): Illuminate/Container/Container->call()
#46 C:/Users/Admin/thalaivaa_api/vendor/symfony/console/Command/Command.php(341): Illuminate/Console/Command->execute()
#47 C:/Users/Admin/thalaivaa_api/vendor/laravel/framework/src/Illuminate/Console/Command.php(182): Symfony/Component/Console/Command/Command->run()
#48 C:/Users/Admin/thalaivaa_api/vendor/symfony/console/Application.php(1117): Illuminate/Console/Command->run()
#49 C:/Users/Admin/thalaivaa_api/vendor/symfony/console/Application.php(356): Symfony/Component/Console/Application->doRunCommand()
#50 C:/Users/Admin/thalaivaa_api/vendor/symfony/console/Application.php(195): Symfony/Component/Console/Application->doRun()
#51 C:/Users/Admin/thalaivaa_api/vendor/laravel/framework/src/Illuminate/Foundation/Console/Kernel.php(198): Symfony/Component/Console/Application->run()
#52 C:/Users/Admin/thalaivaa_api/vendor/laravel/framework/src/Illuminate/Foundation/Application.php(1235): Illuminate/Foundation/Console/Kernel->handle()
#53 C:/Users/Admin/thalaivaa_api/artisan(18): Illuminate/Foundation/Application->handleCommand()
#54 {main}

[previous exception] [object] (PDOException(code: HY000): SQLSTATE[HY000]: General error: 1 table products has no column named base_price_paise at C:/Users/Admin/thalaivaa_api/vendor/laravel/framework/src/Illuminate/Database/Connection.php:565)
[stacktrace]
#0 C:/Users/Admin/thalaivaa_api/vendor/laravel/framework/src/Illuminate/Database/Connection.php(565): PDO->prepare()
#1 C:/Users/Admin/thalaivaa_api/vendor/laravel/framework/src/Illuminate/Database/Connection.php(812): Illuminate/Database/Connection->{closure:Illuminate/Database/Connection::statement():560}()
#2 C:/Users/Admin/thalaivaa_api/vendor/laravel/framework/src/Illuminate/Database/Connection.php(779): Illuminate/Database/Connection->runQueryCallback()
#3 C:/Users/Admin/thalaivaa_api/vendor/laravel/framework/src/Illuminate/Database/Connection.php(560): Illuminate/Database/Connection->run()
#4 C:/Users/Admin/thalaivaa_api/vendor/laravel/framework/src/Illuminate/Database/Connection.php(524): Illuminate/Database/Connection->statement()
#5 C:/Users/Admin/thalaivaa_api/vendor/laravel/framework/src/Illuminate/Database/Query/Builder.php(3717): Illuminate/Database/Connection->insert()
#6 C:/Users/Admin/thalaivaa_api/vendor/laravel/framework/src/Illuminate/Database/Eloquent/Builder.php(2120): Illuminate/Database/Query/Builder->insert()
#7 C:/Users/Admin/thalaivaa_api/vendor/laravel/framework/src/Illuminate/Database/Eloquent/Model.php(1335): Illuminate/Database/Eloquent/Builder->__call()
#8 C:/Users/Admin/thalaivaa_api/vendor/laravel/framework/src/Illuminate/Database/Eloquent/Model.php(1163): Illuminate/Database/Eloquent/Model->performInsert()
#9 C:/Users/Admin/thalaivaa_api/vendor/laravel/framework/src/Illuminate/Database/Eloquent/Builder.php(1128): Illuminate/Database/Eloquent/Model->save()
#10 C:/Users/Admin/thalaivaa_api/vendor/laravel/framework/src/Illuminate/Support/helpers.php(399): Illuminate/Database/Eloquent/Builder->{closure:Illuminate/Database/Eloquent/Builder::create():1127}()
#11 C:/Users/Admin/thalaivaa_api/vendor/laravel/framework/src/Illuminate/Database/Eloquent/Builder.php(1127): tap()
#12 C:/Users/Admin/thalaivaa_api/vendor/laravel/framework/src/Illuminate/Database/Eloquent/Builder.php(634): Illuminate/Database/Eloquent/Builder->create()
#13 C:/Users/Admin/thalaivaa_api/vendor/laravel/framework/src/Illuminate/Database/Eloquent/Builder.php(1864): Illuminate/Database/Eloquent/Builder->{closure:Illuminate/Database/Eloquent/Builder::createOrFirst():634}()
#14 C:/Users/Admin/thalaivaa_api/vendor/laravel/framework/src/Illuminate/Database/Eloquent/Builder.php(634): Illuminate/Database/Eloquent/Builder->withSavepointIfNeeded()
#15 C:/Users/Admin/thalaivaa_api/vendor/laravel/framework/src/Illuminate/Database/Eloquent/Builder.php(621): Illuminate/Database/Eloquent/Builder->createOrFirst()
#16 C:/Users/Admin/thalaivaa_api/vendor/laravel/framework/src/Illuminate/Support/Traits/ForwardsCalls.php(23): Illuminate/Database/Eloquent/Builder->firstOrCreate()
#17 C:/Users/Admin/thalaivaa_api/vendor/laravel/framework/src/Illuminate/Database/Eloquent/Model.php(2372): Illuminate/Database/Eloquent/Model->forwardCallTo()
#18 C:/Users/Admin/thalaivaa_api/vendor/laravel/framework/src/Illuminate/Database/Eloquent/Model.php(2384): Illuminate/Database/Eloquent/Model->__call()
#19 C:/Users/Admin/thalaivaa_api/database/seeders/DatabaseSeeder.php(285): Illuminate/Database/Eloquent/Model::__callStatic()
#20 C:/Users/Admin/thalaivaa_api/vendor/laravel/framework/src/Illuminate/Container/BoundMethod.php(36): Database/Seeders/DatabaseSeeder->run()
#21 C:/Users/Admin/thalaivaa_api/vendor/laravel/framework/src/Illuminate/Container/Util.php(43): Illuminate/Container/BoundMethod::{closure:Illuminate/Container/BoundMethod::call():35}()
#22 C:/Users/Admin/thalaivaa_api/vendor/laravel/framework/src/Illuminate/Container/BoundMethod.php(95): Illuminate/Container/Util::unwrapIfClosure()
#23 C:/Users/Admin/thalaivaa_api/vendor/laravel/framework/src/Illuminate/Container/BoundMethod.php(35): Illuminate/Container/BoundMethod::callBoundMethod()
#24 C:/Users/Admin/thalaivaa_api/vendor/laravel/framework/src/Illuminate/Container/Container.php(696): Illuminate/Container/BoundMethod::call()
#25 C:/Users/Admin/thalaivaa_api/vendor/laravel/framework/src/Illuminate/Database/Seeder.php(188): Illuminate/Container/Container->call()
#26 C:/Users/Admin/thalaivaa_api/vendor/laravel/framework/src/Illuminate/Database/Seeder.php(197): Illuminate/Database/Seeder->{closure:Illuminate/Database/Seeder::__invoke():187}()
#27 C:/Users/Admin/thalaivaa_api/vendor/laravel/framework/src/Illuminate/Database/Console/Seeds/SeedCommand.php(70): Illuminate/Database/Seeder->__invoke()
#28 C:/Users/Admin/thalaivaa_api/vendor/laravel/framework/src/Illuminate/Database/Eloquent/Concerns/GuardsAttributes.php(155): Illuminate/Database/Console/Seeds/SeedCommand->{closure:Illuminate/Database/Console/Seeds/SeedCommand::handle():69}()
#29 C:/Users/Admin/thalaivaa_api/vendor/laravel/framework/src/Illuminate/Database/Console/Seeds/SeedCommand.php(69): Illuminate/Database/Eloquent/Model::unguarded()
#30 C:/Users/Admin/thalaivaa_api/vendor/laravel/framework/src/Illuminate/Container/BoundMethod.php(36): Illuminate/Database/Console/Seeds/SeedCommand->handle()
#31 C:/Users/Admin/thalaivaa_api/vendor/laravel/framework/src/Illuminate/Container/Util.php(43): Illuminate/Container/BoundMethod::{closure:Illuminate/Container/BoundMethod::call():35}()
#32 C:/Users/Admin/thalaivaa_api/vendor/laravel/framework/src/Illuminate/Container/BoundMethod.php(95): Illuminate/Container/Util::unwrapIfClosure()
#33 C:/Users/Admin/thalaivaa_api/vendor/laravel/framework/src/Illuminate/Container/BoundMethod.php(35): Illuminate/Container/BoundMethod::callBoundMethod()
#34 C:/Users/Admin/thalaivaa_api/vendor/laravel/framework/src/Illuminate/Container/Container.php(696): Illuminate/Container/BoundMethod::call()
#35 C:/Users/Admin/thalaivaa_api/vendor/laravel/framework/src/Illuminate/Console/Command.php(213): Illuminate/Container/Container->call()
#36 C:/Users/Admin/thalaivaa_api/vendor/symfony/console/Command/Command.php(341): Illuminate/Console/Command->execute()
#37 C:/Users/Admin/thalaivaa_api/vendor/laravel/framework/src/Illuminate/Console/Command.php(182): Symfony/Component/Console/Command/Command->run()
#38 C:/Users/Admin/thalaivaa_api/vendor/laravel/framework/src/Illuminate/Console/Concerns/CallsCommands.php(68): Illuminate/Console/Command->run()
#39 C:/Users/Admin/thalaivaa_api/vendor/laravel/framework/src/Illuminate/Console/Concerns/CallsCommands.php(29): Illuminate/Console/Command->runCommand()
#40 C:/Users/Admin/thalaivaa_api/vendor/laravel/framework/src/Illuminate/Database/Console/Migrations/FreshCommand.php(122): Illuminate/Console/Command->call()
#41 C:/Users/Admin/thalaivaa_api/vendor/laravel/framework/src/Illuminate/Database/Console/Migrations/FreshCommand.php(98): Illuminate/Database/Console/Migrations/FreshCommand->runSeeder()
#42 C:/Users/Admin/thalaivaa_api/vendor/laravel/framework/src/Illuminate/Container/BoundMethod.php(36): Illuminate/Database/Console/Migrations/FreshCommand->handle()
#43 C:/Users/Admin/thalaivaa_api/vendor/laravel/framework/src/Illuminate/Container/Util.php(43): Illuminate/Container/BoundMethod::{closure:Illuminate/Container/BoundMethod::call():35}()
#44 C:/Users/Admin/thalaivaa_api/vendor/laravel/framework/src/Illuminate/Container/BoundMethod.php(95): Illuminate/Container/Util::unwrapIfClosure()
#45 C:/Users/Admin/thalaivaa_api/vendor/laravel/framework/src/Illuminate/Container/BoundMethod.php(35): Illuminate/Container/BoundMethod::callBoundMethod()
#46 C:/Users/Admin/thalaivaa_api/vendor/laravel/framework/src/Illuminate/Container/Container.php(696): Illuminate/Container/BoundMethod::call()
#47 C:/Users/Admin/thalaivaa_api/vendor/laravel/framework/src/Illuminate/Console/Command.php(213): Illuminate/Container/Container->call()
#48 C:/Users/Admin/thalaivaa_api/vendor/symfony/console/Command/Command.php(341): Illuminate/Console/Command->execute()
#49 C:/Users/Admin/thalaivaa_api/vendor/laravel/framework/src/Illuminate/Console/Command.php(182): Symfony/Component/Console/Command/Command->run()
#50 C:/Users/Admin/thalaivaa_api/vendor/symfony/console/Application.php(1117): Illuminate/Console/Command->run()
#51 C:/Users/Admin/thalaivaa_api/vendor/symfony/console/Application.php(356): Symfony/Component/Console/Application->doRunCommand()
#52 C:/Users/Admin/thalaivaa_api/vendor/symfony/console/Application.php(195): Symfony/Component/Console/Application->doRun()
#53 C:/Users/Admin/thalaivaa_api/vendor/laravel/framework/src/Illuminate/Foundation/Console/Kernel.php(198): Symfony/Component/Console/Application->run()
#54 C:/Users/Admin/thalaivaa_api/vendor/laravel/framework/src/Illuminate/Foundation/Application.php(1235): Illuminate/Foundation/Console/Kernel->handle()
#55 C:/Users/Admin/thalaivaa_api/artisan(18): Illuminate/Foundation/Application->handleCommand()
#56 {main}
"} 
[2026-09-21 12:30:41] local.ERROR: Rate limiter [api] is not defined. {"exception":"[object] (Illuminate\\Routing\\Exceptions\\MissingRateLimiterException(code: 0): Rate limiter [api] is not defined. at C:/Users/Admin/thalaivaa_api/vendor/laravel/framework/src/Illuminate/Routing/Exceptions/MissingRateLimiterException.php:17)
[stacktrace]
#0 C:/Users/Admin/thalaivaa_api/vendor/laravel/framework/src/Illuminate/Routing/Middleware/ThrottleRequests.php(198): Illuminate/Routing/Exceptions/MissingRateLimiterException::forLimiter()
#1 C:/Users/Admin/thalaivaa_api/vendor/laravel/framework/src/Illuminate/Routing/Middleware/ThrottleRequests.php(98): Illuminate/Routing/Middleware/ThrottleRequests->resolveMaxAttempts()
#2 C:/Users/Admin/thalaivaa_api/vendor/laravel/framework/src/Illuminate/Pipeline/Pipeline.php(209): Illuminate/Routing/Middleware/ThrottleRequests->handle()
#3 C:/Users/Admin/thalaivaa_api/vendor/laravel/framework/src/Illuminate/Pipeline/Pipeline.php(127): Illuminate/Pipeline/Pipeline->{closure:{closure:Illuminate/Pipeline/Pipeline::carry():184}:185}()
#4 C:/Users/Admin/thalaivaa_api/vendor/laravel/framework/src/Illuminate/Routing/Router.php(807): Illuminate/Pipeline/Pipeline->then()
#5 C:/Users/Admin/thalaivaa_api/vendor/laravel/framework/src/Illuminate/Routing/Router.php(786): Illuminate/Routing/Router->runRouteWithinStack()
#6 C:/Users/Admin/thalaivaa_api/vendor/laravel/framework/src/Illuminate/Routing/Router.php(750): Illuminate/Routing/Router->runRoute()
#7 C:/Users/Admin/thalaivaa_api/vendor/laravel/framework/src/Illuminate/Routing/Router.php(739): Illuminate/Routing/Router->dispatchToRoute()
#8 C:/Users/Admin/thalaivaa_api/vendor/laravel/framework/src/Illuminate/Foundation/Http/Kernel.php(201): Illuminate/Routing/Router->dispatch()
#9 C:/Users/Admin/thalaivaa_api/vendor/laravel/framework/src/Illuminate/Pipeline/Pipeline.php(170): Illuminate/Foundation/Http/Kernel->{closure:Illuminate/Foundation/Http/Kernel::dispatchToRouter():198}()
#10 C:/Users/Admin/thalaivaa_api/vendor/livewire/livewire/src/Features/SupportDisablingBackButtonCache/DisableBackButtonCacheMiddleware.php(19): Illuminate/Pipeline/Pipeline->{closure:Illuminate/Pipeline/Pipeline::prepareDestination():168}()
#11 C:/Users/Admin/thalaivaa_api/vendor/laravel/framework/src/Illuminate/Pipeline/Pipeline.php(209): Livewire/Features/SupportDisablingBackButtonCache/DisableBackButtonCacheMiddleware->handle()
#12 C:/Users/Admin/thalaivaa_api/app/Http/Middleware/SecurityHeadersMiddleware.php(18): Illuminate/Pipeline/Pipeline->{closure:{closure:Illuminate/Pipeline/Pipeline::carry():184}:185}()
#13 C:/Users/Admin/thalaivaa_api/vendor/laravel/framework/src/Illuminate/Pipeline/Pipeline.php(209): App/Http/Middleware/SecurityHeadersMiddleware->handle()
#14 C:/Users/Admin/thalaivaa_api/vendor/laravel/framework/src/Illuminate/Foundation/Http/Middleware/TransformsRequest.php(21): Illuminate/Pipeline/Pipeline->{closure:{closure:Illuminate/Pipeline/Pipeline::carry():184}:185}()
#15 C:/Users/Admin/thalaivaa_api/vendor/laravel/framework/src/Illuminate/Foundation/Http/Middleware/ConvertEmptyStringsToNull.php(31): Illuminate/Foundation/Http/Middleware/TransformsRequest->handle()
#16 C:/Users/Admin/thalaivaa_api/vendor/laravel/framework/src/Illuminate/Pipeline/Pipeline.php(209): Illuminate/Foundation/Http/Middleware/ConvertEmptyStringsToNull->handle()
#17 C:/Users/Admin/thalaivaa_api/vendor/laravel/framework/src/Illuminate/Foundation/Http/Middleware/TransformsRequest.php(21): Illuminate/Pipeline/Pipeline->{closure:{closure:Illuminate/Pipeline/Pipeline::carry():184}:185}()
#18 C:/Users/Admin/thalaivaa_api/vendor/laravel/framework/src/Illuminate/Foundation/Http/Middleware/TrimStrings.php(51): Illuminate/Foundation/Http/Middleware/TransformsRequest->handle()
#19 C:/Users/Admin/thalaivaa_api/vendor/laravel/framework/src/Illuminate/Pipeline/Pipeline.php(209): Illuminate/Foundation/Http/Middleware/TrimStrings->handle()
#20 C:/Users/Admin/thalaivaa_api/vendor/laravel/framework/src/Illuminate/Http/Middleware/ValidatePostSize.php(27): Illuminate/Pipeline/Pipeline->{closure:{closure:Illuminate/Pipeline/Pipeline::carry():184}:185}()
#21 C:/Users/Admin/thalaivaa_api/vendor/laravel/framework/src/Illuminate/Pipeline/Pipeline.php(209): Illuminate/Http/Middleware/ValidatePostSize->handle()
#22 C:/Users/Admin/thalaivaa_api/vendor/laravel/framework/src/Illuminate/Foundation/Http/Middleware/PreventRequestsDuringMaintenance.php(110): Illuminate/Pipeline/Pipeline->{closure:{closure:Illuminate/Pipeline/Pipeline::carry():184}:185}()
#23 C:/Users/Admin/thalaivaa_api/vendor/laravel/framework/src/Illuminate/Pipeline/Pipeline.php(209): Illuminate/Foundation/Http/Middleware/PreventRequestsDuringMaintenance->handle()
#24 C:/Users/Admin/thalaivaa_api/vendor/laravel/framework/src/Illuminate/Http/Middleware/HandleCors.php(62): Illuminate/Pipeline/Pipeline->{closure:{closure:Illuminate/Pipeline/Pipeline::carry():184}:185}()
#25 C:/Users/Admin/thalaivaa_api/vendor/laravel/framework/src/Illuminate/Pipeline/Pipeline.php(209): Illuminate/Http/Middleware/HandleCors->handle()
#26 C:/Users/Admin/thalaivaa_api/vendor/laravel/framework/src/Illuminate/Http/Middleware/TrustProxies.php(58): Illuminate/Pipeline/Pipeline->{closure:{closure:Illuminate/Pipeline/Pipeline::carry():184}:185}()
#27 C:/Users/Admin/thalaivaa_api/vendor/laravel/framework/src/Illuminate/Pipeline/Pipeline.php(209): Illuminate/Http/Middleware/TrustProxies->handle()
#28 C:/Users/Admin/thalaivaa_api/vendor/laravel/framework/src/Illuminate/Foundation/Http/Middleware/InvokeDeferredCallbacks.php(22): Illuminate/Pipeline/Pipeline->{closure:{closure:Illuminate/Pipeline/Pipeline::carry():184}:185}()
#29 C:/Users/Admin/thalaivaa_api/vendor/laravel/framework/src/Illuminate/Pipeline/Pipeline.php(209): Illuminate/Foundation/Http/Middleware/InvokeDeferredCallbacks->handle()
#30 C:/Users/Admin/thalaivaa_api/vendor/laravel/framework/src/Illuminate/Pipeline/Pipeline.php(127): Illuminate/Pipeline/Pipeline->{closure:{closure:Illuminate/Pipeline/Pipeline::carry():184}:185}()
#31 C:/Users/Admin/thalaivaa_api/vendor/laravel/framework/src/Illuminate/Foundation/Http/Kernel.php(176): Illuminate/Pipeline/Pipeline->then()
#32 C:/Users/Admin/thalaivaa_api/vendor/laravel/framework/src/Illuminate/Foundation/Http/Kernel.php(145): Illuminate/Foundation/Http/Kernel->sendRequestThroughRouter()
#33 C:/Users/Admin/thalaivaa_api/vendor/laravel/framework/src/Illuminate/Foundation/Application.php(1220): Illuminate/Foundation/Http/Kernel->handle()
#34 C:/Users/Admin/thalaivaa_api/public/index.php(17): Illuminate/Foundation/Application->handleRequest()
#35 {main}
"} 
[2026-09-21 12:30:53] local.ERROR: Rate limiter [api] is not defined. {"exception":"[object] (Illuminate\\Routing\\Exceptions\\MissingRateLimiterException(code: 0): Rate limiter [api] is not defined. at C:/Users/Admin/thalaivaa_api/vendor/laravel/framework/src/Illuminate/Routing/Exceptions/MissingRateLimiterException.php:17)
[stacktrace]
#0 C:/Users/Admin/thalaivaa_api/vendor/laravel/framework/src/Illuminate/Routing/Middleware/ThrottleRequests.php(198): Illuminate/Routing/Exceptions/MissingRateLimiterException::forLimiter()
#1 C:/Users/Admin/thalaivaa_api/vendor/laravel/framework/src/Illuminate/Routing/Middleware/ThrottleRequests.php(98): Illuminate/Routing/Middleware/ThrottleRequests->resolveMaxAttempts()
#2 C:/Users/Admin/thalaivaa_api/vendor/laravel/framework/src/Illuminate/Pipeline/Pipeline.php(209): Illuminate/Routing/Middleware/ThrottleRequests->handle()
#3 C:/Users/Admin/thalaivaa_api/vendor/laravel/framework/src/Illuminate/Pipeline/Pipeline.php(127): Illuminate/Pipeline/Pipeline->{closure:{closure:Illuminate/Pipeline/Pipeline::carry():184}:185}()
#4 C:/Users/Admin/thalaivaa_api/vendor/laravel/framework/src/Illuminate/Routing/Router.php(807): Illuminate/Pipeline/Pipeline->then()
#5 C:/Users/Admin/thalaivaa_api/vendor/laravel/framework/src/Illuminate/Routing/Router.php(786): Illuminate/Routing/Router->runRouteWithinStack()
#6 C:/Users/Admin/thalaivaa_api/vendor/laravel/framework/src/Illuminate/Routing/Router.php(750): Illuminate/Routing/Router->runRoute()
#7 C:/Users/Admin/thalaivaa_api/vendor/laravel/framework/src/Illuminate/Routing/Router.php(739): Illuminate/Routing/Router->dispatchToRoute()
#8 C:/Users/Admin/thalaivaa_api/vendor/laravel/framework/src/Illuminate/Foundation/Http/Kernel.php(201): Illuminate/Routing/Router->dispatch()
#9 C:/Users/Admin/thalaivaa_api/vendor/laravel/framework/src/Illuminate/Pipeline/Pipeline.php(170): Illuminate/Foundation/Http/Kernel->{closure:Illuminate/Foundation/Http/Kernel::dispatchToRouter():198}()
#10 C:/Users/Admin/thalaivaa_api/vendor/livewire/livewire/src/Features/SupportDisablingBackButtonCache/DisableBackButtonCacheMiddleware.php(19): Illuminate/Pipeline/Pipeline->{closure:Illuminate/Pipeline/Pipeline::prepareDestination():168}()
#11 C:/Users/Admin/thalaivaa_api/vendor/laravel/framework/src/Illuminate/Pipeline/Pipeline.php(209): Livewire/Features/SupportDisablingBackButtonCache/DisableBackButtonCacheMiddleware->handle()
#12 C:/Users/Admin/thalaivaa_api/app/Http/Middleware/SecurityHeadersMiddleware.php(18): Illuminate/Pipeline/Pipeline->{closure:{closure:Illuminate/Pipeline/Pipeline::carry():184}:185}()
#13 C:/Users/Admin/thalaivaa_api/vendor/laravel/framework/src/Illuminate/Pipeline/Pipeline.php(209): App/Http/Middleware/SecurityHeadersMiddleware->handle()
#14 C:/Users/Admin/thalaivaa_api/vendor/laravel/framework/src/Illuminate/Foundation/Http/Middleware/TransformsRequest.php(21): Illuminate/Pipeline/Pipeline->{closure:{closure:Illuminate/Pipeline/Pipeline::carry():184}:185}()
#15 C:/Users/Admin/thalaivaa_api/vendor/laravel/framework/src/Illuminate/Foundation/Http/Middleware/ConvertEmptyStringsToNull.php(31): Illuminate/Foundation/Http/Middleware/TransformsRequest->handle()
#16 C:/Users/Admin/thalaivaa_api/vendor/laravel/framework/src/Illuminate/Pipeline/Pipeline.php(209): Illuminate/Foundation/Http/Middleware/ConvertEmptyStringsToNull->handle()
#17 C:/Users/Admin/thalaivaa_api/vendor/laravel/framework/src/Illuminate/Foundation/Http/Middleware/TransformsRequest.php(21): Illuminate/Pipeline/Pipeline->{closure:{closure:Illuminate/Pipeline/Pipeline::carry():184}:185}()
#18 C:/Users/Admin/thalaivaa_api/vendor/laravel/framework/src/Illuminate/Foundation/Http/Middleware/TrimStrings.php(51): Illuminate/Foundation/Http/Middleware/TransformsRequest->handle()
#19 C:/Users/Admin/thalaivaa_api/vendor/laravel/framework/src/Illuminate/Pipeline/Pipeline.php(209): Illuminate/Foundation/Http/Middleware/TrimStrings->handle()
#20 C:/Users/Admin/thalaivaa_api/vendor/laravel/framework/src/Illuminate/Http/Middleware/ValidatePostSize.php(27): Illuminate/Pipeline/Pipeline->{closure:{closure:Illuminate/Pipeline/Pipeline::carry():184}:185}()
#21 C:/Users/Admin/thalaivaa_api/vendor/laravel/framework/src/Illuminate/Pipeline/Pipeline.php(209): Illuminate/Http/Middleware/ValidatePostSize->handle()
#22 C:/Users/Admin/thalaivaa_api/vendor/laravel/framework/src/Illuminate/Foundation/Http/Middleware/PreventRequestsDuringMaintenance.php(110): Illuminate/Pipeline/Pipeline->{closure:{closure:Illuminate/Pipeline/Pipeline::carry():184}:185}()
#23 C:/Users/Admin/thalaivaa_api/vendor/laravel/framework/src/Illuminate/Pipeline/Pipeline.php(209): Illuminate/Foundation/Http/Middleware/PreventRequestsDuringMaintenance->handle()
#24 C:/Users/Admin/thalaivaa_api/vendor/laravel/framework/src/Illuminate/Http/Middleware/HandleCors.php(62): Illuminate/Pipeline/Pipeline->{closure:{closure:Illuminate/Pipeline/Pipeline::carry():184}:185}()
#25 C:/Users/Admin/thalaivaa_api/vendor/laravel/framework/src/Illuminate/Pipeline/Pipeline.php(209): Illuminate/Http/Middleware/HandleCors->handle()
#26 C:/Users/Admin/thalaivaa_api/vendor/laravel/framework/src/Illuminate/Http/Middleware/TrustProxies.php(58): Illuminate/Pipeline/Pipeline->{closure:{closure:Illuminate/Pipeline/Pipeline::carry():184}:185}()
#27 C:/Users/Admin/thalaivaa_api/vendor/laravel/framework/src/Illuminate/Pipeline/Pipeline.php(209): Illuminate/Http/Middleware/TrustProxies->handle()
#28 C:/Users/Admin/thalaivaa_api/vendor/laravel/framework/src/Illuminate/Foundation/Http/Middleware/InvokeDeferredCallbacks.php(22): Illuminate/Pipeline/Pipeline->{closure:{closure:Illuminate/Pipeline/Pipeline::carry():184}:185}()
#29 C:/Users/Admin/thalaivaa_api/vendor/laravel/framework/src/Illuminate/Pipeline/Pipeline.php(209): Illuminate/Foundation/Http/Middleware/InvokeDeferredCallbacks->handle()
#30 C:/Users/Admin/thalaivaa_api/vendor/laravel/framework/src/Illuminate/Pipeline/Pipeline.php(127): Illuminate/Pipeline/Pipeline->{closure:{closure:Illuminate/Pipeline/Pipeline::carry():184}:185}()
#31 C:/Users/Admin/thalaivaa_api/vendor/laravel/framework/src/Illuminate/Foundation/Http/Kernel.php(176): Illuminate/Pipeline/Pipeline->then()
#32 C:/Users/Admin/thalaivaa_api/vendor/laravel/framework/src/Illuminate/Foundation/Http/Kernel.php(145): Illuminate/Foundation/Http/Kernel->sendRequestThroughRouter()
#33 C:/Users/Admin/thalaivaa_api/vendor/laravel/framework/src/Illuminate/Foundation/Application.php(1220): Illuminate/Foundation/Http/Kernel->handle()
#34 C:/Users/Admin/thalaivaa_api/public/index.php(17): Illuminate/Foundation/Application->handleRequest()
#35 {main}
"} 
[2026-09-21 12:30:54] local.ERROR: Rate limiter [api] is not defined. {"exception":"[object] (Illuminate\\Routing\\Exceptions\\MissingRateLimiterException(code: 0): Rate limiter [api] is not defined. at C:/Users/Admin/thalaivaa_api/vendor/laravel/framework/src/Illuminate/Routing/Exceptions/MissingRateLimiterException.php:17)
[stacktrace]
#0 C:/Users/Admin/thalaivaa_api/vendor/laravel/framework/src/Illuminate/Routing/Middleware/ThrottleRequests.php(198): Illuminate/Routing/Exceptions/MissingRateLimiterException::forLimiter()
#1 C:/Users/Admin/thalaivaa_api/vendor/laravel/framework/src/Illuminate/Routing/Middleware/ThrottleRequests.php(98): Illuminate/Routing/Middleware/ThrottleRequests->resolveMaxAttempts()
#2 C:/Users/Admin/thalaivaa_api/vendor/laravel/framework/src/Illuminate/Pipeline/Pipeline.php(209): Illuminate/Routing/Middleware/ThrottleRequests->handle()
#3 C:/Users/Admin/thalaivaa_api/vendor/laravel/framework/src/Illuminate/Pipeline/Pipeline.php(127): Illuminate/Pipeline/Pipeline->{closure:{closure:Illuminate/Pipeline/Pipeline::carry():184}:185}()
#4 C:/Users/Admin/thalaivaa_api/vendor/laravel/framework/src/Illuminate/Routing/Router.php(807): Illuminate/Pipeline/Pipeline->then()
#5 C:/Users/Admin/thalaivaa_api/vendor/laravel/framework/src/Illuminate/Routing/Router.php(786): Illuminate/Routing/Router->runRouteWithinStack()
#6 C:/Users/Admin/thalaivaa_api/vendor/laravel/framework/src/Illuminate/Routing/Router.php(750): Illuminate/Routing/Router->runRoute()
#7 C:/Users/Admin/thalaivaa_api/vendor/laravel/framework/src/Illuminate/Routing/Router.php(739): Illuminate/Routing/Router->dispatchToRoute()
#8 C:/Users/Admin/thalaivaa_api/vendor/laravel/framework/src/Illuminate/Foundation/Http/Kernel.php(201): Illuminate/Routing/Router->dispatch()
#9 C:/Users/Admin/thalaivaa_api/vendor/laravel/framework/src/Illuminate/Pipeline/Pipeline.php(170): Illuminate/Foundation/Http/Kernel->{closure:Illuminate/Foundation/Http/Kernel::dispatchToRouter():198}()
#10 C:/Users/Admin/thalaivaa_api/vendor/livewire/livewire/src/Features/SupportDisablingBackButtonCache/DisableBackButtonCacheMiddleware.php(19): Illuminate/Pipeline/Pipeline->{closure:Illuminate/Pipeline/Pipeline::prepareDestination():168}()
#11 C:/Users/Admin/thalaivaa_api/vendor/laravel/framework/src/Illuminate/Pipeline/Pipeline.php(209): Livewire/Features/SupportDisablingBackButtonCache/DisableBackButtonCacheMiddleware->handle()
#12 C:/Users/Admin/thalaivaa_api/app/Http/Middleware/SecurityHeadersMiddleware.php(18): Illuminate/Pipeline/Pipeline->{closure:{closure:Illuminate/Pipeline/Pipeline::carry():184}:185}()
#13 C:/Users/Admin/thalaivaa_api/vendor/laravel/framework/src/Illuminate/Pipeline/Pipeline.php(209): App/Http/Middleware/SecurityHeadersMiddleware->handle()
#14 C:/Users/Admin/thalaivaa_api/vendor/laravel/framework/src/Illuminate/Foundation/Http/Middleware/TransformsRequest.php(21): Illuminate/Pipeline/Pipeline->{closure:{closure:Illuminate/Pipeline/Pipeline::carry():184}:185}()
#15 C:/Users/Admin/thalaivaa_api/vendor/laravel/framework/src/Illuminate/Foundation/Http/Middleware/ConvertEmptyStringsToNull.php(31): Illuminate/Foundation/Http/Middleware/TransformsRequest->handle()
#16 C:/Users/Admin/thalaivaa_api/vendor/laravel/framework/src/Illuminate/Pipeline/Pipeline.php(209): Illuminate/Foundation/Http/Middleware/ConvertEmptyStringsToNull->handle()
#17 C:/Users/Admin/thalaivaa_api/vendor/laravel/framework/src/Illuminate/Foundation/Http/Middleware/TransformsRequest.php(21): Illuminate/Pipeline/Pipeline->{closure:{closure:Illuminate/Pipeline/Pipeline::carry():184}:185}()
#18 C:/Users/Admin/thalaivaa_api/vendor/laravel/framework/src/Illuminate/Foundation/Http/Middleware/TrimStrings.php(51): Illuminate/Foundation/Http/Middleware/TransformsRequest->handle()
#19 C:/Users/Admin/thalaivaa_api/vendor/laravel/framework/src/Illuminate/Pipeline/Pipeline.php(209): Illuminate/Foundation/Http/Middleware/TrimStrings->handle()
#20 C:/Users/Admin/thalaivaa_api/vendor/laravel/framework/src/Illuminate/Http/Middleware/ValidatePostSize.php(27): Illuminate/Pipeline/Pipeline->{closure:{closure:Illuminate/Pipeline/Pipeline::carry():184}:185}()
#21 C:/Users/Admin/thalaivaa_api/vendor/laravel/framework/src/Illuminate/Pipeline/Pipeline.php(209): Illuminate/Http/Middleware/ValidatePostSize->handle()
#22 C:/Users/Admin/thalaivaa_api/vendor/laravel/framework/src/Illuminate/Foundation/Http/Middleware/PreventRequestsDuringMaintenance.php(110): Illuminate/Pipeline/Pipeline->{closure:{closure:Illuminate/Pipeline/Pipeline::carry():184}:185}()
#23 C:/Users/Admin/thalaivaa_api/vendor/laravel/framework/src/Illuminate/Pipeline/Pipeline.php(209): Illuminate/Foundation/Http/Middleware/PreventRequestsDuringMaintenance->handle()
#24 C:/Users/Admin/thalaivaa_api/vendor/laravel/framework/src/Illuminate/Http/Middleware/HandleCors.php(62): Illuminate/Pipeline/Pipeline->{closure:{closure:Illuminate/Pipeline/Pipeline::carry():184}:185}()
#25 C:/Users/Admin/thalaivaa_api/vendor/laravel/framework/src/Illuminate/Pipeline/Pipeline.php(209): Illuminate/Http/Middleware/HandleCors->handle()
#26 C:/Users/Admin/thalaivaa_api/vendor/laravel/framework/src/Illuminate/Http/Middleware/TrustProxies.php(58): Illuminate/Pipeline/Pipeline->{closure:{closure:Illuminate/Pipeline/Pipeline::carry():184}:185}()
#27 C:/Users/Admin/thalaivaa_api/vendor/laravel/framework/src/Illuminate/Pipeline/Pipeline.php(209): Illuminate/Http/Middleware/TrustProxies->handle()
#28 C:/Users/Admin/thalaivaa_api/vendor/laravel/framework/src/Illuminate/Foundation/Http/Middleware/InvokeDeferredCallbacks.php(22): Illuminate/Pipeline/Pipeline->{closure:{closure:Illuminate/Pipeline/Pipeline::carry():184}:185}()
#29 C:/Users/Admin/thalaivaa_api/vendor/laravel/framework/src/Illuminate/Pipeline/Pipeline.php(209): Illuminate/Foundation/Http/Middleware/InvokeDeferredCallbacks->handle()
#30 C:/Users/Admin/thalaivaa_api/vendor/laravel/framework/src/Illuminate/Pipeline/Pipeline.php(127): Illuminate/Pipeline/Pipeline->{closure:{closure:Illuminate/Pipeline/Pipeline::carry():184}:185}()
#31 C:/Users/Admin/thalaivaa_api/vendor/laravel/framework/src/Illuminate/Foundation/Http/Kernel.php(176): Illuminate/Pipeline/Pipeline->then()
#32 C:/Users/Admin/thalaivaa_api/vendor/laravel/framework/src/Illuminate/Foundation/Http/Kernel.php(145): Illuminate/Foundation/Http/Kernel->sendRequestThroughRouter()
#33 C:/Users/Admin/thalaivaa_api/vendor/laravel/framework/src/Illuminate/Foundation/Application.php(1220): Illuminate/Foundation/Http/Kernel->handle()
#34 C:/Users/Admin/thalaivaa_api/public/index.php(17): Illuminate/Foundation/Application->handleRequest()
#35 {main}
"} 
[2026-09-21 12:30:55] local.ERROR: Rate limiter [api] is not defined. {"exception":"[object] (Illuminate\\Routing\\Exceptions\\MissingRateLimiterException(code: 0): Rate limiter [api] is not defined. at C:/Users/Admin/thalaivaa_api/vendor/laravel/framework/src/Illuminate/Routing/Exceptions/MissingRateLimiterException.php:17)
[stacktrace]
#0 C:/Users/Admin/thalaivaa_api/vendor/laravel/framework/src/Illuminate/Routing/Middleware/ThrottleRequests.php(198): Illuminate/Routing/Exceptions/MissingRateLimiterException::forLimiter()
#1 C:/Users/Admin/thalaivaa_api/vendor/laravel/framework/src/Illuminate/Routing/Middleware/ThrottleRequests.php(98): Illuminate/Routing/Middleware/ThrottleRequests->resolveMaxAttempts()
#2 C:/Users/Admin/thalaivaa_api/vendor/laravel/framework/src/Illuminate/Pipeline/Pipeline.php(209): Illuminate/Routing/Middleware/ThrottleRequests->handle()
#3 C:/Users/Admin/thalaivaa_api/vendor/laravel/framework/src/Illuminate/Pipeline/Pipeline.php(127): Illuminate/Pipeline/Pipeline->{closure:{closure:Illuminate/Pipeline/Pipeline::carry():184}:185}()
#4 C:/Users/Admin/thalaivaa_api/vendor/laravel/framework/src/Illuminate/Routing/Router.php(807): Illuminate/Pipeline/Pipeline->then()
#5 C:/Users/Admin/thalaivaa_api/vendor/laravel/framework/src/Illuminate/Routing/Router.php(786): Illuminate/Routing/Router->runRouteWithinStack()
#6 C:/Users/Admin/thalaivaa_api/vendor/laravel/framework/src/Illuminate/Routing/Router.php(750): Illuminate/Routing/Router->runRoute()
#7 C:/Users/Admin/thalaivaa_api/vendor/laravel/framework/src/Illuminate/Routing/Router.php(739): Illuminate/Routing/Router->dispatchToRoute()
#8 C:/Users/Admin/thalaivaa_api/vendor/laravel/framework/src/Illuminate/Foundation/Http/Kernel.php(201): Illuminate/Routing/Router->dispatch()
#9 C:/Users/Admin/thalaivaa_api/vendor/laravel/framework/src/Illuminate/Pipeline/Pipeline.php(170): Illuminate/Foundation/Http/Kernel->{closure:Illuminate/Foundation/Http/Kernel::dispatchToRouter():198}()
#10 C:/Users/Admin/thalaivaa_api/vendor/livewire/livewire/src/Features/SupportDisablingBackButtonCache/DisableBackButtonCacheMiddleware.php(19): Illuminate/Pipeline/Pipeline->{closure:Illuminate/Pipeline/Pipeline::prepareDestination():168}()
#11 C:/Users/Admin/thalaivaa_api/vendor/laravel/framework/src/Illuminate/Pipeline/Pipeline.php(209): Livewire/Features/SupportDisablingBackButtonCache/DisableBackButtonCacheMiddleware->handle()
#12 C:/Users/Admin/thalaivaa_api/app/Http/Middleware/SecurityHeadersMiddleware.php(18): Illuminate/Pipeline/Pipeline->{closure:{closure:Illuminate/Pipeline/Pipeline::carry():184}:185}()
#13 C:/Users/Admin/thalaivaa_api/vendor/laravel/framework/src/Illuminate/Pipeline/Pipeline.php(209): App/Http/Middleware/SecurityHeadersMiddleware->handle()
#14 C:/Users/Admin/thalaivaa_api/vendor/laravel/framework/src/Illuminate/Foundation/Http/Middleware/TransformsRequest.php(21): Illuminate/Pipeline/Pipeline->{closure:{closure:Illuminate/Pipeline/Pipeline::carry():184}:185}()
#15 C:/Users/Admin/thalaivaa_api/vendor/laravel/framework/src/Illuminate/Foundation/Http/Middleware/ConvertEmptyStringsToNull.php(31): Illuminate/Foundation/Http/Middleware/TransformsRequest->handle()
#16 C:/Users/Admin/thalaivaa_api/vendor/laravel/framework/src/Illuminate/Pipeline/Pipeline.php(209): Illuminate/Foundation/Http/Middleware/ConvertEmptyStringsToNull->handle()
#17 C:/Users/Admin/thalaivaa_api/vendor/laravel/framework/src/Illuminate/Foundation/Http/Middleware/TransformsRequest.php(21): Illuminate/Pipeline/Pipeline->{closure:{closure:Illuminate/Pipeline/Pipeline::carry():184}:185}()
#18 C:/Users/Admin/thalaivaa_api/vendor/laravel/framework/src/Illuminate/Foundation/Http/Middleware/TrimStrings.php(51): Illuminate/Foundation/Http/Middleware/TransformsRequest->handle()
#19 C:/Users/Admin/thalaivaa_api/vendor/laravel/framework/src/Illuminate/Pipeline/Pipeline.php(209): Illuminate/Foundation/Http/Middleware/TrimStrings->handle()
#20 C:/Users/Admin/thalaivaa_api/vendor/laravel/framework/src/Illuminate/Http/Middleware/ValidatePostSize.php(27): Illuminate/Pipeline/Pipeline->{closure:{closure:Illuminate/Pipeline/Pipeline::carry():184}:185}()
#21 C:/Users/Admin/thalaivaa_api/vendor/laravel/framework/src/Illuminate/Pipeline/Pipeline.php(209): Illuminate/Http/Middleware/ValidatePostSize->handle()
#22 C:/Users/Admin/thalaivaa_api/vendor/laravel/framework/src/Illuminate/Foundation/Http/Middleware/PreventRequestsDuringMaintenance.php(110): Illuminate/Pipeline/Pipeline->{closure:{closure:Illuminate/Pipeline/Pipeline::carry():184}:185}()
#23 C:/Users/Admin/thalaivaa_api/vendor/laravel/framework/src/Illuminate/Pipeline/Pipeline.php(209): Illuminate/Foundation/Http/Middleware/PreventRequestsDuringMaintenance->handle()
#24 C:/Users/Admin/thalaivaa_api/vendor/laravel/framework/src/Illuminate/Http/Middleware/HandleCors.php(62): Illuminate/Pipeline/Pipeline->{closure:{closure:Illuminate/Pipeline/Pipeline::carry():184}:185}()
#25 C:/Users/Admin/thalaivaa_api/vendor/laravel/framework/src/Illuminate/Pipeline/Pipeline.php(209): Illuminate/Http/Middleware/HandleCors->handle()
#26 C:/Users/Admin/thalaivaa_api/vendor/laravel/framework/src/Illuminate/Http/Middleware/TrustProxies.php(58): Illuminate/Pipeline/Pipeline->{closure:{closure:Illuminate/Pipeline/Pipeline::carry():184}:185}()
#27 C:/Users/Admin/thalaivaa_api/vendor/laravel/framework/src/Illuminate/Pipeline/Pipeline.php(209): Illuminate/Http/Middleware/TrustProxies->handle()
#28 C:/Users/Admin/thalaivaa_api/vendor/laravel/framework/src/Illuminate/Foundation/Http/Middleware/InvokeDeferredCallbacks.php(22): Illuminate/Pipeline/Pipeline->{closure:{closure:Illuminate/Pipeline/Pipeline::carry():184}:185}()
#29 C:/Users/Admin/thalaivaa_api/vendor/laravel/framework/src/Illuminate/Pipeline/Pipeline.php(209): Illuminate/Foundation/Http/Middleware/InvokeDeferredCallbacks->handle()
#30 C:/Users/Admin/thalaivaa_api/vendor/laravel/framework/src/Illuminate/Pipeline/Pipeline.php(127): Illuminate/Pipeline/Pipeline->{closure:{closure:Illuminate/Pipeline/Pipeline::carry():184}:185}()
#31 C:/Users/Admin/thalaivaa_api/vendor/laravel/framework/src/Illuminate/Foundation/Http/Kernel.php(176): Illuminate/Pipeline/Pipeline->then()
#32 C:/Users/Admin/thalaivaa_api/vendor/laravel/framework/src/Illuminate/Foundation/Http/Kernel.php(145): Illuminate/Foundation/Http/Kernel->sendRequestThroughRouter()
#33 C:/Users/Admin/thalaivaa_api/vendor/laravel/framework/src/Illuminate/Foundation/Application.php(1220): Illuminate/Foundation/Http/Kernel->handle()
#34 C:/Users/Admin/thalaivaa_api/public/index.php(17): Illuminate/Foundation/Application->handleRequest()
#35 {main}
"} 
[2026-09-21 12:30:55] local.ERROR: Rate limiter [api] is not defined. {"exception":"[object] (Illuminate\\Routing\\Exceptions\\MissingRateLimiterException(code: 0): Rate limiter [api] is not defined. at C:/Users/Admin/thalaivaa_api/vendor/laravel/framework/src/Illuminate/Routing/Exceptions/MissingRateLimiterException.php:17)
[stacktrace]
#0 C:/Users/Admin/thalaivaa_api/vendor/laravel/framework/src/Illuminate/Routing/Middleware/ThrottleRequests.php(198): Illuminate/Routing/Exceptions/MissingRateLimiterException::forLimiter()
#1 C:/Users/Admin/thalaivaa_api/vendor/laravel/framework/src/Illuminate/Routing/Middleware/ThrottleRequests.php(98): Illuminate/Routing/Middleware/ThrottleRequests->resolveMaxAttempts()
#2 C:/Users/Admin/thalaivaa_api/vendor/laravel/framework/src/Illuminate/Pipeline/Pipeline.php(209): Illuminate/Routing/Middleware/ThrottleRequests->handle()
#3 C:/Users/Admin/thalaivaa_api/vendor/laravel/framework/src/Illuminate/Pipeline/Pipeline.php(127): Illuminate/Pipeline/Pipeline->{closure:{closure:Illuminate/Pipeline/Pipeline::carry():184}:185}()
#4 C:/Users/Admin/thalaivaa_api/vendor/laravel/framework/src/Illuminate/Routing/Router.php(807): Illuminate/Pipeline/Pipeline->then()
#5 C:/Users/Admin/thalaivaa_api/vendor/laravel/framework/src/Illuminate/Routing/Router.php(786): Illuminate/Routing/Router->runRouteWithinStack()
#6 C:/Users/Admin/thalaivaa_api/vendor/laravel/framework/src/Illuminate/Routing/Router.php(750): Illuminate/Routing/Router->runRoute()
#7 C:/Users/Admin/thalaivaa_api/vendor/laravel/framework/src/Illuminate/Routing/Router.php(739): Illuminate/Routing/Router->dispatchToRoute()
#8 C:/Users/Admin/thalaivaa_api/vendor/laravel/framework/src/Illuminate/Foundation/Http/Kernel.php(201): Illuminate/Routing/Router->dispatch()
#9 C:/Users/Admin/thalaivaa_api/vendor/laravel/framework/src/Illuminate/Pipeline/Pipeline.php(170): Illuminate/Foundation/Http/Kernel->{closure:Illuminate/Foundation/Http/Kernel::dispatchToRouter():198}()
#10 C:/Users/Admin/thalaivaa_api/vendor/livewire/livewire/src/Features/SupportDisablingBackButtonCache/DisableBackButtonCacheMiddleware.php(19): Illuminate/Pipeline/Pipeline->{closure:Illuminate/Pipeline/Pipeline::prepareDestination():168}()
#11 C:/Users/Admin/thalaivaa_api/vendor/laravel/framework/src/Illuminate/Pipeline/Pipeline.php(209): Livewire/Features/SupportDisablingBackButtonCache/DisableBackButtonCacheMiddleware->handle()
#12 C:/Users/Admin/thalaivaa_api/app/Http/Middleware/SecurityHeadersMiddleware.php(18): Illuminate/Pipeline/Pipeline->{closure:{closure:Illuminate/Pipeline/Pipeline::carry():184}:185}()
#13 C:/Users/Admin/thalaivaa_api/vendor/laravel/framework/src/Illuminate/Pipeline/Pipeline.php(209): App/Http/Middleware/SecurityHeadersMiddleware->handle()
#14 C:/Users/Admin/thalaivaa_api/vendor/laravel/framework/src/Illuminate/Foundation/Http/Middleware/TransformsRequest.php(21): Illuminate/Pipeline/Pipeline->{closure:{closure:Illuminate/Pipeline/Pipeline::carry():184}:185}()
#15 C:/Users/Admin/thalaivaa_api/vendor/laravel/framework/src/Illuminate/Foundation/Http/Middleware/ConvertEmptyStringsToNull.php(31): Illuminate/Foundation/Http/Middleware/TransformsRequest->handle()
#16 C:/Users/Admin/thalaivaa_api/vendor/laravel/framework/src/Illuminate/Pipeline/Pipeline.php(209): Illuminate/Foundation/Http/Middleware/ConvertEmptyStringsToNull->handle()
#17 C:/Users/Admin/thalaivaa_api/vendor/laravel/framework/src/Illuminate/Foundation/Http/Middleware/TransformsRequest.php(21): Illuminate/Pipeline/Pipeline->{closure:{closure:Illuminate/Pipeline/Pipeline::carry():184}:185}()
#18 C:/Users/Admin/thalaivaa_api/vendor/laravel/framework/src/Illuminate/Foundation/Http/Middleware/TrimStrings.php(51): Illuminate/Foundation/Http/Middleware/TransformsRequest->handle()
#19 C:/Users/Admin/thalaivaa_api/vendor/laravel/framework/src/Illuminate/Pipeline/Pipeline.php(209): Illuminate/Foundation/Http/Middleware/TrimStrings->handle()
#20 C:/Users/Admin/thalaivaa_api/vendor/laravel/framework/src/Illuminate/Http/Middleware/ValidatePostSize.php(27): Illuminate/Pipeline/Pipeline->{closure:{closure:Illuminate/Pipeline/Pipeline::carry():184}:185}()
#21 C:/Users/Admin/thalaivaa_api/vendor/laravel/framework/src/Illuminate/Pipeline/Pipeline.php(209): Illuminate/Http/Middleware/ValidatePostSize->handle()
#22 C:/Users/Admin/thalaivaa_api/vendor/laravel/framework/src/Illuminate/Foundation/Http/Middleware/PreventRequestsDuringMaintenance.php(110): Illuminate/Pipeline/Pipeline->{closure:{closure:Illuminate/Pipeline/Pipeline::carry():184}:185}()
#23 C:/Users/Admin/thalaivaa_api/vendor/laravel/framework/src/Illuminate/Pipeline/Pipeline.php(209): Illuminate/Foundation/Http/Middleware/PreventRequestsDuringMaintenance->handle()
#24 C:/Users/Admin/thalaivaa_api/vendor/laravel/framework/src/Illuminate/Http/Middleware/HandleCors.php(62): Illuminate/Pipeline/Pipeline->{closure:{closure:Illuminate/Pipeline/Pipeline::carry():184}:185}()
#25 C:/Users/Admin/thalaivaa_api/vendor/laravel/framework/src/Illuminate/Pipeline/Pipeline.php(209): Illuminate/Http/Middleware/HandleCors->handle()
#26 C:/Users/Admin/thalaivaa_api/vendor/laravel/framework/src/Illuminate/Http/Middleware/TrustProxies.php(58): Illuminate/Pipeline/Pipeline->{closure:{closure:Illuminate/Pipeline/Pipeline::carry():184}:185}()
#27 C:/Users/Admin/thalaivaa_api/vendor/laravel/framework/src/Illuminate/Pipeline/Pipeline.php(209): Illuminate/Http/Middleware/TrustProxies->handle()
#28 C:/Users/Admin/thalaivaa_api/vendor/laravel/framework/src/Illuminate/Foundation/Http/Middleware/InvokeDeferredCallbacks.php(22): Illuminate/Pipeline/Pipeline->{closure:{closure:Illuminate/Pipeline/Pipeline::carry():184}:185}()
#29 C:/Users/Admin/thalaivaa_api/vendor/laravel/framework/src/Illuminate/Pipeline/Pipeline.php(209): Illuminate/Foundation/Http/Middleware/InvokeDeferredCallbacks->handle()
#30 C:/Users/Admin/thalaivaa_api/vendor/laravel/framework/src/Illuminate/Pipeline/Pipeline.php(127): Illuminate/Pipeline/Pipeline->{closure:{closure:Illuminate/Pipeline/Pipeline::carry():184}:185}()
#31 C:/Users/Admin/thalaivaa_api/vendor/laravel/framework/src/Illuminate/Foundation/Http/Kernel.php(176): Illuminate/Pipeline/Pipeline->then()
#32 C:/Users/Admin/thalaivaa_api/vendor/laravel/framework/src/Illuminate/Foundation/Http/Kernel.php(145): Illuminate/Foundation/Http/Kernel->sendRequestThroughRouter()
#33 C:/Users/Admin/thalaivaa_api/vendor/laravel/framework/src/Illuminate/Foundation/Application.php(1220): Illuminate/Foundation/Http/Kernel->handle()
#34 C:/Users/Admin/thalaivaa_api/public/index.php(17): Illuminate/Foundation/Application->handleRequest()
#35 {main}
"} 
[2026-09-21 12:30:55] local.ERROR: Rate limiter [api] is not defined. {"exception":"[object] (Illuminate\\Routing\\Exceptions\\MissingRateLimiterException(code: 0): Rate limiter [api] is not defined. at C:/Users/Admin/thalaivaa_api/vendor/laravel/framework/src/Illuminate/Routing/Exceptions/MissingRateLimiterException.php:17)
[stacktrace]
#0 C:/Users/Admin/thalaivaa_api/vendor/laravel/framework/src/Illuminate/Routing/Middleware/ThrottleRequests.php(198): Illuminate/Routing/Exceptions/MissingRateLimiterException::forLimiter()
#1 C:/Users/Admin/thalaivaa_api/vendor/laravel/framework/src/Illuminate/Routing/Middleware/ThrottleRequests.php(98): Illuminate/Routing/Middleware/ThrottleRequests->resolveMaxAttempts()
#2 C:/Users/Admin/thalaivaa_api/vendor/laravel/framework/src/Illuminate/Pipeline/Pipeline.php(209): Illuminate/Routing/Middleware/ThrottleRequests->handle()
#3 C:/Users/Admin/thalaivaa_api/vendor/laravel/framework/src/Illuminate/Pipeline/Pipeline.php(127): Illuminate/Pipeline/Pipeline->{closure:{closure:Illuminate/Pipeline/Pipeline::carry():184}:185}()
#4 C:/Users/Admin/thalaivaa_api/vendor/laravel/framework/src/Illuminate/Routing/Router.php(807): Illuminate/Pipeline/Pipeline->then()
#5 C:/Users/Admin/thalaivaa_api/vendor/laravel/framework/src/Illuminate/Routing/Router.php(786): Illuminate/Routing/Router->runRouteWithinStack()
#6 C:/Users/Admin/thalaivaa_api/vendor/laravel/framework/src/Illuminate/Routing/Router.php(750): Illuminate/Routing/Router->runRoute()
#7 C:/Users/Admin/thalaivaa_api/vendor/laravel/framework/src/Illuminate/Routing/Router.php(739): Illuminate/Routing/Router->dispatchToRoute()
#8 C:/Users/Admin/thalaivaa_api/vendor/laravel/framework/src/Illuminate/Foundation/Http/Kernel.php(201): Illuminate/Routing/Router->dispatch()
#9 C:/Users/Admin/thalaivaa_api/vendor/laravel/framework/src/Illuminate/Pipeline/Pipeline.php(170): Illuminate/Foundation/Http/Kernel->{closure:Illuminate/Foundation/Http/Kernel::dispatchToRouter():198}()
#10 C:/Users/Admin/thalaivaa_api/vendor/livewire/livewire/src/Features/SupportDisablingBackButtonCache/DisableBackButtonCacheMiddleware.php(19): Illuminate/Pipeline/Pipeline->{closure:Illuminate/Pipeline/Pipeline::prepareDestination():168}()
#11 C:/Users/Admin/thalaivaa_api/vendor/laravel/framework/src/Illuminate/Pipeline/Pipeline.php(209): Livewire/Features/SupportDisablingBackButtonCache/DisableBackButtonCacheMiddleware->handle()
#12 C:/Users/Admin/thalaivaa_api/app/Http/Middleware/SecurityHeadersMiddleware.php(18): Illuminate/Pipeline/Pipeline->{closure:{closure:Illuminate/Pipeline/Pipeline::carry():184}:185}()
#13 C:/Users/Admin/thalaivaa_api/vendor/laravel/framework/src/Illuminate/Pipeline/Pipeline.php(209): App/Http/Middleware/SecurityHeadersMiddleware->handle()
#14 C:/Users/Admin/thalaivaa_api/vendor/laravel/framework/src/Illuminate/Foundation/Http/Middleware/TransformsRequest.php(21): Illuminate/Pipeline/Pipeline->{closure:{closure:Illuminate/Pipeline/Pipeline::carry():184}:185}()
#15 C:/Users/Admin/thalaivaa_api/vendor/laravel/framework/src/Illuminate/Foundation/Http/Middleware/ConvertEmptyStringsToNull.php(31): Illuminate/Foundation/Http/Middleware/TransformsRequest->handle()
#16 C:/Users/Admin/thalaivaa_api/vendor/laravel/framework/src/Illuminate/Pipeline/Pipeline.php(209): Illuminate/Foundation/Http/Middleware/ConvertEmptyStringsToNull->handle()
#17 C:/Users/Admin/thalaivaa_api/vendor/laravel/framework/src/Illuminate/Foundation/Http/Middleware/TransformsRequest.php(21): Illuminate/Pipeline/Pipeline->{closure:{closure:Illuminate/Pipeline/Pipeline::carry():184}:185}()
#18 C:/Users/Admin/thalaivaa_api/vendor/laravel/framework/src/Illuminate/Foundation/Http/Middleware/TrimStrings.php(51): Illuminate/Foundation/Http/Middleware/TransformsRequest->handle()
#19 C:/Users/Admin/thalaivaa_api/vendor/laravel/framework/src/Illuminate/Pipeline/Pipeline.php(209): Illuminate/Foundation/Http/Middleware/TrimStrings->handle()
#20 C:/Users/Admin/thalaivaa_api/vendor/laravel/framework/src/Illuminate/Http/Middleware/ValidatePostSize.php(27): Illuminate/Pipeline/Pipeline->{closure:{closure:Illuminate/Pipeline/Pipeline::carry():184}:185}()
#21 C:/Users/Admin/thalaivaa_api/vendor/laravel/framework/src/Illuminate/Pipeline/Pipeline.php(209): Illuminate/Http/Middleware/ValidatePostSize->handle()
#22 C:/Users/Admin/thalaivaa_api/vendor/laravel/framework/src/Illuminate/Foundation/Http/Middleware/PreventRequestsDuringMaintenance.php(110): Illuminate/Pipeline/Pipeline->{closure:{closure:Illuminate/Pipeline/Pipeline::carry():184}:185}()
#23 C:/Users/Admin/thalaivaa_api/vendor/laravel/framework/src/Illuminate/Pipeline/Pipeline.php(209): Illuminate/Foundation/Http/Middleware/PreventRequestsDuringMaintenance->handle()
#24 C:/Users/Admin/thalaivaa_api/vendor/laravel/framework/src/Illuminate/Http/Middleware/HandleCors.php(62): Illuminate/Pipeline/Pipeline->{closure:{closure:Illuminate/Pipeline/Pipeline::carry():184}:185}()
#25 C:/Users/Admin/thalaivaa_api/vendor/laravel/framework/src/Illuminate/Pipeline/Pipeline.php(209): Illuminate/Http/Middleware/HandleCors->handle()
#26 C:/Users/Admin/thalaivaa_api/vendor/laravel/framework/src/Illuminate/Http/Middleware/TrustProxies.php(58): Illuminate/Pipeline/Pipeline->{closure:{closure:Illuminate/Pipeline/Pipeline::carry():184}:185}()
#27 C:/Users/Admin/thalaivaa_api/vendor/laravel/framework/src/Illuminate/Pipeline/Pipeline.php(209): Illuminate/Http/Middleware/TrustProxies->handle()
#28 C:/Users/Admin/thalaivaa_api/vendor/laravel/framework/src/Illuminate/Foundation/Http/Middleware/InvokeDeferredCallbacks.php(22): Illuminate/Pipeline/Pipeline->{closure:{closure:Illuminate/Pipeline/Pipeline::carry():184}:185}()
#29 C:/Users/Admin/thalaivaa_api/vendor/laravel/framework/src/Illuminate/Pipeline/Pipeline.php(209): Illuminate/Foundation/Http/Middleware/InvokeDeferredCallbacks->handle()
#30 C:/Users/Admin/thalaivaa_api/vendor/laravel/framework/src/Illuminate/Pipeline/Pipeline.php(127): Illuminate/Pipeline/Pipeline->{closure:{closure:Illuminate/Pipeline/Pipeline::carry():184}:185}()
#31 C:/Users/Admin/thalaivaa_api/vendor/laravel/framework/src/Illuminate/Foundation/Http/Kernel.php(176): Illuminate/Pipeline/Pipeline->then()
#32 C:/Users/Admin/thalaivaa_api/vendor/laravel/framework/src/Illuminate/Foundation/Http/Kernel.php(145): Illuminate/Foundation/Http/Kernel->sendRequestThroughRouter()
#33 C:/Users/Admin/thalaivaa_api/vendor/laravel/framework/src/Illuminate/Foundation/Application.php(1220): Illuminate/Foundation/Http/Kernel->handle()
#34 C:/Users/Admin/thalaivaa_api/public/index.php(17): Illuminate/Foundation/Application->handleRequest()
#35 {main}
"} 
[2026-09-21 12:30:55] local.ERROR: Rate limiter [api] is not defined. {"exception":"[object] (Illuminate\\Routing\\Exceptions\\MissingRateLimiterException(code: 0): Rate limiter [api] is not defined. at C:/Users/Admin/thalaivaa_api/vendor/laravel/framework/src/Illuminate/Routing/Exceptions/MissingRateLimiterException.php:17)
[stacktrace]
#0 C:/Users/Admin/thalaivaa_api/vendor/laravel/framework/src/Illuminate/Routing/Middleware/ThrottleRequests.php(198): Illuminate/Routing/Exceptions/MissingRateLimiterException::forLimiter()
#1 C:/Users/Admin/thalaivaa_api/vendor/laravel/framework/src/Illuminate/Routing/Middleware/ThrottleRequests.php(98): Illuminate/Routing/Middleware/ThrottleRequests->resolveMaxAttempts()
#2 C:/Users/Admin/thalaivaa_api/vendor/laravel/framework/src/Illuminate/Pipeline/Pipeline.php(209): Illuminate/Routing/Middleware/ThrottleRequests->handle()
#3 C:/Users/Admin/thalaivaa_api/vendor/laravel/framework/src/Illuminate/Pipeline/Pipeline.php(127): Illuminate/Pipeline/Pipeline->{closure:{closure:Illuminate/Pipeline/Pipeline::carry():184}:185}()
#4 C:/Users/Admin/thalaivaa_api/vendor/laravel/framework/src/Illuminate/Routing/Router.php(807): Illuminate/Pipeline/Pipeline->then()
#5 C:/Users/Admin/thalaivaa_api/vendor/laravel/framework/src/Illuminate/Routing/Router.php(786): Illuminate/Routing/Router->runRouteWithinStack()
#6 C:/Users/Admin/thalaivaa_api/vendor/laravel/framework/src/Illuminate/Routing/Router.php(750): Illuminate/Routing/Router->runRoute()
#7 C:/Users/Admin/thalaivaa_api/vendor/laravel/framework/src/Illuminate/Routing/Router.php(739): Illuminate/Routing/Router->dispatchToRoute()
#8 C:/Users/Admin/thalaivaa_api/vendor/laravel/framework/src/Illuminate/Foundation/Http/Kernel.php(201): Illuminate/Routing/Router->dispatch()
#9 C:/Users/Admin/thalaivaa_api/vendor/laravel/framework/src/Illuminate/Pipeline/Pipeline.php(170): Illuminate/Foundation/Http/Kernel->{closure:Illuminate/Foundation/Http/Kernel::dispatchToRouter():198}()
#10 C:/Users/Admin/thalaivaa_api/vendor/livewire/livewire/src/Features/SupportDisablingBackButtonCache/DisableBackButtonCacheMiddleware.php(19): Illuminate/Pipeline/Pipeline->{closure:Illuminate/Pipeline/Pipeline::prepareDestination():168}()
#11 C:/Users/Admin/thalaivaa_api/vendor/laravel/framework/src/Illuminate/Pipeline/Pipeline.php(209): Livewire/Features/SupportDisablingBackButtonCache/DisableBackButtonCacheMiddleware->handle()
#12 C:/Users/Admin/thalaivaa_api/app/Http/Middleware/SecurityHeadersMiddleware.php(18): Illuminate/Pipeline/Pipeline->{closure:{closure:Illuminate/Pipeline/Pipeline::carry():184}:185}()
#13 C:/Users/Admin/thalaivaa_api/vendor/laravel/framework/src/Illuminate/Pipeline/Pipeline.php(209): App/Http/Middleware/SecurityHeadersMiddleware->handle()
#14 C:/Users/Admin/thalaivaa_api/vendor/laravel/framework/src/Illuminate/Foundation/Http/Middleware/TransformsRequest.php(21): Illuminate/Pipeline/Pipeline->{closure:{closure:Illuminate/Pipeline/Pipeline::carry():184}:185}()
#15 C:/Users/Admin/thalaivaa_api/vendor/laravel/framework/src/Illuminate/Foundation/Http/Middleware/ConvertEmptyStringsToNull.php(31): Illuminate/Foundation/Http/Middleware/TransformsRequest->handle()
#16 C:/Users/Admin/thalaivaa_api/vendor/laravel/framework/src/Illuminate/Pipeline/Pipeline.php(209): Illuminate/Foundation/Http/Middleware/ConvertEmptyStringsToNull->handle()
#17 C:/Users/Admin/thalaivaa_api/vendor/laravel/framework/src/Illuminate/Foundation/Http/Middleware/TransformsRequest.php(21): Illuminate/Pipeline/Pipeline->{closure:{closure:Illuminate/Pipeline/Pipeline::carry():184}:185}()
#18 C:/Users/Admin/thalaivaa_api/vendor/laravel/framework/src/Illuminate/Foundation/Http/Middleware/TrimStrings.php(51): Illuminate/Foundation/Http/Middleware/TransformsRequest->handle()
#19 C:/Users/Admin/thalaivaa_api/vendor/laravel/framework/src/Illuminate/Pipeline/Pipeline.php(209): Illuminate/Foundation/Http/Middleware/TrimStrings->handle()
#20 C:/Users/Admin/thalaivaa_api/vendor/laravel/framework/src/Illuminate/Http/Middleware/ValidatePostSize.php(27): Illuminate/Pipeline/Pipeline->{closure:{closure:Illuminate/Pipeline/Pipeline::carry():184}:185}()
#21 C:/Users/Admin/thalaivaa_api/vendor/laravel/framework/src/Illuminate/Pipeline/Pipeline.php(209): Illuminate/Http/Middleware/ValidatePostSize->handle()
#22 C:/Users/Admin/thalaivaa_api/vendor/laravel/framework/src/Illuminate/Foundation/Http/Middleware/PreventRequestsDuringMaintenance.php(110): Illuminate/Pipeline/Pipeline->{closure:{closure:Illuminate/Pipeline/Pipeline::carry():184}:185}()
#23 C:/Users/Admin/thalaivaa_api/vendor/laravel/framework/src/Illuminate/Pipeline/Pipeline.php(209): Illuminate/Foundation/Http/Middleware/PreventRequestsDuringMaintenance->handle()
#24 C:/Users/Admin/thalaivaa_api/vendor/laravel/framework/src/Illuminate/Http/Middleware/HandleCors.php(62): Illuminate/Pipeline/Pipeline->{closure:{closure:Illuminate/Pipeline/Pipeline::carry():184}:185}()
#25 C:/Users/Admin/thalaivaa_api/vendor/laravel/framework/src/Illuminate/Pipeline/Pipeline.php(209): Illuminate/Http/Middleware/HandleCors->handle()
#26 C:/Users/Admin/thalaivaa_api/vendor/laravel/framework/src/Illuminate/Http/Middleware/TrustProxies.php(58): Illuminate/Pipeline/Pipeline->{closure:{closure:Illuminate/Pipeline/Pipeline::carry():184}:185}()
#27 C:/Users/Admin/thalaivaa_api/vendor/laravel/framework/src/Illuminate/Pipeline/Pipeline.php(209): Illuminate/Http/Middleware/TrustProxies->handle()
#28 C:/Users/Admin/thalaivaa_api/vendor/laravel/framework/src/Illuminate/Foundation/Http/Middleware/InvokeDeferredCallbacks.php(22): Illuminate/Pipeline/Pipeline->{closure:{closure:Illuminate/Pipeline/Pipeline::carry():184}:185}()
#29 C:/Users/Admin/thalaivaa_api/vendor/laravel/framework/src/Illuminate/Pipeline/Pipeline.php(209): Illuminate/Foundation/Http/Middleware/InvokeDeferredCallbacks->handle()
#30 C:/Users/Admin/thalaivaa_api/vendor/laravel/framework/src/Illuminate/Pipeline/Pipeline.php(127): Illuminate/Pipeline/Pipeline->{closure:{closure:Illuminate/Pipeline/Pipeline::carry():184}:185}()
#31 C:/Users/Admin/thalaivaa_api/vendor/laravel/framework/src/Illuminate/Foundation/Http/Kernel.php(176): Illuminate/Pipeline/Pipeline->then()
#32 C:/Users/Admin/thalaivaa_api/vendor/laravel/framework/src/Illuminate/Foundation/Http/Kernel.php(145): Illuminate/Foundation/Http/Kernel->sendRequestThroughRouter()
#33 C:/Users/Admin/thalaivaa_api/vendor/laravel/framework/src/Illuminate/Foundation/Application.php(1220): Illuminate/Foundation/Http/Kernel->handle()
#34 C:/Users/Admin/thalaivaa_api/public/index.php(17): Illuminate/Foundation/Application->handleRequest()
#35 {main}
"} 
[2026-09-21 12:30:56] local.ERROR: Rate limiter [api] is not defined. {"exception":"[object] (Illuminate\\Routing\\Exceptions\\MissingRateLimiterException(code: 0): Rate limiter [api] is not defined. at C:/Users/Admin/thalaivaa_api/vendor/laravel/framework/src/Illuminate/Routing/Exceptions/MissingRateLimiterException.php:17)
[stacktrace]
#0 C:/Users/Admin/thalaivaa_api/vendor/laravel/framework/src/Illuminate/Routing/Middleware/ThrottleRequests.php(198): Illuminate/Routing/Exceptions/MissingRateLimiterException::forLimiter()
#1 C:/Users/Admin/thalaivaa_api/vendor/laravel/framework/src/Illuminate/Routing/Middleware/ThrottleRequests.php(98): Illuminate/Routing/Middleware/ThrottleRequests->resolveMaxAttempts()
#2 C:/Users/Admin/thalaivaa_api/vendor/laravel/framework/src/Illuminate/Pipeline/Pipeline.php(209): Illuminate/Routing/Middleware/ThrottleRequests->handle()
#3 C:/Users/Admin/thalaivaa_api/vendor/laravel/framework/src/Illuminate/Pipeline/Pipeline.php(127): Illuminate/Pipeline/Pipeline->{closure:{closure:Illuminate/Pipeline/Pipeline::carry():184}:185}()
#4 C:/Users/Admin/thalaivaa_api/vendor/laravel/framework/src/Illuminate/Routing/Router.php(807): Illuminate/Pipeline/Pipeline->then()
#5 C:/Users/Admin/thalaivaa_api/vendor/laravel/framework/src/Illuminate/Routing/Router.php(786): Illuminate/Routing/Router->runRouteWithinStack()
#6 C:/Users/Admin/thalaivaa_api/vendor/laravel/framework/src/Illuminate/Routing/Router.php(750): Illuminate/Routing/Router->runRoute()
#7 C:/Users/Admin/thalaivaa_api/vendor/laravel/framework/src/Illuminate/Routing/Router.php(739): Illuminate/Routing/Router->dispatchToRoute()
#8 C:/Users/Admin/thalaivaa_api/vendor/laravel/framework/src/Illuminate/Foundation/Http/Kernel.php(201): Illuminate/Routing/Router->dispatch()
#9 C:/Users/Admin/thalaivaa_api/vendor/laravel/framework/src/Illuminate/Pipeline/Pipeline.php(170): Illuminate/Foundation/Http/Kernel->{closure:Illuminate/Foundation/Http/Kernel::dispatchToRouter():198}()
#10 C:/Users/Admin/thalaivaa_api/vendor/livewire/livewire/src/Features/SupportDisablingBackButtonCache/DisableBackButtonCacheMiddleware.php(19): Illuminate/Pipeline/Pipeline->{closure:Illuminate/Pipeline/Pipeline::prepareDestination():168}()
#11 C:/Users/Admin/thalaivaa_api/vendor/laravel/framework/src/Illuminate/Pipeline/Pipeline.php(209): Livewire/Features/SupportDisablingBackButtonCache/DisableBackButtonCacheMiddleware->handle()
#12 C:/Users/Admin/thalaivaa_api/app/Http/Middleware/SecurityHeadersMiddleware.php(18): Illuminate/Pipeline/Pipeline->{closure:{closure:Illuminate/Pipeline/Pipeline::carry():184}:185}()
#13 C:/Users/Admin/thalaivaa_api/vendor/laravel/framework/src/Illuminate/Pipeline/Pipeline.php(209): App/Http/Middleware/SecurityHeadersMiddleware->handle()
#14 C:/Users/Admin/thalaivaa_api/vendor/laravel/framework/src/Illuminate/Foundation/Http/Middleware/TransformsRequest.php(21): Illuminate/Pipeline/Pipeline->{closure:{closure:Illuminate/Pipeline/Pipeline::carry():184}:185}()
#15 C:/Users/Admin/thalaivaa_api/vendor/laravel/framework/src/Illuminate/Foundation/Http/Middleware/ConvertEmptyStringsToNull.php(31): Illuminate/Foundation/Http/Middleware/TransformsRequest->handle()
#16 C:/Users/Admin/thalaivaa_api/vendor/laravel/framework/src/Illuminate/Pipeline/Pipeline.php(209): Illuminate/Foundation/Http/Middleware/ConvertEmptyStringsToNull->handle()
#17 C:/Users/Admin/thalaivaa_api/vendor/laravel/framework/src/Illuminate/Foundation/Http/Middleware/TransformsRequest.php(21): Illuminate/Pipeline/Pipeline->{closure:{closure:Illuminate/Pipeline/Pipeline::carry():184}:185}()
#18 C:/Users/Admin/thalaivaa_api/vendor/laravel/framework/src/Illuminate/Foundation/Http/Middleware/TrimStrings.php(51): Illuminate/Foundation/Http/Middleware/TransformsRequest->handle()
#19 C:/Users/Admin/thalaivaa_api/vendor/laravel/framework/src/Illuminate/Pipeline/Pipeline.php(209): Illuminate/Foundation/Http/Middleware/TrimStrings->handle()
#20 C:/Users/Admin/thalaivaa_api/vendor/laravel/framework/src/Illuminate/Http/Middleware/ValidatePostSize.php(27): Illuminate/Pipeline/Pipeline->{closure:{closure:Illuminate/Pipeline/Pipeline::carry():184}:185}()
#21 C:/Users/Admin/thalaivaa_api/vendor/laravel/framework/src/Illuminate/Pipeline/Pipeline.php(209): Illuminate/Http/Middleware/ValidatePostSize->handle()
#22 C:/Users/Admin/thalaivaa_api/vendor/laravel/framework/src/Illuminate/Foundation/Http/Middleware/PreventRequestsDuringMaintenance.php(110): Illuminate/Pipeline/Pipeline->{closure:{closure:Illuminate/Pipeline/Pipeline::carry():184}:185}()
#23 C:/Users/Admin/thalaivaa_api/vendor/laravel/framework/src/Illuminate/Pipeline/Pipeline.php(209): Illuminate/Foundation/Http/Middleware/PreventRequestsDuringMaintenance->handle()
#24 C:/Users/Admin/thalaivaa_api/vendor/laravel/framework/src/Illuminate/Http/Middleware/HandleCors.php(62): Illuminate/Pipeline/Pipeline->{closure:{closure:Illuminate/Pipeline/Pipeline::carry():184}:185}()
#25 C:/Users/Admin/thalaivaa_api/vendor/laravel/framework/src/Illuminate/Pipeline/Pipeline.php(209): Illuminate/Http/Middleware/HandleCors->handle()
#26 C:/Users/Admin/thalaivaa_api/vendor/laravel/framework/src/Illuminate/Http/Middleware/TrustProxies.php(58): Illuminate/Pipeline/Pipeline->{closure:{closure:Illuminate/Pipeline/Pipeline::carry():184}:185}()
#27 C:/Users/Admin/thalaivaa_api/vendor/laravel/framework/src/Illuminate/Pipeline/Pipeline.php(209): Illuminate/Http/Middleware/TrustProxies->handle()
#28 C:/Users/Admin/thalaivaa_api/vendor/laravel/framework/src/Illuminate/Foundation/Http/Middleware/InvokeDeferredCallbacks.php(22): Illuminate/Pipeline/Pipeline->{closure:{closure:Illuminate/Pipeline/Pipeline::carry():184}:185}()
#29 C:/Users/Admin/thalaivaa_api/vendor/laravel/framework/src/Illuminate/Pipeline/Pipeline.php(209): Illuminate/Foundation/Http/Middleware/InvokeDeferredCallbacks->handle()
#30 C:/Users/Admin/thalaivaa_api/vendor/laravel/framework/src/Illuminate/Pipeline/Pipeline.php(127): Illuminate/Pipeline/Pipeline->{closure:{closure:Illuminate/Pipeline/Pipeline::carry():184}:185}()
#31 C:/Users/Admin/thalaivaa_api/vendor/laravel/framework/src/Illuminate/Foundation/Http/Kernel.php(176): Illuminate/Pipeline/Pipeline->then()
#32 C:/Users/Admin/thalaivaa_api/vendor/laravel/framework/src/Illuminate/Foundation/Http/Kernel.php(145): Illuminate/Foundation/Http/Kernel->sendRequestThroughRouter()
#33 C:/Users/Admin/thalaivaa_api/vendor/laravel/framework/src/Illuminate/Foundation/Application.php(1220): Illuminate/Foundation/Http/Kernel->handle()
#34 C:/Users/Admin/thalaivaa_api/public/index.php(17): Illuminate/Foundation/Application->handleRequest()
#35 {main}
"} 
[2026-09-21 12:30:57] local.ERROR: Rate limiter [api] is not defined. {"exception":"[object] (Illuminate\\Routing\\Exceptions\\MissingRateLimiterException(code: 0): Rate limiter [api] is not defined. at C:/Users/Admin/thalaivaa_api/vendor/laravel/framework/src/Illuminate/Routing/Exceptions/MissingRateLimiterException.php:17)
[stacktrace]
#0 C:/Users/Admin/thalaivaa_api/vendor/laravel/framework/src/Illuminate/Routing/Middleware/ThrottleRequests.php(198): Illuminate/Routing/Exceptions/MissingRateLimiterException::forLimiter()
#1 C:/Users/Admin/thalaivaa_api/vendor/laravel/framework/src/Illuminate/Routing/Middleware/ThrottleRequests.php(98): Illuminate/Routing/Middleware/ThrottleRequests->resolveMaxAttempts()
#2 C:/Users/Admin/thalaivaa_api/vendor/laravel/framework/src/Illuminate/Pipeline/Pipeline.php(209): Illuminate/Routing/Middleware/ThrottleRequests->handle()
#3 C:/Users/Admin/thalaivaa_api/vendor/laravel/framework/src/Illuminate/Pipeline/Pipeline.php(127): Illuminate/Pipeline/Pipeline->{closure:{closure:Illuminate/Pipeline/Pipeline::carry():184}:185}()
#4 C:/Users/Admin/thalaivaa_api/vendor/laravel/framework/src/Illuminate/Routing/Router.php(807): Illuminate/Pipeline/Pipeline->then()
#5 C:/Users/Admin/thalaivaa_api/vendor/laravel/framework/src/Illuminate/Routing/Router.php(786): Illuminate/Routing/Router->runRouteWithinStack()
#6 C:/Users/Admin/thalaivaa_api/vendor/laravel/framework/src/Illuminate/Routing/Router.php(750): Illuminate/Routing/Router->runRoute()
#7 C:/Users/Admin/thalaivaa_api/vendor/laravel/framework/src/Illuminate/Routing/Router.php(739): Illuminate/Routing/Router->dispatchToRoute()
#8 C:/Users/Admin/thalaivaa_api/vendor/laravel/framework/src/Illuminate/Foundation/Http/Kernel.php(201): Illuminate/Routing/Router->dispatch()
#9 C:/Users/Admin/thalaivaa_api/vendor/laravel/framework/src/Illuminate/Pipeline/Pipeline.php(170): Illuminate/Foundation/Http/Kernel->{closure:Illuminate/Foundation/Http/Kernel::dispatchToRouter():198}()
#10 C:/Users/Admin/thalaivaa_api/vendor/livewire/livewire/src/Features/SupportDisablingBackButtonCache/DisableBackButtonCacheMiddleware.php(19): Illuminate/Pipeline/Pipeline->{closure:Illuminate/Pipeline/Pipeline::prepareDestination():168}()
#11 C:/Users/Admin/thalaivaa_api/vendor/laravel/framework/src/Illuminate/Pipeline/Pipeline.php(209): Livewire/Features/SupportDisablingBackButtonCache/DisableBackButtonCacheMiddleware->handle()
#12 C:/Users/Admin/thalaivaa_api/app/Http/Middleware/SecurityHeadersMiddleware.php(18): Illuminate/Pipeline/Pipeline->{closure:{closure:Illuminate/Pipeline/Pipeline::carry():184}:185}()
#13 C:/Users/Admin/thalaivaa_api/vendor/laravel/framework/src/Illuminate/Pipeline/Pipeline.php(209): App/Http/Middleware/SecurityHeadersMiddleware->handle()
#14 C:/Users/Admin/thalaivaa_api/vendor/laravel/framework/src/Illuminate/Foundation/Http/Middleware/TransformsRequest.php(21): Illuminate/Pipeline/Pipeline->{closure:{closure:Illuminate/Pipeline/Pipeline::carry():184}:185}()
#15 C:/Users/Admin/thalaivaa_api/vendor/laravel/framework/src/Illuminate/Foundation/Http/Middleware/ConvertEmptyStringsToNull.php(31): Illuminate/Foundation/Http/Middleware/TransformsRequest->handle()
#16 C:/Users/Admin/thalaivaa_api/vendor/laravel/framework/src/Illuminate/Pipeline/Pipeline.php(209): Illuminate/Foundation/Http/Middleware/ConvertEmptyStringsToNull->handle()
#17 C:/Users/Admin/thalaivaa_api/vendor/laravel/framework/src/Illuminate/Foundation/Http/Middleware/TransformsRequest.php(21): Illuminate/Pipeline/Pipeline->{closure:{closure:Illuminate/Pipeline/Pipeline::carry():184}:185}()
#18 C:/Users/Admin/thalaivaa_api/vendor/laravel/framework/src/Illuminate/Foundation/Http/Middleware/TrimStrings.php(51): Illuminate/Foundation/Http/Middleware/TransformsRequest->handle()
#19 C:/Users/Admin/thalaivaa_api/vendor/laravel/framework/src/Illuminate/Pipeline/Pipeline.php(209): Illuminate/Foundation/Http/Middleware/TrimStrings->handle()
#20 C:/Users/Admin/thalaivaa_api/vendor/laravel/framework/src/Illuminate/Http/Middleware/ValidatePostSize.php(27): Illuminate/Pipeline/Pipeline->{closure:{closure:Illuminate/Pipeline/Pipeline::carry():184}:185}()
#21 C:/Users/Admin/thalaivaa_api/vendor/laravel/framework/src/Illuminate/Pipeline/Pipeline.php(209): Illuminate/Http/Middleware/ValidatePostSize->handle()
#22 C:/Users/Admin/thalaivaa_api/vendor/laravel/framework/src/Illuminate/Foundation/Http/Middleware/PreventRequestsDuringMaintenance.php(110): Illuminate/Pipeline/Pipeline->{closure:{closure:Illuminate/Pipeline/Pipeline::carry():184}:185}()
#23 C:/Users/Admin/thalaivaa_api/vendor/laravel/framework/src/Illuminate/Pipeline/Pipeline.php(209): Illuminate/Foundation/Http/Middleware/PreventRequestsDuringMaintenance->handle()
#24 C:/Users/Admin/thalaivaa_api/vendor/laravel/framework/src/Illuminate/Http/Middleware/HandleCors.php(62): Illuminate/Pipeline/Pipeline->{closure:{closure:Illuminate/Pipeline/Pipeline::carry():184}:185}()
#25 C:/Users/Admin/thalaivaa_api/vendor/laravel/framework/src/Illuminate/Pipeline/Pipeline.php(209): Illuminate/Http/Middleware/HandleCors->handle()
#26 C:/Users/Admin/thalaivaa_api/vendor/laravel/framework/src/Illuminate/Http/Middleware/TrustProxies.php(58): Illuminate/Pipeline/Pipeline->{closure:{closure:Illuminate/Pipeline/Pipeline::carry():184}:185}()
#27 C:/Users/Admin/thalaivaa_api/vendor/laravel/framework/src/Illuminate/Pipeline/Pipeline.php(209): Illuminate/Http/Middleware/TrustProxies->handle()
#28 C:/Users/Admin/thalaivaa_api/vendor/laravel/framework/src/Illuminate/Foundation/Http/Middleware/InvokeDeferredCallbacks.php(22): Illuminate/Pipeline/Pipeline->{closure:{closure:Illuminate/Pipeline/Pipeline::carry():184}:185}()
#29 C:/Users/Admin/thalaivaa_api/vendor/laravel/framework/src/Illuminate/Pipeline/Pipeline.php(209): Illuminate/Foundation/Http/Middleware/InvokeDeferredCallbacks->handle()
#30 C:/Users/Admin/thalaivaa_api/vendor/laravel/framework/src/Illuminate/Pipeline/Pipeline.php(127): Illuminate/Pipeline/Pipeline->{closure:{closure:Illuminate/Pipeline/Pipeline::carry():184}:185}()
#31 C:/Users/Admin/thalaivaa_api/vendor/laravel/framework/src/Illuminate/Foundation/Http/Kernel.php(176): Illuminate/Pipeline/Pipeline->then()
#32 C:/Users/Admin/thalaivaa_api/vendor/laravel/framework/src/Illuminate/Foundation/Http/Kernel.php(145): Illuminate/Foundation/Http/Kernel->sendRequestThroughRouter()
#33 C:/Users/Admin/thalaivaa_api/vendor/laravel/framework/src/Illuminate/Foundation/Application.php(1220): Illuminate/Foundation/Http/Kernel->handle()
#34 C:/Users/Admin/thalaivaa_api/public/index.php(17): Illuminate/Foundation/Application->handleRequest()
#35 {main}
"} 
[2026-09-21 12:30:57] local.ERROR: Rate limiter [api] is not defined. {"exception":"[object] (Illuminate\\Routing\\Exceptions\\MissingRateLimiterException(code: 0): Rate limiter [api] is not defined. at C:/Users/Admin/thalaivaa_api/vendor/laravel/framework/src/Illuminate/Routing/Exceptions/MissingRateLimiterException.php:17)
[stacktrace]
#0 C:/Users/Admin/thalaivaa_api/vendor/laravel/framework/src/Illuminate/Routing/Middleware/ThrottleRequests.php(198): Illuminate/Routing/Exceptions/MissingRateLimiterException::forLimiter()
#1 C:/Users/Admin/thalaivaa_api/vendor/laravel/framework/src/Illuminate/Routing/Middleware/ThrottleRequests.php(98): Illuminate/Routing/Middleware/ThrottleRequests->resolveMaxAttempts()
#2 C:/Users/Admin/thalaivaa_api/vendor/laravel/framework/src/Illuminate/Pipeline/Pipeline.php(209): Illuminate/Routing/Middleware/ThrottleRequests->handle()
#3 C:/Users/Admin/thalaivaa_api/vendor/laravel/framework/src/Illuminate/Pipeline/Pipeline.php(127): Illuminate/Pipeline/Pipeline->{closure:{closure:Illuminate/Pipeline/Pipeline::carry():184}:185}()
#4 C:/Users/Admin/thalaivaa_api/vendor/laravel/framework/src/Illuminate/Routing/Router.php(807): Illuminate/Pipeline/Pipeline->then()
#5 C:/Users/Admin/thalaivaa_api/vendor/laravel/framework/src/Illuminate/Routing/Router.php(786): Illuminate/Routing/Router->runRouteWithinStack()
#6 C:/Users/Admin/thalaivaa_api/vendor/laravel/framework/src/Illuminate/Routing/Router.php(750): Illuminate/Routing/Router->runRoute()
#7 C:/Users/Admin/thalaivaa_api/vendor/laravel/framework/src/Illuminate/Routing/Router.php(739): Illuminate/Routing/Router->dispatchToRoute()
#8 C:/Users/Admin/thalaivaa_api/vendor/laravel/framework/src/Illuminate/Foundation/Http/Kernel.php(201): Illuminate/Routing/Router->dispatch()
#9 C:/Users/Admin/thalaivaa_api/vendor/laravel/framework/src/Illuminate/Pipeline/Pipeline.php(170): Illuminate/Foundation/Http/Kernel->{closure:Illuminate/Foundation/Http/Kernel::dispatchToRouter():198}()
#10 C:/Users/Admin/thalaivaa_api/vendor/livewire/livewire/src/Features/SupportDisablingBackButtonCache/DisableBackButtonCacheMiddleware.php(19): Illuminate/Pipeline/Pipeline->{closure:Illuminate/Pipeline/Pipeline::prepareDestination():168}()
#11 C:/Users/Admin/thalaivaa_api/vendor/laravel/framework/src/Illuminate/Pipeline/Pipeline.php(209): Livewire/Features/SupportDisablingBackButtonCache/DisableBackButtonCacheMiddleware->handle()
#12 C:/Users/Admin/thalaivaa_api/app/Http/Middleware/SecurityHeadersMiddleware.php(18): Illuminate/Pipeline/Pipeline->{closure:{closure:Illuminate/Pipeline/Pipeline::carry():184}:185}()
#13 C:/Users/Admin/thalaivaa_api/vendor/laravel/framework/src/Illuminate/Pipeline/Pipeline.php(209): App/Http/Middleware/SecurityHeadersMiddleware->handle()
#14 C:/Users/Admin/thalaivaa_api/vendor/laravel/framework/src/Illuminate/Foundation/Http/Middleware/TransformsRequest.php(21): Illuminate/Pipeline/Pipeline->{closure:{closure:Illuminate/Pipeline/Pipeline::carry():184}:185}()
#15 C:/Users/Admin/thalaivaa_api/vendor/laravel/framework/src/Illuminate/Foundation/Http/Middleware/ConvertEmptyStringsToNull.php(31): Illuminate/Foundation/Http/Middleware/TransformsRequest->handle()
#16 C:/Users/Admin/thalaivaa_api/vendor/laravel/framework/src/Illuminate/Pipeline/Pipeline.php(209): Illuminate/Foundation/Http/Middleware/ConvertEmptyStringsToNull->handle()
#17 C:/Users/Admin/thalaivaa_api/vendor/laravel/framework/src/Illuminate/Foundation/Http/Middleware/TransformsRequest.php(21): Illuminate/Pipeline/Pipeline->{closure:{closure:Illuminate/Pipeline/Pipeline::carry():184}:185}()
#18 C:/Users/Admin/thalaivaa_api/vendor/laravel/framework/src/Illuminate/Foundation/Http/Middleware/TrimStrings.php(51): Illuminate/Foundation/Http/Middleware/TransformsRequest->handle()
#19 C:/Users/Admin/thalaivaa_api/vendor/laravel/framework/src/Illuminate/Pipeline/Pipeline.php(209): Illuminate/Foundation/Http/Middleware/TrimStrings->handle()
#20 C:/Users/Admin/thalaivaa_api/vendor/laravel/framework/src/Illuminate/Http/Middleware/ValidatePostSize.php(27): Illuminate/Pipeline/Pipeline->{closure:{closure:Illuminate/Pipeline/Pipeline::carry():184}:185}()
#21 C:/Users/Admin/thalaivaa_api/vendor/laravel/framework/src/Illuminate/Pipeline/Pipeline.php(209): Illuminate/Http/Middleware/ValidatePostSize->handle()
#22 C:/Users/Admin/thalaivaa_api/vendor/laravel/framework/src/Illuminate/Foundation/Http/Middleware/PreventRequestsDuringMaintenance.php(110): Illuminate/Pipeline/Pipeline->{closure:{closure:Illuminate/Pipeline/Pipeline::carry():184}:185}()
#23 C:/Users/Admin/thalaivaa_api/vendor/laravel/framework/src/Illuminate/Pipeline/Pipeline.php(209): Illuminate/Foundation/Http/Middleware/PreventRequestsDuringMaintenance->handle()
#24 C:/Users/Admin/thalaivaa_api/vendor/laravel/framework/src/Illuminate/Http/Middleware/HandleCors.php(62): Illuminate/Pipeline/Pipeline->{closure:{closure:Illuminate/Pipeline/Pipeline::carry():184}:185}()
#25 C:/Users/Admin/thalaivaa_api/vendor/laravel/framework/src/Illuminate/Pipeline/Pipeline.php(209): Illuminate/Http/Middleware/HandleCors->handle()
#26 C:/Users/Admin/thalaivaa_api/vendor/laravel/framework/src/Illuminate/Http/Middleware/TrustProxies.php(58): Illuminate/Pipeline/Pipeline->{closure:{closure:Illuminate/Pipeline/Pipeline::carry():184}:185}()
#27 C:/Users/Admin/thalaivaa_api/vendor/laravel/framework/src/Illuminate/Pipeline/Pipeline.php(209): Illuminate/Http/Middleware/TrustProxies->handle()
#28 C:/Users/Admin/thalaivaa_api/vendor/laravel/framework/src/Illuminate/Foundation/Http/Middleware/InvokeDeferredCallbacks.php(22): Illuminate/Pipeline/Pipeline->{closure:{closure:Illuminate/Pipeline/Pipeline::carry():184}:185}()
#29 C:/Users/Admin/thalaivaa_api/vendor/laravel/framework/src/Illuminate/Pipeline/Pipeline.php(209): Illuminate/Foundation/Http/Middleware/InvokeDeferredCallbacks->handle()
#30 C:/Users/Admin/thalaivaa_api/vendor/laravel/framework/src/Illuminate/Pipeline/Pipeline.php(127): Illuminate/Pipeline/Pipeline->{closure:{closure:Illuminate/Pipeline/Pipeline::carry():184}:185}()
#31 C:/Users/Admin/thalaivaa_api/vendor/laravel/framework/src/Illuminate/Foundation/Http/Kernel.php(176): Illuminate/Pipeline/Pipeline->then()
#32 C:/Users/Admin/thalaivaa_api/vendor/laravel/framework/src/Illuminate/Foundation/Http/Kernel.php(145): Illuminate/Foundation/Http/Kernel->sendRequestThroughRouter()
#33 C:/Users/Admin/thalaivaa_api/vendor/laravel/framework/src/Illuminate/Foundation/Application.php(1220): Illuminate/Foundation/Http/Kernel->handle()
#34 C:/Users/Admin/thalaivaa_api/public/index.php(17): Illuminate/Foundation/Application->handleRequest()
#35 {main}
"} 
[2026-09-21 12:30:57] local.ERROR: Rate limiter [api] is not defined. {"exception":"[object] (Illuminate\\Routing\\Exceptions\\MissingRateLimiterException(code: 0): Rate limiter [api] is not defined. at C:/Users/Admin/thalaivaa_api/vendor/laravel/framework/src/Illuminate/Routing/Exceptions/MissingRateLimiterException.php:17)
[stacktrace]
#0 C:/Users/Admin/thalaivaa_api/vendor/laravel/framework/src/Illuminate/Routing/Middleware/ThrottleRequests.php(198): Illuminate/Routing/Exceptions/MissingRateLimiterException::forLimiter()
#1 C:/Users/Admin/thalaivaa_api/vendor/laravel/framework/src/Illuminate/Routing/Middleware/ThrottleRequests.php(98): Illuminate/Routing/Middleware/ThrottleRequests->resolveMaxAttempts()
#2 C:/Users/Admin/thalaivaa_api/vendor/laravel/framework/src/Illuminate/Pipeline/Pipeline.php(209): Illuminate/Routing/Middleware/ThrottleRequests->handle()
#3 C:/Users/Admin/thalaivaa_api/vendor/laravel/framework/src/Illuminate/Pipeline/Pipeline.php(127): Illuminate/Pipeline/Pipeline->{closure:{closure:Illuminate/Pipeline/Pipeline::carry():184}:185}()
#4 C:/Users/Admin/thalaivaa_api/vendor/laravel/framework/src/Illuminate/Routing/Router.php(807): Illuminate/Pipeline/Pipeline->then()
#5 C:/Users/Admin/thalaivaa_api/vendor/laravel/framework/src/Illuminate/Routing/Router.php(786): Illuminate/Routing/Router->runRouteWithinStack()
#6 C:/Users/Admin/thalaivaa_api/vendor/laravel/framework/src/Illuminate/Routing/Router.php(750): Illuminate/Routing/Router->runRoute()
#7 C:/Users/Admin/thalaivaa_api/vendor/laravel/framework/src/Illuminate/Routing/Router.php(739): Illuminate/Routing/Router->dispatchToRoute()
#8 C:/Users/Admin/thalaivaa_api/vendor/laravel/framework/src/Illuminate/Foundation/Http/Kernel.php(201): Illuminate/Routing/Router->dispatch()
#9 C:/Users/Admin/thalaivaa_api/vendor/laravel/framework/src/Illuminate/Pipeline/Pipeline.php(170): Illuminate/Foundation/Http/Kernel->{closure:Illuminate/Foundation/Http/Kernel::dispatchToRouter():198}()
#10 C:/Users/Admin/thalaivaa_api/vendor/livewire/livewire/src/Features/SupportDisablingBackButtonCache/DisableBackButtonCacheMiddleware.php(19): Illuminate/Pipeline/Pipeline->{closure:Illuminate/Pipeline/Pipeline::prepareDestination():168}()
#11 C:/Users/Admin/thalaivaa_api/vendor/laravel/framework/src/Illuminate/Pipeline/Pipeline.php(209): Livewire/Features/SupportDisablingBackButtonCache/DisableBackButtonCacheMiddleware->handle()
#12 C:/Users/Admin/thalaivaa_api/app/Http/Middleware/SecurityHeadersMiddleware.php(18): Illuminate/Pipeline/Pipeline->{closure:{closure:Illuminate/Pipeline/Pipeline::carry():184}:185}()
#13 C:/Users/Admin/thalaivaa_api/vendor/laravel/framework/src/Illuminate/Pipeline/Pipeline.php(209): App/Http/Middleware/SecurityHeadersMiddleware->handle()
#14 C:/Users/Admin/thalaivaa_api/vendor/laravel/framework/src/Illuminate/Foundation/Http/Middleware/TransformsRequest.php(21): Illuminate/Pipeline/Pipeline->{closure:{closure:Illuminate/Pipeline/Pipeline::carry():184}:185}()
#15 C:/Users/Admin/thalaivaa_api/vendor/laravel/framework/src/Illuminate/Foundation/Http/Middleware/ConvertEmptyStringsToNull.php(31): Illuminate/Foundation/Http/Middleware/TransformsRequest->handle()
#16 C:/Users/Admin/thalaivaa_api/vendor/laravel/framework/src/Illuminate/Pipeline/Pipeline.php(209): Illuminate/Foundation/Http/Middleware/ConvertEmptyStringsToNull->handle()
#17 C:/Users/Admin/thalaivaa_api/vendor/laravel/framework/src/Illuminate/Foundation/Http/Middleware/TransformsRequest.php(21): Illuminate/Pipeline/Pipeline->{closure:{closure:Illuminate/Pipeline/Pipeline::carry():184}:185}()
#18 C:/Users/Admin/thalaivaa_api/vendor/laravel/framework/src/Illuminate/Foundation/Http/Middleware/TrimStrings.php(51): Illuminate/Foundation/Http/Middleware/TransformsRequest->handle()
#19 C:/Users/Admin/thalaivaa_api/vendor/laravel/framework/src/Illuminate/Pipeline/Pipeline.php(209): Illuminate/Foundation/Http/Middleware/TrimStrings->handle()
#20 C:/Users/Admin/thalaivaa_api/vendor/laravel/framework/src/Illuminate/Http/Middleware/ValidatePostSize.php(27): Illuminate/Pipeline/Pipeline->{closure:{closure:Illuminate/Pipeline/Pipeline::carry():184}:185}()
#21 C:/Users/Admin/thalaivaa_api/vendor/laravel/framework/src/Illuminate/Pipeline/Pipeline.php(209): Illuminate/Http/Middleware/ValidatePostSize->handle()
#22 C:/Users/Admin/thalaivaa_api/vendor/laravel/framework/src/Illuminate/Foundation/Http/Middleware/PreventRequestsDuringMaintenance.php(110): Illuminate/Pipeline/Pipeline->{closure:{closure:Illuminate/Pipeline/Pipeline::carry():184}:185}()
#23 C:/Users/Admin/thalaivaa_api/vendor/laravel/framework/src/Illuminate/Pipeline/Pipeline.php(209): Illuminate/Foundation/Http/Middleware/PreventRequestsDuringMaintenance->handle()
#24 C:/Users/Admin/thalaivaa_api/vendor/laravel/framework/src/Illuminate/Http/Middleware/HandleCors.php(62): Illuminate/Pipeline/Pipeline->{closure:{closure:Illuminate/Pipeline/Pipeline::carry():184}:185}()
#25 C:/Users/Admin/thalaivaa_api/vendor/laravel/framework/src/Illuminate/Pipeline/Pipeline.php(209): Illuminate/Http/Middleware/HandleCors->handle()
#26 C:/Users/Admin/thalaivaa_api/vendor/laravel/framework/src/Illuminate/Http/Middleware/TrustProxies.php(58): Illuminate/Pipeline/Pipeline->{closure:{closure:Illuminate/Pipeline/Pipeline::carry():184}:185}()
#27 C:/Users/Admin/thalaivaa_api/vendor/laravel/framework/src/Illuminate/Pipeline/Pipeline.php(209): Illuminate/Http/Middleware/TrustProxies->handle()
#28 C:/Users/Admin/thalaivaa_api/vendor/laravel/framework/src/Illuminate/Foundation/Http/Middleware/InvokeDeferredCallbacks.php(22): Illuminate/Pipeline/Pipeline->{closure:{closure:Illuminate/Pipeline/Pipeline::carry():184}:185}()
#29 C:/Users/Admin/thalaivaa_api/vendor/laravel/framework/src/Illuminate/Pipeline/Pipeline.php(209): Illuminate/Foundation/Http/Middleware/InvokeDeferredCallbacks->handle()
#30 C:/Users/Admin/thalaivaa_api/vendor/laravel/framework/src/Illuminate/Pipeline/Pipeline.php(127): Illuminate/Pipeline/Pipeline->{closure:{closure:Illuminate/Pipeline/Pipeline::carry():184}:185}()
#31 C:/Users/Admin/thalaivaa_api/vendor/laravel/framework/src/Illuminate/Foundation/Http/Kernel.php(176): Illuminate/Pipeline/Pipeline->then()
#32 C:/Users/Admin/thalaivaa_api/vendor/laravel/framework/src/Illuminate/Foundation/Http/Kernel.php(145): Illuminate/Foundation/Http/Kernel->sendRequestThroughRouter()
#33 C:/Users/Admin/thalaivaa_api/vendor/laravel/framework/src/Illuminate/Foundation/Application.php(1220): Illuminate/Foundation/Http/Kernel->handle()
#34 C:/Users/Admin/thalaivaa_api/public/index.php(17): Illuminate/Foundation/Application->handleRequest()
#35 {main}
"} 
[2026-09-21 12:30:57] local.ERROR: Rate limiter [api] is not defined. {"exception":"[object] (Illuminate\\Routing\\Exceptions\\MissingRateLimiterException(code: 0): Rate limiter [api] is not defined. at C:/Users/Admin/thalaivaa_api/vendor/laravel/framework/src/Illuminate/Routing/Exceptions/MissingRateLimiterException.php:17)
[stacktrace]
#0 C:/Users/Admin/thalaivaa_api/vendor/laravel/framework/src/Illuminate/Routing/Middleware/ThrottleRequests.php(198): Illuminate/Routing/Exceptions/MissingRateLimiterException::forLimiter()
#1 C:/Users/Admin/thalaivaa_api/vendor/laravel/framework/src/Illuminate/Routing/Middleware/ThrottleRequests.php(98): Illuminate/Routing/Middleware/ThrottleRequests->resolveMaxAttempts()
#2 C:/Users/Admin/thalaivaa_api/vendor/laravel/framework/src/Illuminate/Pipeline/Pipeline.php(209): Illuminate/Routing/Middleware/ThrottleRequests->handle()
#3 C:/Users/Admin/thalaivaa_api/vendor/laravel/framework/src/Illuminate/Pipeline/Pipeline.php(127): Illuminate/Pipeline/Pipeline->{closure:{closure:Illuminate/Pipeline/Pipeline::carry():184}:185}()
#4 C:/Users/Admin/thalaivaa_api/vendor/laravel/framework/src/Illuminate/Routing/Router.php(807): Illuminate/Pipeline/Pipeline->then()
#5 C:/Users/Admin/thalaivaa_api/vendor/laravel/framework/src/Illuminate/Routing/Router.php(786): Illuminate/Routing/Router->runRouteWithinStack()
#6 C:/Users/Admin/thalaivaa_api/vendor/laravel/framework/src/Illuminate/Routing/Router.php(750): Illuminate/Routing/Router->runRoute()
#7 C:/Users/Admin/thalaivaa_api/vendor/laravel/framework/src/Illuminate/Routing/Router.php(739): Illuminate/Routing/Router->dispatchToRoute()
#8 C:/Users/Admin/thalaivaa_api/vendor/laravel/framework/src/Illuminate/Foundation/Http/Kernel.php(201): Illuminate/Routing/Router->dispatch()
#9 C:/Users/Admin/thalaivaa_api/vendor/laravel/framework/src/Illuminate/Pipeline/Pipeline.php(170): Illuminate/Foundation/Http/Kernel->{closure:Illuminate/Foundation/Http/Kernel::dispatchToRouter():198}()
#10 C:/Users/Admin/thalaivaa_api/vendor/livewire/livewire/src/Features/SupportDisablingBackButtonCache/DisableBackButtonCacheMiddleware.php(19): Illuminate/Pipeline/Pipeline->{closure:Illuminate/Pipeline/Pipeline::prepareDestination():168}()
#11 C:/Users/Admin/thalaivaa_api/vendor/laravel/framework/src/Illuminate/Pipeline/Pipeline.php(209): Livewire/Features/SupportDisablingBackButtonCache/DisableBackButtonCacheMiddleware->handle()
#12 C:/Users/Admin/thalaivaa_api/app/Http/Middleware/SecurityHeadersMiddleware.php(18): Illuminate/Pipeline/Pipeline->{closure:{closure:Illuminate/Pipeline/Pipeline::carry():184}:185}()
#13 C:/Users/Admin/thalaivaa_api/vendor/laravel/framework/src/Illuminate/Pipeline/Pipeline.php(209): App/Http/Middleware/SecurityHeadersMiddleware->handle()
#14 C:/Users/Admin/thalaivaa_api/vendor/laravel/framework/src/Illuminate/Foundation/Http/Middleware/TransformsRequest.php(21): Illuminate/Pipeline/Pipeline->{closure:{closure:Illuminate/Pipeline/Pipeline::carry():184}:185}()
#15 C:/Users/Admin/thalaivaa_api/vendor/laravel/framework/src/Illuminate/Foundation/Http/Middleware/ConvertEmptyStringsToNull.php(31): Illuminate/Foundation/Http/Middleware/TransformsRequest->handle()
#16 C:/Users/Admin/thalaivaa_api/vendor/laravel/framework/src/Illuminate/Pipeline/Pipeline.php(209): Illuminate/Foundation/Http/Middleware/ConvertEmptyStringsToNull->handle()
#17 C:/Users/Admin/thalaivaa_api/vendor/laravel/framework/src/Illuminate/Foundation/Http/Middleware/TransformsRequest.php(21): Illuminate/Pipeline/Pipeline->{closure:{closure:Illuminate/Pipeline/Pipeline::carry():184}:185}()
#18 C:/Users/Admin/thalaivaa_api/vendor/laravel/framework/src/Illuminate/Foundation/Http/Middleware/TrimStrings.php(51): Illuminate/Foundation/Http/Middleware/TransformsRequest->handle()
#19 C:/Users/Admin/thalaivaa_api/vendor/laravel/framework/src/Illuminate/Pipeline/Pipeline.php(209): Illuminate/Foundation/Http/Middleware/TrimStrings->handle()
#20 C:/Users/Admin/thalaivaa_api/vendor/laravel/framework/src/Illuminate/Http/Middleware/ValidatePostSize.php(27): Illuminate/Pipeline/Pipeline->{closure:{closure:Illuminate/Pipeline/Pipeline::carry():184}:185}()
#21 C:/Users/Admin/thalaivaa_api/vendor/laravel/framework/src/Illuminate/Pipeline/Pipeline.php(209): Illuminate/Http/Middleware/ValidatePostSize->handle()
#22 C:/Users/Admin/thalaivaa_api/vendor/laravel/framework/src/Illuminate/Foundation/Http/Middleware/PreventRequestsDuringMaintenance.php(110): Illuminate/Pipeline/Pipeline->{closure:{closure:Illuminate/Pipeline/Pipeline::carry():184}:185}()
#23 C:/Users/Admin/thalaivaa_api/vendor/laravel/framework/src/Illuminate/Pipeline/Pipeline.php(209): Illuminate/Foundation/Http/Middleware/PreventRequestsDuringMaintenance->handle()
#24 C:/Users/Admin/thalaivaa_api/vendor/laravel/framework/src/Illuminate/Http/Middleware/HandleCors.php(62): Illuminate/Pipeline/Pipeline->{closure:{closure:Illuminate/Pipeline/Pipeline::carry():184}:185}()
#25 C:/Users/Admin/thalaivaa_api/vendor/laravel/framework/src/Illuminate/Pipeline/Pipeline.php(209): Illuminate/Http/Middleware/HandleCors->handle()
#26 C:/Users/Admin/thalaivaa_api/vendor/laravel/framework/src/Illuminate/Http/Middleware/TrustProxies.php(58): Illuminate/Pipeline/Pipeline->{closure:{closure:Illuminate/Pipeline/Pipeline::carry():184}:185}()
#27 C:/Users/Admin/thalaivaa_api/vendor/laravel/framework/src/Illuminate/Pipeline/Pipeline.php(209): Illuminate/Http/Middleware/TrustProxies->handle()
#28 C:/Users/Admin/thalaivaa_api/vendor/laravel/framework/src/Illuminate/Foundation/Http/Middleware/InvokeDeferredCallbacks.php(22): Illuminate/Pipeline/Pipeline->{closure:{closure:Illuminate/Pipeline/Pipeline::carry():184}:185}()
#29 C:/Users/Admin/thalaivaa_api/vendor/laravel/framework/src/Illuminate/Pipeline/Pipeline.php(209): Illuminate/Foundation/Http/Middleware/InvokeDeferredCallbacks->handle()
#30 C:/Users/Admin/thalaivaa_api/vendor/laravel/framework/src/Illuminate/Pipeline/Pipeline.php(127): Illuminate/Pipeline/Pipeline->{closure:{closure:Illuminate/Pipeline/Pipeline::carry():184}:185}()
#31 C:/Users/Admin/thalaivaa_api/vendor/laravel/framework/src/Illuminate/Foundation/Http/Kernel.php(176): Illuminate/Pipeline/Pipeline->then()
#32 C:/Users/Admin/thalaivaa_api/vendor/laravel/framework/src/Illuminate/Foundation/Http/Kernel.php(145): Illuminate/Foundation/Http/Kernel->sendRequestThroughRouter()
#33 C:/Users/Admin/thalaivaa_api/vendor/laravel/framework/src/Illuminate/Foundation/Application.php(1220): Illuminate/Foundation/Http/Kernel->handle()
#34 C:/Users/Admin/thalaivaa_api/public/index.php(17): Illuminate/Foundation/Application->handleRequest()
#35 {main}
"} 
[2026-09-21 12:30:57] local.ERROR: Rate limiter [api] is not defined. {"exception":"[object] (Illuminate\\Routing\\Exceptions\\MissingRateLimiterException(code: 0): Rate limiter [api] is not defined. at C:/Users/Admin/thalaivaa_api/vendor/laravel/framework/src/Illuminate/Routing/Exceptions/MissingRateLimiterException.php:17)
[stacktrace]
#0 C:/Users/Admin/thalaivaa_api/vendor/laravel/framework/src/Illuminate/Routing/Middleware/ThrottleRequests.php(198): Illuminate/Routing/Exceptions/MissingRateLimiterException::forLimiter()
#1 C:/Users/Admin/thalaivaa_api/vendor/laravel/framework/src/Illuminate/Routing/Middleware/ThrottleRequests.php(98): Illuminate/Routing/Middleware/ThrottleRequests->resolveMaxAttempts()
#2 C:/Users/Admin/thalaivaa_api/vendor/laravel/framework/src/Illuminate/Pipeline/Pipeline.php(209): Illuminate/Routing/Middleware/ThrottleRequests->handle()
#3 C:/Users/Admin/thalaivaa_api/vendor/laravel/framework/src/Illuminate/Pipeline/Pipeline.php(127): Illuminate/Pipeline/Pipeline->{closure:{closure:Illuminate/Pipeline/Pipeline::carry():184}:185}()
#4 C:/Users/Admin/thalaivaa_api/vendor/laravel/framework/src/Illuminate/Routing/Router.php(807): Illuminate/Pipeline/Pipeline->then()
#5 C:/Users/Admin/thalaivaa_api/vendor/laravel/framework/src/Illuminate/Routing/Router.php(786): Illuminate/Routing/Router->runRouteWithinStack()
#6 C:/Users/Admin/thalaivaa_api/vendor/laravel/framework/src/Illuminate/Routing/Router.php(750): Illuminate/Routing/Router->runRoute()
#7 C:/Users/Admin/thalaivaa_api/vendor/laravel/framework/src/Illuminate/Routing/Router.php(739): Illuminate/Routing/Router->dispatchToRoute()
#8 C:/Users/Admin/thalaivaa_api/vendor/laravel/framework/src/Illuminate/Foundation/Http/Kernel.php(201): Illuminate/Routing/Router->dispatch()
#9 C:/Users/Admin/thalaivaa_api/vendor/laravel/framework/src/Illuminate/Pipeline/Pipeline.php(170): Illuminate/Foundation/Http/Kernel->{closure:Illuminate/Foundation/Http/Kernel::dispatchToRouter():198}()
#10 C:/Users/Admin/thalaivaa_api/vendor/livewire/livewire/src/Features/SupportDisablingBackButtonCache/DisableBackButtonCacheMiddleware.php(19): Illuminate/Pipeline/Pipeline->{closure:Illuminate/Pipeline/Pipeline::prepareDestination():168}()
#11 C:/Users/Admin/thalaivaa_api/vendor/laravel/framework/src/Illuminate/Pipeline/Pipeline.php(209): Livewire/Features/SupportDisablingBackButtonCache/DisableBackButtonCacheMiddleware->handle()
#12 C:/Users/Admin/thalaivaa_api/app/Http/Middleware/SecurityHeadersMiddleware.php(18): Illuminate/Pipeline/Pipeline->{closure:{closure:Illuminate/Pipeline/Pipeline::carry():184}:185}()
#13 C:/Users/Admin/thalaivaa_api/vendor/laravel/framework/src/Illuminate/Pipeline/Pipeline.php(209): App/Http/Middleware/SecurityHeadersMiddleware->handle()
#14 C:/Users/Admin/thalaivaa_api/vendor/laravel/framework/src/Illuminate/Foundation/Http/Middleware/TransformsRequest.php(21): Illuminate/Pipeline/Pipeline->{closure:{closure:Illuminate/Pipeline/Pipeline::carry():184}:185}()
#15 C:/Users/Admin/thalaivaa_api/vendor/laravel/framework/src/Illuminate/Foundation/Http/Middleware/ConvertEmptyStringsToNull.php(31): Illuminate/Foundation/Http/Middleware/TransformsRequest->handle()
#16 C:/Users/Admin/thalaivaa_api/vendor/laravel/framework/src/Illuminate/Pipeline/Pipeline.php(209): Illuminate/Foundation/Http/Middleware/ConvertEmptyStringsToNull->handle()
#17 C:/Users/Admin/thalaivaa_api/vendor/laravel/framework/src/Illuminate/Foundation/Http/Middleware/TransformsRequest.php(21): Illuminate/Pipeline/Pipeline->{closure:{closure:Illuminate/Pipeline/Pipeline::carry():184}:185}()
#18 C:/Users/Admin/thalaivaa_api/vendor/laravel/framework/src/Illuminate/Foundation/Http/Middleware/TrimStrings.php(51): Illuminate/Foundation/Http/Middleware/TransformsRequest->handle()
#19 C:/Users/Admin/thalaivaa_api/vendor/laravel/framework/src/Illuminate/Pipeline/Pipeline.php(209): Illuminate/Foundation/Http/Middleware/TrimStrings->handle()
#20 C:/Users/Admin/thalaivaa_api/vendor/laravel/framework/src/Illuminate/Http/Middleware/ValidatePostSize.php(27): Illuminate/Pipeline/Pipeline->{closure:{closure:Illuminate/Pipeline/Pipeline::carry():184}:185}()
#21 C:/Users/Admin/thalaivaa_api/vendor/laravel/framework/src/Illuminate/Pipeline/Pipeline.php(209): Illuminate/Http/Middleware/ValidatePostSize->handle()
#22 C:/Users/Admin/thalaivaa_api/vendor/laravel/framework/src/Illuminate/Foundation/Http/Middleware/PreventRequestsDuringMaintenance.php(110): Illuminate/Pipeline/Pipeline->{closure:{closure:Illuminate/Pipeline/Pipeline::carry():184}:185}()
#23 C:/Users/Admin/thalaivaa_api/vendor/laravel/framework/src/Illuminate/Pipeline/Pipeline.php(209): Illuminate/Foundation/Http/Middleware/PreventRequestsDuringMaintenance->handle()
#24 C:/Users/Admin/thalaivaa_api/vendor/laravel/framework/src/Illuminate/Http/Middleware/HandleCors.php(62): Illuminate/Pipeline/Pipeline->{closure:{closure:Illuminate/Pipeline/Pipeline::carry():184}:185}()
#25 C:/Users/Admin/thalaivaa_api/vendor/laravel/framework/src/Illuminate/Pipeline/Pipeline.php(209): Illuminate/Http/Middleware/HandleCors->handle()
#26 C:/Users/Admin/thalaivaa_api/vendor/laravel/framework/src/Illuminate/Http/Middleware/TrustProxies.php(58): Illuminate/Pipeline/Pipeline->{closure:{closure:Illuminate/Pipeline/Pipeline::carry():184}:185}()
#27 C:/Users/Admin/thalaivaa_api/vendor/laravel/framework/src/Illuminate/Pipeline/Pipeline.php(209): Illuminate/Http/Middleware/TrustProxies->handle()
#28 C:/Users/Admin/thalaivaa_api/vendor/laravel/framework/src/Illuminate/Foundation/Http/Middleware/InvokeDeferredCallbacks.php(22): Illuminate/Pipeline/Pipeline->{closure:{closure:Illuminate/Pipeline/Pipeline::carry():184}:185}()
#29 C:/Users/Admin/thalaivaa_api/vendor/laravel/framework/src/Illuminate/Pipeline/Pipeline.php(209): Illuminate/Foundation/Http/Middleware/InvokeDeferredCallbacks->handle()
#30 C:/Users/Admin/thalaivaa_api/vendor/laravel/framework/src/Illuminate/Pipeline/Pipeline.php(127): Illuminate/Pipeline/Pipeline->{closure:{closure:Illuminate/Pipeline/Pipeline::carry():184}:185}()
#31 C:/Users/Admin/thalaivaa_api/vendor/laravel/framework/src/Illuminate/Foundation/Http/Kernel.php(176): Illuminate/Pipeline/Pipeline->then()
#32 C:/Users/Admin/thalaivaa_api/vendor/laravel/framework/src/Illuminate/Foundation/Http/Kernel.php(145): Illuminate/Foundation/Http/Kernel->sendRequestThroughRouter()
#33 C:/Users/Admin/thalaivaa_api/vendor/laravel/framework/src/Illuminate/Foundation/Application.php(1220): Illuminate/Foundation/Http/Kernel->handle()
#34 C:/Users/Admin/thalaivaa_api/public/index.php(17): Illuminate/Foundation/Application->handleRequest()
#35 {main}
"} 
[2026-09-21 12:30:57] local.ERROR: Rate limiter [api] is not defined. {"exception":"[object] (Illuminate\\Routing\\Exceptions\\MissingRateLimiterException(code: 0): Rate limiter [api] is not defined. at C:/Users/Admin/thalaivaa_api/vendor/laravel/framework/src/Illuminate/Routing/Exceptions/MissingRateLimiterException.php:17)
[stacktrace]
#0 C:/Users/Admin/thalaivaa_api/vendor/laravel/framework/src/Illuminate/Routing/Middleware/ThrottleRequests.php(198): Illuminate/Routing/Exceptions/MissingRateLimiterException::forLimiter()
#1 C:/Users/Admin/thalaivaa_api/vendor/laravel/framework/src/Illuminate/Routing/Middleware/ThrottleRequests.php(98): Illuminate/Routing/Middleware/ThrottleRequests->resolveMaxAttempts()
#2 C:/Users/Admin/thalaivaa_api/vendor/laravel/framework/src/Illuminate/Pipeline/Pipeline.php(209): Illuminate/Routing/Middleware/ThrottleRequests->handle()
#3 C:/Users/Admin/thalaivaa_api/vendor/laravel/framework/src/Illuminate/Pipeline/Pipeline.php(127): Illuminate/Pipeline/Pipeline->{closure:{closure:Illuminate/Pipeline/Pipeline::carry():184}:185}()
#4 C:/Users/Admin/thalaivaa_api/vendor/laravel/framework/src/Illuminate/Routing/Router.php(807): Illuminate/Pipeline/Pipeline->then()
#5 C:/Users/Admin/thalaivaa_api/vendor/laravel/framework/src/Illuminate/Routing/Router.php(786): Illuminate/Routing/Router->runRouteWithinStack()
#6 C:/Users/Admin/thalaivaa_api/vendor/laravel/framework/src/Illuminate/Routing/Router.php(750): Illuminate/Routing/Router->runRoute()
#7 C:/Users/Admin/thalaivaa_api/vendor/laravel/framework/src/Illuminate/Routing/Router.php(739): Illuminate/Routing/Router->dispatchToRoute()
#8 C:/Users/Admin/thalaivaa_api/vendor/laravel/framework/src/Illuminate/Foundation/Http/Kernel.php(201): Illuminate/Routing/Router->dispatch()
#9 C:/Users/Admin/thalaivaa_api/vendor/laravel/framework/src/Illuminate/Pipeline/Pipeline.php(170): Illuminate/Foundation/Http/Kernel->{closure:Illuminate/Foundation/Http/Kernel::dispatchToRouter():198}()
#10 C:/Users/Admin/thalaivaa_api/vendor/livewire/livewire/src/Features/SupportDisablingBackButtonCache/DisableBackButtonCacheMiddleware.php(19): Illuminate/Pipeline/Pipeline->{closure:Illuminate/Pipeline/Pipeline::prepareDestination():168}()
#11 C:/Users/Admin/thalaivaa_api/vendor/laravel/framework/src/Illuminate/Pipeline/Pipeline.php(209): Livewire/Features/SupportDisablingBackButtonCache/DisableBackButtonCacheMiddleware->handle()
#12 C:/Users/Admin/thalaivaa_api/app/Http/Middleware/SecurityHeadersMiddleware.php(18): Illuminate/Pipeline/Pipeline->{closure:{closure:Illuminate/Pipeline/Pipeline::carry():184}:185}()
#13 C:/Users/Admin/thalaivaa_api/vendor/laravel/framework/src/Illuminate/Pipeline/Pipeline.php(209): App/Http/Middleware/SecurityHeadersMiddleware->handle()
#14 C:/Users/Admin/thalaivaa_api/vendor/laravel/framework/src/Illuminate/Foundation/Http/Middleware/TransformsRequest.php(21): Illuminate/Pipeline/Pipeline->{closure:{closure:Illuminate/Pipeline/Pipeline::carry():184}:185}()
#15 C:/Users/Admin/thalaivaa_api/vendor/laravel/framework/src/Illuminate/Foundation/Http/Middleware/ConvertEmptyStringsToNull.php(31): Illuminate/Foundation/Http/Middleware/TransformsRequest->handle()
#16 C:/Users/Admin/thalaivaa_api/vendor/laravel/framework/src/Illuminate/Pipeline/Pipeline.php(209): Illuminate/Foundation/Http/Middleware/ConvertEmptyStringsToNull->handle()
#17 C:/Users/Admin/thalaivaa_api/vendor/laravel/framework/src/Illuminate/Foundation/Http/Middleware/TransformsRequest.php(21): Illuminate/Pipeline/Pipeline->{closure:{closure:Illuminate/Pipeline/Pipeline::carry():184}:185}()
#18 C:/Users/Admin/thalaivaa_api/vendor/laravel/framework/src/Illuminate/Foundation/Http/Middleware/TrimStrings.php(51): Illuminate/Foundation/Http/Middleware/TransformsRequest->handle()
#19 C:/Users/Admin/thalaivaa_api/vendor/laravel/framework/src/Illuminate/Pipeline/Pipeline.php(209): Illuminate/Foundation/Http/Middleware/TrimStrings->handle()
#20 C:/Users/Admin/thalaivaa_api/vendor/laravel/framework/src/Illuminate/Http/Middleware/ValidatePostSize.php(27): Illuminate/Pipeline/Pipeline->{closure:{closure:Illuminate/Pipeline/Pipeline::carry():184}:185}()
#21 C:/Users/Admin/thalaivaa_api/vendor/laravel/framework/src/Illuminate/Pipeline/Pipeline.php(209): Illuminate/Http/Middleware/ValidatePostSize->handle()
#22 C:/Users/Admin/thalaivaa_api/vendor/laravel/framework/src/Illuminate/Foundation/Http/Middleware/PreventRequestsDuringMaintenance.php(110): Illuminate/Pipeline/Pipeline->{closure:{closure:Illuminate/Pipeline/Pipeline::carry():184}:185}()
#23 C:/Users/Admin/thalaivaa_api/vendor/laravel/framework/src/Illuminate/Pipeline/Pipeline.php(209): Illuminate/Foundation/Http/Middleware/PreventRequestsDuringMaintenance->handle()
#24 C:/Users/Admin/thalaivaa_api/vendor/laravel/framework/src/Illuminate/Http/Middleware/HandleCors.php(62): Illuminate/Pipeline/Pipeline->{closure:{closure:Illuminate/Pipeline/Pipeline::carry():184}:185}()
#25 C:/Users/Admin/thalaivaa_api/vendor/laravel/framework/src/Illuminate/Pipeline/Pipeline.php(209): Illuminate/Http/Middleware/HandleCors->handle()
#26 C:/Users/Admin/thalaivaa_api/vendor/laravel/framework/src/Illuminate/Http/Middleware/TrustProxies.php(58): Illuminate/Pipeline/Pipeline->{closure:{closure:Illuminate/Pipeline/Pipeline::carry():184}:185}()
#27 C:/Users/Admin/thalaivaa_api/vendor/laravel/framework/src/Illuminate/Pipeline/Pipeline.php(209): Illuminate/Http/Middleware/TrustProxies->handle()
#28 C:/Users/Admin/thalaivaa_api/vendor/laravel/framework/src/Illuminate/Foundation/Http/Middleware/InvokeDeferredCallbacks.php(22): Illuminate/Pipeline/Pipeline->{closure:{closure:Illuminate/Pipeline/Pipeline::carry():184}:185}()
#29 C:/Users/Admin/thalaivaa_api/vendor/laravel/framework/src/Illuminate/Pipeline/Pipeline.php(209): Illuminate/Foundation/Http/Middleware/InvokeDeferredCallbacks->handle()
#30 C:/Users/Admin/thalaivaa_api/vendor/laravel/framework/src/Illuminate/Pipeline/Pipeline.php(127): Illuminate/Pipeline/Pipeline->{closure:{closure:Illuminate/Pipeline/Pipeline::carry():184}:185}()
#31 C:/Users/Admin/thalaivaa_api/vendor/laravel/framework/src/Illuminate/Foundation/Http/Kernel.php(176): Illuminate/Pipeline/Pipeline->then()
#32 C:/Users/Admin/thalaivaa_api/vendor/laravel/framework/src/Illuminate/Foundation/Http/Kernel.php(145): Illuminate/Foundation/Http/Kernel->sendRequestThroughRouter()
#33 C:/Users/Admin/thalaivaa_api/vendor/laravel/framework/src/Illuminate/Foundation/Application.php(1220): Illuminate/Foundation/Http/Kernel->handle()
#34 C:/Users/Admin/thalaivaa_api/public/index.php(17): Illuminate/Foundation/Application->handleRequest()
#35 {main}
"} 
[2026-09-21 12:30:58] local.ERROR: Rate limiter [api] is not defined. {"exception":"[object] (Illuminate\\Routing\\Exceptions\\MissingRateLimiterException(code: 0): Rate limiter [api] is not defined. at C:/Users/Admin/thalaivaa_api/vendor/laravel/framework/src/Illuminate/Routing/Exceptions/MissingRateLimiterException.php:17)
[stacktrace]
#0 C:/Users/Admin/thalaivaa_api/vendor/laravel/framework/src/Illuminate/Routing/Middleware/ThrottleRequests.php(198): Illuminate/Routing/Exceptions/MissingRateLimiterException::forLimiter()
#1 C:/Users/Admin/thalaivaa_api/vendor/laravel/framework/src/Illuminate/Routing/Middleware/ThrottleRequests.php(98): Illuminate/Routing/Middleware/ThrottleRequests->resolveMaxAttempts()
#2 C:/Users/Admin/thalaivaa_api/vendor/laravel/framework/src/Illuminate/Pipeline/Pipeline.php(209): Illuminate/Routing/Middleware/ThrottleRequests->handle()
#3 C:/Users/Admin/thalaivaa_api/vendor/laravel/framework/src/Illuminate/Pipeline/Pipeline.php(127): Illuminate/Pipeline/Pipeline->{closure:{closure:Illuminate/Pipeline/Pipeline::carry():184}:185}()
#4 C:/Users/Admin/thalaivaa_api/vendor/laravel/framework/src/Illuminate/Routing/Router.php(807): Illuminate/Pipeline/Pipeline->then()
#5 C:/Users/Admin/thalaivaa_api/vendor/laravel/framework/src/Illuminate/Routing/Router.php(786): Illuminate/Routing/Router->runRouteWithinStack()
#6 C:/Users/Admin/thalaivaa_api/vendor/laravel/framework/src/Illuminate/Routing/Router.php(750): Illuminate/Routing/Router->runRoute()
#7 C:/Users/Admin/thalaivaa_api/vendor/laravel/framework/src/Illuminate/Routing/Router.php(739): Illuminate/Routing/Router->dispatchToRoute()
#8 C:/Users/Admin/thalaivaa_api/vendor/laravel/framework/src/Illuminate/Foundation/Http/Kernel.php(201): Illuminate/Routing/Router->dispatch()
#9 C:/Users/Admin/thalaivaa_api/vendor/laravel/framework/src/Illuminate/Pipeline/Pipeline.php(170): Illuminate/Foundation/Http/Kernel->{closure:Illuminate/Foundation/Http/Kernel::dispatchToRouter():198}()
#10 C:/Users/Admin/thalaivaa_api/vendor/livewire/livewire/src/Features/SupportDisablingBackButtonCache/DisableBackButtonCacheMiddleware.php(19): Illuminate/Pipeline/Pipeline->{closure:Illuminate/Pipeline/Pipeline::prepareDestination():168}()
#11 C:/Users/Admin/thalaivaa_api/vendor/laravel/framework/src/Illuminate/Pipeline/Pipeline.php(209): Livewire/Features/SupportDisablingBackButtonCache/DisableBackButtonCacheMiddleware->handle()
#12 C:/Users/Admin/thalaivaa_api/app/Http/Middleware/SecurityHeadersMiddleware.php(18): Illuminate/Pipeline/Pipeline->{closure:{closure:Illuminate/Pipeline/Pipeline::carry():184}:185}()
#13 C:/Users/Admin/thalaivaa_api/vendor/laravel/framework/src/Illuminate/Pipeline/Pipeline.php(209): App/Http/Middleware/SecurityHeadersMiddleware->handle()
#14 C:/Users/Admin/thalaivaa_api/vendor/laravel/framework/src/Illuminate/Foundation/Http/Middleware/TransformsRequest.php(21): Illuminate/Pipeline/Pipeline->{closure:{closure:Illuminate/Pipeline/Pipeline::carry():184}:185}()
#15 C:/Users/Admin/thalaivaa_api/vendor/laravel/framework/src/Illuminate/Foundation/Http/Middleware/ConvertEmptyStringsToNull.php(31): Illuminate/Foundation/Http/Middleware/TransformsRequest->handle()
#16 C:/Users/Admin/thalaivaa_api/vendor/laravel/framework/src/Illuminate/Pipeline/Pipeline.php(209): Illuminate/Foundation/Http/Middleware/ConvertEmptyStringsToNull->handle()
#17 C:/Users/Admin/thalaivaa_api/vendor/laravel/framework/src/Illuminate/Foundation/Http/Middleware/TransformsRequest.php(21): Illuminate/Pipeline/Pipeline->{closure:{closure:Illuminate/Pipeline/Pipeline::carry():184}:185}()
#18 C:/Users/Admin/thalaivaa_api/vendor/laravel/framework/src/Illuminate/Foundation/Http/Middleware/TrimStrings.php(51): Illuminate/Foundation/Http/Middleware/TransformsRequest->handle()
#19 C:/Users/Admin/thalaivaa_api/vendor/laravel/framework/src/Illuminate/Pipeline/Pipeline.php(209): Illuminate/Foundation/Http/Middleware/TrimStrings->handle()
#20 C:/Users/Admin/thalaivaa_api/vendor/laravel/framework/src/Illuminate/Http/Middleware/ValidatePostSize.php(27): Illuminate/Pipeline/Pipeline->{closure:{closure:Illuminate/Pipeline/Pipeline::carry():184}:185}()
#21 C:/Users/Admin/thalaivaa_api/vendor/laravel/framework/src/Illuminate/Pipeline/Pipeline.php(209): Illuminate/Http/Middleware/ValidatePostSize->handle()
#22 C:/Users/Admin/thalaivaa_api/vendor/laravel/framework/src/Illuminate/Foundation/Http/Middleware/PreventRequestsDuringMaintenance.php(110): Illuminate/Pipeline/Pipeline->{closure:{closure:Illuminate/Pipeline/Pipeline::carry():184}:185}()
#23 C:/Users/Admin/thalaivaa_api/vendor/laravel/framework/src/Illuminate/Pipeline/Pipeline.php(209): Illuminate/Foundation/Http/Middleware/PreventRequestsDuringMaintenance->handle()
#24 C:/Users/Admin/thalaivaa_api/vendor/laravel/framework/src/Illuminate/Http/Middleware/HandleCors.php(62): Illuminate/Pipeline/Pipeline->{closure:{closure:Illuminate/Pipeline/Pipeline::carry():184}:185}()
#25 C:/Users/Admin/thalaivaa_api/vendor/laravel/framework/src/Illuminate/Pipeline/Pipeline.php(209): Illuminate/Http/Middleware/HandleCors->handle()
#26 C:/Users/Admin/thalaivaa_api/vendor/laravel/framework/src/Illuminate/Http/Middleware/TrustProxies.php(58): Illuminate/Pipeline/Pipeline->{closure:{closure:Illuminate/Pipeline/Pipeline::carry():184}:185}()
#27 C:/Users/Admin/thalaivaa_api/vendor/laravel/framework/src/Illuminate/Pipeline/Pipeline.php(209): Illuminate/Http/Middleware/TrustProxies->handle()
#28 C:/Users/Admin/thalaivaa_api/vendor/laravel/framework/src/Illuminate/Foundation/Http/Middleware/InvokeDeferredCallbacks.php(22): Illuminate/Pipeline/Pipeline->{closure:{closure:Illuminate/Pipeline/Pipeline::carry():184}:185}()
#29 C:/Users/Admin/thalaivaa_api/vendor/laravel/framework/src/Illuminate/Pipeline/Pipeline.php(209): Illuminate/Foundation/Http/Middleware/InvokeDeferredCallbacks->handle()
#30 C:/Users/Admin/thalaivaa_api/vendor/laravel/framework/src/Illuminate/Pipeline/Pipeline.php(127): Illuminate/Pipeline/Pipeline->{closure:{closure:Illuminate/Pipeline/Pipeline::carry():184}:185}()
#31 C:/Users/Admin/thalaivaa_api/vendor/laravel/framework/src/Illuminate/Foundation/Http/Kernel.php(176): Illuminate/Pipeline/Pipeline->then()
#32 C:/Users/Admin/thalaivaa_api/vendor/laravel/framework/src/Illuminate/Foundation/Http/Kernel.php(145): Illuminate/Foundation/Http/Kernel->sendRequestThroughRouter()
#33 C:/Users/Admin/thalaivaa_api/vendor/laravel/framework/src/Illuminate/Foundation/Application.php(1220): Illuminate/Foundation/Http/Kernel->handle()
#34 C:/Users/Admin/thalaivaa_api/public/index.php(17): Illuminate/Foundation/Application->handleRequest()
#35 {main}
"} 
[2026-09-24 18:52:44] local.ERROR: SQLSTATE[42P01]: Undefined table: 7 ERROR:  relation "orders" does not exist (Connection: pgsql, SQL: ALTER TABLE orders ADD CONSTRAINT chk_total_computed CHECK (total_amount = subtotal + tax_amount - discount_amount + delivery_charge)) {"exception":"[object] (Illuminate\\Database\\QueryException(code: 42P01): SQLSTATE[42P01]: Undefined table: 7 ERROR:  relation \"orders\" does not exist (Connection: pgsql, SQL: ALTER TABLE orders ADD CONSTRAINT chk_total_computed CHECK (total_amount = subtotal + tax_amount - discount_amount + delivery_charge)) at C:/Users/Admin/thalaivaa_api/vendor/laravel/framework/src/Illuminate/Database/Connection.php:825)
[stacktrace]
#0 C:/Users/Admin/thalaivaa_api/vendor/laravel/framework/src/Illuminate/Database/Connection.php(779): Illuminate/Database/Connection->runQueryCallback()
#1 C:/Users/Admin/thalaivaa_api/vendor/laravel/framework/src/Illuminate/Database/Connection.php(560): Illuminate/Database/Connection->run()
#2 C:/Users/Admin/thalaivaa_api/vendor/laravel/framework/src/Illuminate/Database/DatabaseManager.php(495): Illuminate/Database/Connection->statement()
#3 C:/Users/Admin/thalaivaa_api/vendor/laravel/framework/src/Illuminate/Support/Facades/Facade.php(361): Illuminate/Database/DatabaseManager->__call()
#4 C:/Users/Admin/thalaivaa_api/database/migrations/2026_09_10_171100_create_core_phase2_tables.php(36): Illuminate/Support/Facades/Facade::__callStatic()
#5 C:/Users/Admin/thalaivaa_api/vendor/laravel/framework/src/Illuminate/Database/Schema/Builder.php(421): Illuminate/Database/Migrations/Migration@anonymous->{closure:Illuminate/Database/Migrations/Migration@anonymous()
#6 C:/Users/Admin/thalaivaa_api/vendor/laravel/framework/src/Illuminate/Support/helpers.php(399): Illuminate/Database/Schema/Builder->{closure:Illuminate/Database/Schema/Builder::create():418}()
#7 C:/Users/Admin/thalaivaa_api/vendor/laravel/framework/src/Illuminate/Database/Schema/Builder.php(418): tap()
#8 C:/Users/Admin/thalaivaa_api/vendor/laravel/framework/src/Illuminate/Support/Facades/Facade.php(361): Illuminate/Database/Schema/Builder->create()
#9 C:/Users/Admin/thalaivaa_api/database/migrations/2026_09_10_171100_create_core_phase2_tables.php(10): Illuminate/Support/Facades/Facade::__callStatic()
#10 C:/Users/Admin/thalaivaa_api/vendor/laravel/framework/src/Illuminate/Database/Migrations/Migrator.php(507): Illuminate/Database/Migrations/Migration@anonymous->up()
#11 C:/Users/Admin/thalaivaa_api/vendor/laravel/framework/src/Illuminate/Database/Migrations/Migrator.php(432): Illuminate/Database/Migrations/Migrator->runMethod()
#12 C:/Users/Admin/thalaivaa_api/vendor/laravel/framework/src/Illuminate/Database/Concerns/ManagesTransactions.php(32): Illuminate/Database/Migrations/Migrator->{closure:Illuminate/Database/Migrations/Migrator::runMigration():428}()
#13 C:/Users/Admin/thalaivaa_api/vendor/laravel/framework/src/Illuminate/Database/Migrations/Migrator.php(440): Illuminate/Database/Connection->transaction()
#14 C:/Users/Admin/thalaivaa_api/vendor/laravel/framework/src/Illuminate/Database/Migrations/Migrator.php(244): Illuminate/Database/Migrations/Migrator->runMigration()
#15 C:/Users/Admin/thalaivaa_api/vendor/laravel/framework/src/Illuminate/Console/View/Components/Task.php(40): Illuminate/Database/Migrations/Migrator->{closure:Illuminate/Database/Migrations/Migrator::runUp():244}()
#16 C:/Users/Admin/thalaivaa_api/vendor/laravel/framework/src/Illuminate/Database/Migrations/Migrator.php(798): Illuminate/Console/View/Components/Task->render()
#17 C:/Users/Admin/thalaivaa_api/vendor/laravel/framework/src/Illuminate/Database/Migrations/Migrator.php(244): Illuminate/Database/Migrations/Migrator->write()
#18 C:/Users/Admin/thalaivaa_api/vendor/laravel/framework/src/Illuminate/Database/Migrations/Migrator.php(211): Illuminate/Database/Migrations/Migrator->runUp()
#19 C:/Users/Admin/thalaivaa_api/vendor/laravel/framework/src/Illuminate/Database/Migrations/Migrator.php(138): Illuminate/Database/Migrations/Migrator->runPending()
#20 C:/Users/Admin/thalaivaa_api/vendor/laravel/framework/src/Illuminate/Database/Console/Migrations/MigrateCommand.php(117): Illuminate/Database/Migrations/Migrator->run()
#21 C:/Users/Admin/thalaivaa_api/vendor/laravel/framework/src/Illuminate/Database/Migrations/Migrator.php(658): Illuminate/Database/Console/Migrations/MigrateCommand->{closure:Illuminate/Database/Console/Migrations/MigrateCommand::runMigrations():110}()
#22 C:/Users/Admin/thalaivaa_api/vendor/laravel/framework/src/Illuminate/Database/Console/Migrations/MigrateCommand.php(110): Illuminate/Database/Migrations/Migrator->usingConnection()
#23 C:/Users/Admin/thalaivaa_api/vendor/laravel/framework/src/Illuminate/Database/Console/Migrations/MigrateCommand.php(89): Illuminate/Database/Console/Migrations/MigrateCommand->runMigrations()
#24 C:/Users/Admin/thalaivaa_api/vendor/laravel/framework/src/Illuminate/Container/BoundMethod.php(36): Illuminate/Database/Console/Migrations/MigrateCommand->handle()
#25 C:/Users/Admin/thalaivaa_api/vendor/laravel/framework/src/Illuminate/Container/Util.php(43): Illuminate/Container/BoundMethod::{closure:Illuminate/Container/BoundMethod::call():35}()
#26 C:/Users/Admin/thalaivaa_api/vendor/laravel/framework/src/Illuminate/Container/BoundMethod.php(95): Illuminate/Container/Util::unwrapIfClosure()
#27 C:/Users/Admin/thalaivaa_api/vendor/laravel/framework/src/Illuminate/Container/BoundMethod.php(35): Illuminate/Container/BoundMethod::callBoundMethod()
#28 C:/Users/Admin/thalaivaa_api/vendor/laravel/framework/src/Illuminate/Container/Container.php(696): Illuminate/Container/BoundMethod::call()
#29 C:/Users/Admin/thalaivaa_api/vendor/laravel/framework/src/Illuminate/Console/Command.php(213): Illuminate/Container/Container->call()
#30 C:/Users/Admin/thalaivaa_api/vendor/symfony/console/Command/Command.php(341): Illuminate/Console/Command->execute()
#31 C:/Users/Admin/thalaivaa_api/vendor/laravel/framework/src/Illuminate/Console/Command.php(182): Symfony/Component/Console/Command/Command->run()
#32 C:/Users/Admin/thalaivaa_api/vendor/laravel/framework/src/Illuminate/Console/Concerns/CallsCommands.php(68): Illuminate/Console/Command->run()
#33 C:/Users/Admin/thalaivaa_api/vendor/laravel/framework/src/Illuminate/Console/Concerns/CallsCommands.php(29): Illuminate/Console/Command->runCommand()
#34 C:/Users/Admin/thalaivaa_api/vendor/laravel/framework/src/Illuminate/Database/Console/Migrations/FreshCommand.php(82): Illuminate/Console/Command->call()
#35 C:/Users/Admin/thalaivaa_api/vendor/laravel/framework/src/Illuminate/Container/BoundMethod.php(36): Illuminate/Database/Console/Migrations/FreshCommand->handle()
#36 C:/Users/Admin/thalaivaa_api/vendor/laravel/framework/src/Illuminate/Container/Util.php(43): Illuminate/Container/BoundMethod::{closure:Illuminate/Container/BoundMethod::call():35}()
#37 C:/Users/Admin/thalaivaa_api/vendor/laravel/framework/src/Illuminate/Container/BoundMethod.php(95): Illuminate/Container/Util::unwrapIfClosure()
#38 C:/Users/Admin/thalaivaa_api/vendor/laravel/framework/src/Illuminate/Container/BoundMethod.php(35): Illuminate/Container/BoundMethod::callBoundMethod()
#39 C:/Users/Admin/thalaivaa_api/vendor/laravel/framework/src/Illuminate/Container/Container.php(696): Illuminate/Container/BoundMethod::call()
#40 C:/Users/Admin/thalaivaa_api/vendor/laravel/framework/src/Illuminate/Console/Command.php(213): Illuminate/Container/Container->call()
#41 C:/Users/Admin/thalaivaa_api/vendor/symfony/console/Command/Command.php(341): Illuminate/Console/Command->execute()
#42 C:/Users/Admin/thalaivaa_api/vendor/laravel/framework/src/Illuminate/Console/Command.php(182): Symfony/Component/Console/Command/Command->run()
#43 C:/Users/Admin/thalaivaa_api/vendor/symfony/console/Application.php(1117): Illuminate/Console/Command->run()
#44 C:/Users/Admin/thalaivaa_api/vendor/symfony/console/Application.php(356): Symfony/Component/Console/Application->doRunCommand()
#45 C:/Users/Admin/thalaivaa_api/vendor/symfony/console/Application.php(195): Symfony/Component/Console/Application->doRun()
#46 C:/Users/Admin/thalaivaa_api/vendor/laravel/framework/src/Illuminate/Console/Application.php(166): Symfony/Component/Console/Application->run()
#47 C:/Users/Admin/thalaivaa_api/vendor/laravel/framework/src/Illuminate/Foundation/Console/Kernel.php(427): Illuminate/Console/Application->call()
#48 C:/Users/Admin/thalaivaa_api/vendor/laravel/framework/src/Illuminate/Support/Facades/Facade.php(361): Illuminate/Foundation/Console/Kernel->call()
#49 C:/Users/Admin/.gemini/antigravity-ide/brain/c1475dd5-fb36-4d8e-a7ee-731de24a7fa5/scratch/run_pg_migrations.php(16): Illuminate/Support/Facades/Facade::__callStatic()
#50 {main}

[previous exception] [object] (PDOException(code: 42P01): SQLSTATE[42P01]: Undefined table: 7 ERROR:  relation \"orders\" does not exist at C:/Users/Admin/thalaivaa_api/vendor/laravel/framework/src/Illuminate/Database/Connection.php:571)
[stacktrace]
#0 C:/Users/Admin/thalaivaa_api/vendor/laravel/framework/src/Illuminate/Database/Connection.php(571): PDOStatement->execute()
#1 C:/Users/Admin/thalaivaa_api/vendor/laravel/framework/src/Illuminate/Database/Connection.php(812): Illuminate/Database/Connection->{closure:Illuminate/Database/Connection::statement():560}()
#2 C:/Users/Admin/thalaivaa_api/vendor/laravel/framework/src/Illuminate/Database/Connection.php(779): Illuminate/Database/Connection->runQueryCallback()
#3 C:/Users/Admin/thalaivaa_api/vendor/laravel/framework/src/Illuminate/Database/Connection.php(560): Illuminate/Database/Connection->run()
#4 C:/Users/Admin/thalaivaa_api/vendor/laravel/framework/src/Illuminate/Database/DatabaseManager.php(495): Illuminate/Database/Connection->statement()
#5 C:/Users/Admin/thalaivaa_api/vendor/laravel/framework/src/Illuminate/Support/Facades/Facade.php(361): Illuminate/Database/DatabaseManager->__call()
#6 C:/Users/Admin/thalaivaa_api/database/migrations/2026_09_10_171100_create_core_phase2_tables.php(36): Illuminate/Support/Facades/Facade::__callStatic()
#7 C:/Users/Admin/thalaivaa_api/vendor/laravel/framework/src/Illuminate/Database/Schema/Builder.php(421): Illuminate/Database/Migrations/Migration@anonymous->{closure:Illuminate/Database/Migrations/Migration@anonymous()
#8 C:/Users/Admin/thalaivaa_api/vendor/laravel/framework/src/Illuminate/Support/helpers.php(399): Illuminate/Database/Schema/Builder->{closure:Illuminate/Database/Schema/Builder::create():418}()
#9 C:/Users/Admin/thalaivaa_api/vendor/laravel/framework/src/Illuminate/Database/Schema/Builder.php(418): tap()
#10 C:/Users/Admin/thalaivaa_api/vendor/laravel/framework/src/Illuminate/Support/Facades/Facade.php(361): Illuminate/Database/Schema/Builder->create()
#11 C:/Users/Admin/thalaivaa_api/database/migrations/2026_09_10_171100_create_core_phase2_tables.php(10): Illuminate/Support/Facades/Facade::__callStatic()
#12 C:/Users/Admin/thalaivaa_api/vendor/laravel/framework/src/Illuminate/Database/Migrations/Migrator.php(507): Illuminate/Database/Migrations/Migration@anonymous->up()
#13 C:/Users/Admin/thalaivaa_api/vendor/laravel/framework/src/Illuminate/Database/Migrations/Migrator.php(432): Illuminate/Database/Migrations/Migrator->runMethod()
#14 C:/Users/Admin/thalaivaa_api/vendor/laravel/framework/src/Illuminate/Database/Concerns/ManagesTransactions.php(32): Illuminate/Database/Migrations/Migrator->{closure:Illuminate/Database/Migrations/Migrator::runMigration():428}()
#15 C:/Users/Admin/thalaivaa_api/vendor/laravel/framework/src/Illuminate/Database/Migrations/Migrator.php(440): Illuminate/Database/Connection->transaction()
#16 C:/Users/Admin/thalaivaa_api/vendor/laravel/framework/src/Illuminate/Database/Migrations/Migrator.php(244): Illuminate/Database/Migrations/Migrator->runMigration()
#17 C:/Users/Admin/thalaivaa_api/vendor/laravel/framework/src/Illuminate/Console/View/Components/Task.php(40): Illuminate/Database/Migrations/Migrator->{closure:Illuminate/Database/Migrations/Migrator::runUp():244}()
#18 C:/Users/Admin/thalaivaa_api/vendor/laravel/framework/src/Illuminate/Database/Migrations/Migrator.php(798): Illuminate/Console/View/Components/Task->render()
#19 C:/Users/Admin/thalaivaa_api/vendor/laravel/framework/src/Illuminate/Database/Migrations/Migrator.php(244): Illuminate/Database/Migrations/Migrator->write()
#20 C:/Users/Admin/thalaivaa_api/vendor/laravel/framework/src/Illuminate/Database/Migrations/Migrator.php(211): Illuminate/Database/Migrations/Migrator->runUp()
#21 C:/Users/Admin/thalaivaa_api/vendor/laravel/framework/src/Illuminate/Database/Migrations/Migrator.php(138): Illuminate/Database/Migrations/Migrator->runPending()
#22 C:/Users/Admin/thalaivaa_api/vendor/laravel/framework/src/Illuminate/Database/Console/Migrations/MigrateCommand.php(117): Illuminate/Database/Migrations/Migrator->run()
#23 C:/Users/Admin/thalaivaa_api/vendor/laravel/framework/src/Illuminate/Database/Migrations/Migrator.php(658): Illuminate/Database/Console/Migrations/MigrateCommand->{closure:Illuminate/Database/Console/Migrations/MigrateCommand::runMigrations():110}()
#24 C:/Users/Admin/thalaivaa_api/vendor/laravel/framework/src/Illuminate/Database/Console/Migrations/MigrateCommand.php(110): Illuminate/Database/Migrations/Migrator->usingConnection()
#25 C:/Users/Admin/thalaivaa_api/vendor/laravel/framework/src/Illuminate/Database/Console/Migrations/MigrateCommand.php(89): Illuminate/Database/Console/Migrations/MigrateCommand->runMigrations()
#26 C:/Users/Admin/thalaivaa_api/vendor/laravel/framework/src/Illuminate/Container/BoundMethod.php(36): Illuminate/Database/Console/Migrations/MigrateCommand->handle()
#27 C:/Users/Admin/thalaivaa_api/vendor/laravel/framework/src/Illuminate/Container/Util.php(43): Illuminate/Container/BoundMethod::{closure:Illuminate/Container/BoundMethod::call():35}()
#28 C:/Users/Admin/thalaivaa_api/vendor/laravel/framework/src/Illuminate/Container/BoundMethod.php(95): Illuminate/Container/Util::unwrapIfClosure()
#29 C:/Users/Admin/thalaivaa_api/vendor/laravel/framework/src/Illuminate/Container/BoundMethod.php(35): Illuminate/Container/BoundMethod::callBoundMethod()
#30 C:/Users/Admin/thalaivaa_api/vendor/laravel/framework/src/Illuminate/Container/Container.php(696): Illuminate/Container/BoundMethod::call()
#31 C:/Users/Admin/thalaivaa_api/vendor/laravel/framework/src/Illuminate/Console/Command.php(213): Illuminate/Container/Container->call()
#32 C:/Users/Admin/thalaivaa_api/vendor/symfony/console/Command/Command.php(341): Illuminate/Console/Command->execute()
#33 C:/Users/Admin/thalaivaa_api/vendor/laravel/framework/src/Illuminate/Console/Command.php(182): Symfony/Component/Console/Command/Command->run()
#34 C:/Users/Admin/thalaivaa_api/vendor/laravel/framework/src/Illuminate/Console/Concerns/CallsCommands.php(68): Illuminate/Console/Command->run()
#35 C:/Users/Admin/thalaivaa_api/vendor/laravel/framework/src/Illuminate/Console/Concerns/CallsCommands.php(29): Illuminate/Console/Command->runCommand()
#36 C:/Users/Admin/thalaivaa_api/vendor/laravel/framework/src/Illuminate/Database/Console/Migrations/FreshCommand.php(82): Illuminate/Console/Command->call()
#37 C:/Users/Admin/thalaivaa_api/vendor/laravel/framework/src/Illuminate/Container/BoundMethod.php(36): Illuminate/Database/Console/Migrations/FreshCommand->handle()
#38 C:/Users/Admin/thalaivaa_api/vendor/laravel/framework/src/Illuminate/Container/Util.php(43): Illuminate/Container/BoundMethod::{closure:Illuminate/Container/BoundMethod::call():35}()
#39 C:/Users/Admin/thalaivaa_api/vendor/laravel/framework/src/Illuminate/Container/BoundMethod.php(95): Illuminate/Container/Util::unwrapIfClosure()
#40 C:/Users/Admin/thalaivaa_api/vendor/laravel/framework/src/Illuminate/Container/BoundMethod.php(35): Illuminate/Container/BoundMethod::callBoundMethod()
#41 C:/Users/Admin/thalaivaa_api/vendor/laravel/framework/src/Illuminate/Container/Container.php(696): Illuminate/Container/BoundMethod::call()
#42 C:/Users/Admin/thalaivaa_api/vendor/laravel/framework/src/Illuminate/Console/Command.php(213): Illuminate/Container/Container->call()
#43 C:/Users/Admin/thalaivaa_api/vendor/symfony/console/Command/Command.php(341): Illuminate/Console/Command->execute()
#44 C:/Users/Admin/thalaivaa_api/vendor/laravel/framework/src/Illuminate/Console/Command.php(182): Symfony/Component/Console/Command/Command->run()
#45 C:/Users/Admin/thalaivaa_api/vendor/symfony/console/Application.php(1117): Illuminate/Console/Command->run()
#46 C:/Users/Admin/thalaivaa_api/vendor/symfony/console/Application.php(356): Symfony/Component/Console/Application->doRunCommand()
#47 C:/Users/Admin/thalaivaa_api/vendor/symfony/console/Application.php(195): Symfony/Component/Console/Application->doRun()
#48 C:/Users/Admin/thalaivaa_api/vendor/laravel/framework/src/Illuminate/Console/Application.php(166): Symfony/Component/Console/Application->run()
#49 C:/Users/Admin/thalaivaa_api/vendor/laravel/framework/src/Illuminate/Foundation/Console/Kernel.php(427): Illuminate/Console/Application->call()
#50 C:/Users/Admin/thalaivaa_api/vendor/laravel/framework/src/Illuminate/Support/Facades/Facade.php(361): Illuminate/Foundation/Console/Kernel->call()
#51 C:/Users/Admin/.gemini/antigravity-ide/brain/c1475dd5-fb36-4d8e-a7ee-731de24a7fa5/scratch/run_pg_migrations.php(16): Illuminate/Support/Facades/Facade::__callStatic()
#52 {main}
"} 
